decider,state_id,task_id,reference,n,accuracy,accuracy_lenient,modal_choice,consistency,n_distinct_choices
cascade-kev-4b-t0.9,0/t0/turn0,0,respond_to_user,1,1.0,1.0,respond_to_user,1.0,1
cascade-kev-4b-t0.9,0/t0/turn1,0,get_reservation_details,1,1.0,1.0,get_reservation_details,1.0,1
cascade-kev-4b-t0.9,0/t0/turn2,0,respond_to_user,2,0.5,0.5,transfer_to_human_agents,0.5,2
cascade-kev-4b-t0.9,0/t0/turn3,0,transfer_to_human_agents,4,0.0,0.0,respond_to_user,1.0,1
cascade-kev-4b-t0.9,0/t0/turn4,0,respond_to_user,1,1.0,1.0,respond_to_user,1.0,1
cascade-kev-4b-t0.9,0/t1/turn1,0,get_user_details,1,0.0,0.0,get_reservation_details,1.0,1
cascade-kev-4b-t0.9,0/t2/turn0,0,respond_to_user,1,1.0,1.0,respond_to_user,1.0,1
cascade-kev-4b-t0.9,0/t2/turn1,0,get_user_details,2,0.0,0.0,get_reservation_details,1.0,1
cascade-kev-4b-t0.9,0/t2/turn2,0,get_reservation_details,2,1.0,1.0,get_reservation_details,1.0,1
cascade-kev-4b-t0.9,0/t2/turn3,0,get_flight_status,1,0.0,0.0,respond_to_user,1.0,1
cascade-kev-4b-t0.9,0/t2/turn4,0,respond_to_user,1,1.0,1.0,respond_to_user,1.0,1
cascade-kev-4b-t0.9,1/t0/turn1,1,get_user_details,1,1.0,1.0,get_user_details,1.0,1
cascade-kev-4b-t0.9,1/t0/turn12,1,respond_to_user,1,1.0,1.0,respond_to_user,1.0,1
cascade-kev-4b-t0.9,1/t0/turn2,1,get_reservation_details,1,1.0,1.0,get_reservation_details,1.0,1
cascade-kev-4b-t0.9,1/t0/turn3,1,get_reservation_details,1,1.0,1.0,get_reservation_details,1.0,1
cascade-kev-4b-t0.9,1/t0/turn4,1,get_reservation_details,1,0.0,0.0,respond_to_user,1.0,1
cascade-kev-4b-t0.9,1/t0/turn5,1,get_reservation_details,3,0.0,0.0,respond_to_user,0.6666666666666666,2
cascade-kev-4b-t0.9,1/t0/turn6,1,get_reservation_details,1,0.0,0.0,respond_to_user,1.0,1
cascade-kev-4b-t0.9,1/t0/turn7,1,get_flight_status,1,0.0,0.0,transfer_to_human_agents,1.0,1
cascade-kev-4b-t0.9,1/t0/turn8,1,get_flight_status,1,0.0,0.0,transfer_to_human_agents,1.0,1
cascade-kev-4b-t0.9,1/t1/turn0,1,respond_to_user,4,1.0,1.0,respond_to_user,1.0,1
cascade-kev-4b-t0.9,1/t1/turn1,1,get_user_details,1,1.0,1.0,get_user_details,1.0,1
cascade-kev-4b-t0.9,1/t1/turn10,1,get_flight_status,2,0.0,0.0,respond_to_user,1.0,1
cascade-kev-4b-t0.9,1/t1/turn2,1,get_reservation_details,1,0.0,0.0,respond_to_user,1.0,1
cascade-kev-4b-t0.9,1/t1/turn3,1,get_reservation_details,1,1.0,1.0,get_reservation_details,1.0,1
cascade-kev-4b-t0.9,1/t1/turn4,1,get_reservation_details,2,0.5,0.5,respond_to_user,0.5,2
cascade-kev-4b-t0.9,1/t1/turn5,1,get_reservation_details,1,1.0,1.0,get_reservation_details,1.0,1
cascade-kev-4b-t0.9,1/t1/turn6,1,get_reservation_details,1,1.0,1.0,get_reservation_details,1.0,1
cascade-kev-4b-t0.9,1/t1/turn7,1,respond_to_user,2,0.0,0.0,transfer_to_human_agents,1.0,1
cascade-kev-4b-t0.9,1/t1/turn8,1,get_flight_status,1,0.0,0.0,respond_to_user,1.0,1
cascade-kev-4b-t0.9,1/t1/turn9,1,get_flight_status,1,0.0,0.0,respond_to_user,1.0,1
cascade-kev-4b-t0.9,1/t2/turn0,1,respond_to_user,2,1.0,1.0,respond_to_user,1.0,1
cascade-kev-4b-t0.9,1/t2/turn1,1,get_user_details,2,1.0,1.0,get_user_details,1.0,1
cascade-kev-4b-t0.9,1/t2/turn2,1,get_reservation_details,1,0.0,0.0,respond_to_user,1.0,1
cascade-kev-4b-t0.9,1/t2/turn3,1,get_reservation_details,1,0.0,0.0,respond_to_user,1.0,1
cascade-kev-4b-t0.9,1/t2/turn4,1,get_reservation_details,1,1.0,1.0,get_reservation_details,1.0,1
cascade-kev-4b-t0.9,1/t2/turn6,1,get_reservation_details,4,0.25,0.25,respond_to_user,0.75,2
cascade-kev-4b-t0.9,10/t0/turn1,10,get_user_details,2,1.0,1.0,get_user_details,1.0,1
cascade-kev-4b-t0.9,10/t0/turn10,10,respond_to_user,3,1.0,1.0,respond_to_user,1.0,1
cascade-kev-4b-t0.9,10/t0/turn11,10,respond_to_user,1,1.0,1.0,respond_to_user,1.0,1
cascade-kev-4b-t0.9,10/t0/turn3,10,search_onestop_flight,1,0.0,0.0,respond_to_user,1.0,1
cascade-kev-4b-t0.9,10/t0/turn5,10,search_direct_flight,1,0.0,0.0,respond_to_user,1.0,1
cascade-kev-4b-t0.9,10/t0/turn6,10,search_direct_flight,4,0.0,0.0,respond_to_user,1.0,1
cascade-kev-4b-t0.9,10/t0/turn7,10,respond_to_user,2,1.0,1.0,respond_to_user,1.0,1
cascade-kev-4b-t0.9,10/t0/turn8,10,respond_to_user,1,1.0,1.0,respond_to_user,1.0,1
cascade-kev-4b-t0.9,10/t1/turn1,10,get_user_details,1,1.0,1.0,get_user_details,1.0,1
cascade-kev-4b-t0.9,10/t1/turn2,10,get_reservation_details,1,1.0,1.0,get_reservation_details,1.0,1
cascade-kev-4b-t0.9,10/t1/turn3,10,respond_to_user,1,0.0,0.0,search_direct_flight,1.0,1
cascade-kev-4b-t0.9,10/t1/turn4,10,search_direct_flight,4,0.25,0.25,search_onestop_flight,0.5,3
cascade-kev-4b-t0.9,10/t1/turn5,10,search_onestop_flight,3,0.6666666666666666,0.6666666666666666,search_onestop_flight,0.6666666666666666,2
cascade-kev-4b-t0.9,10/t1/turn6,10,search_direct_flight,2,0.0,0.0,respond_to_user,1.0,1
cascade-kev-4b-t0.9,10/t1/turn7,10,search_direct_flight,1,1.0,1.0,search_direct_flight,1.0,1
cascade-kev-4b-t0.9,10/t1/turn8,10,respond_to_user,2,1.0,1.0,respond_to_user,1.0,1
cascade-kev-4b-t0.9,10/t1/turn9,10,respond_to_user,1,1.0,1.0,respond_to_user,1.0,1
cascade-kev-4b-t0.9,10/t2/turn0,10,respond_to_user,1,1.0,1.0,respond_to_user,1.0,1
cascade-kev-4b-t0.9,10/t2/turn1,10,get_user_details,1,1.0,1.0,get_user_details,1.0,1
cascade-kev-4b-t0.9,10/t2/turn2,10,get_reservation_details,1,1.0,1.0,get_reservation_details,1.0,1
cascade-kev-4b-t0.9,10/t2/turn3,10,search_direct_flight,1,0.0,0.0,search_onestop_flight,1.0,1
cascade-kev-4b-t0.9,10/t2/turn5,10,search_direct_flight,3,0.0,0.0,respond_to_user,1.0,1
cascade-kev-4b-t0.9,10/t2/turn7,10,respond_to_user,1,1.0,1.0,respond_to_user,1.0,1
cascade-kev-4b-t0.9,10/t2/turn8,10,respond_to_user,1,1.0,1.0,respond_to_user,1.0,1
cascade-kev-4b-t0.9,10/t2/turn9,10,respond_to_user,1,1.0,1.0,respond_to_user,1.0,1
cascade-kev-4b-t0.9,11/t0/turn0,11,respond_to_user,1,1.0,1.0,respond_to_user,1.0,1
cascade-kev-4b-t0.9,11/t0/turn1,11,get_user_details,2,1.0,1.0,get_user_details,1.0,1
cascade-kev-4b-t0.9,11/t0/turn5,11,search_direct_flight,1,1.0,1.0,search_direct_flight,1.0,1
cascade-kev-4b-t0.9,11/t0/turn7,11,update_reservation_flights,2,0.5,0.5,update_reservation_flights,0.5,2
cascade-kev-4b-t0.9,11/t0/turn8,11,respond_to_user,2,1.0,1.0,respond_to_user,1.0,1
cascade-kev-4b-t0.9,11/t1/turn0,11,respond_to_user,1,1.0,1.0,respond_to_user,1.0,1
cascade-kev-4b-t0.9,11/t1/turn1,11,get_user_details,2,1.0,1.0,get_user_details,1.0,1
cascade-kev-4b-t0.9,11/t1/turn3,11,get_reservation_details,2,0.5,0.5,respond_to_user,0.5,2
cascade-kev-4b-t0.9,11/t1/turn5,11,search_direct_flight,1,1.0,1.0,search_direct_flight,1.0,1
cascade-kev-4b-t0.9,11/t1/turn7,11,respond_to_user,1,1.0,1.0,respond_to_user,1.0,1
cascade-kev-4b-t0.9,11/t2/turn0,11,respond_to_user,2,1.0,1.0,respond_to_user,1.0,1
cascade-kev-4b-t0.9,11/t2/turn1,11,respond_to_user,1,1.0,1.0,respond_to_user,1.0,1
cascade-kev-4b-t0.9,11/t2/turn3,11,get_reservation_details,1,1.0,1.0,get_reservation_details,1.0,1
cascade-kev-4b-t0.9,11/t2/turn4,11,get_reservation_details,1,1.0,1.0,get_reservation_details,1.0,1
cascade-kev-4b-t0.9,11/t2/turn5,11,get_reservation_details,1,1.0,1.0,get_reservation_details,1.0,1
cascade-kev-4b-t0.9,11/t2/turn6,11,get_flight_status,1,0.0,0.0,respond_to_user,1.0,1
cascade-kev-4b-t0.9,11/t2/turn8,11,search_direct_flight,2,0.5,0.5,respond_to_user,0.5,2
cascade-kev-4b-t0.9,11/t2/turn9,11,search_direct_flight,1,1.0,1.0,search_direct_flight,1.0,1
cascade-kev-4b-t0.9,12/t0/turn1,12,get_reservation_details,1,0.0,0.0,respond_to_user,1.0,1
cascade-kev-4b-t0.9,12/t0/turn2,12,search_direct_flight,1,0.0,0.0,respond_to_user,1.0,1
cascade-kev-4b-t0.9,12/t0/turn3,12,search_direct_flight,1,0.0,0.0,respond_to_user,1.0,1
cascade-kev-4b-t0.9,12/t0/turn5,12,respond_to_user,1,1.0,1.0,respond_to_user,1.0,1
cascade-kev-4b-t0.9,12/t0/turn7,12,respond_to_user,1,1.0,1.0,respond_to_user,1.0,1
cascade-kev-4b-t0.9,12/t1/turn0,12,respond_to_user,1,1.0,1.0,respond_to_user,1.0,1
cascade-kev-4b-t0.9,12/t1/turn1,12,get_reservation_details,2,1.0,1.0,get_reservation_details,1.0,1
cascade-kev-4b-t0.9,12/t1/turn3,12,search_direct_flight,2,1.0,1.0,search_direct_flight,1.0,1
cascade-kev-4b-t0.9,12/t1/turn4,12,get_user_details,2,0.0,0.0,respond_to_user,1.0,1
cascade-kev-4b-t0.9,12/t1/turn6,12,respond_to_user,1,1.0,1.0,respond_to_user,1.0,1
cascade-kev-4b-t0.9,12/t1/turn7,12,update_reservation_baggages,1,1.0,1.0,update_reservation_baggages,1.0,1
cascade-kev-4b-t0.9,12/t1/turn8,12,respond_to_user,1,1.0,1.0,respond_to_user,1.0,1
cascade-kev-4b-t0.9,12/t2/turn0,12,respond_to_user,2,1.0,1.0,respond_to_user,1.0,1
cascade-kev-4b-t0.9,12/t2/turn3,12,search_direct_flight,1,0.0,0.0,respond_to_user,1.0,1
cascade-kev-4b-t0.9,12/t2/turn6,12,respond_to_user,1,1.0,1.0,respond_to_user,1.0,1
cascade-kev-4b-t0.9,13/t0/turn1,13,transfer_to_human_agents,2,1.0,1.0,transfer_to_human_agents,1.0,1
cascade-kev-4b-t0.9,13/t0/turn2,13,respond_to_user,2,1.0,1.0,respond_to_user,1.0,1
cascade-kev-4b-t0.9,13/t1/turn1,13,transfer_to_human_agents,1,1.0,1.0,transfer_to_human_agents,1.0,1
cascade-kev-4b-t0.9,13/t1/turn2,13,respond_to_user,2,1.0,1.0,respond_to_user,1.0,1
cascade-kev-4b-t0.9,13/t2/turn0,13,respond_to_user,3,1.0,1.0,respond_to_user,1.0,1
cascade-kev-4b-t0.9,13/t2/turn3,13,respond_to_user,2,1.0,1.0,respond_to_user,1.0,1
cascade-kev-4b-t0.9,14/t1/turn1,14,get_user_details,1,1.0,1.0,get_user_details,1.0,1
cascade-kev-4b-t0.9,14/t1/turn3,14,get_reservation_details,2,1.0,1.0,get_reservation_details,1.0,1
cascade-kev-4b-t0.9,14/t1/turn7,14,search_onestop_flight,1,1.0,1.0,search_onestop_flight,1.0,1
cascade-kev-4b-t0.9,14/t1/turn8,14,respond_to_user,1,1.0,1.0,respond_to_user,1.0,1
cascade-kev-4b-t0.9,14/t1/turn9,14,respond_to_user,4,1.0,1.0,respond_to_user,1.0,1
cascade-kev-4b-t0.9,14/t2/turn0,14,respond_to_user,1,1.0,1.0,respond_to_user,1.0,1
cascade-kev-4b-t0.9,14/t2/turn1,14,get_user_details,2,1.0,1.0,get_user_details,1.0,1
cascade-kev-4b-t0.9,14/t2/turn10,14,cancel_reservation,1,1.0,1.0,cancel_reservation,1.0,1
cascade-kev-4b-t0.9,14/t2/turn2,14,respond_to_user,3,1.0,1.0,respond_to_user,1.0,1
cascade-kev-4b-t0.9,14/t2/turn3,14,get_reservation_details,2,1.0,1.0,get_reservation_details,1.0,1
cascade-kev-4b-t0.9,14/t2/turn4,14,search_direct_flight,1,0.0,0.0,respond_to_user,1.0,1
cascade-kev-4b-t0.9,14/t2/turn5,14,search_onestop_flight,1,0.0,0.0,search_direct_flight,1.0,1
cascade-kev-4b-t0.9,14/t2/turn7,14,search_onestop_flight,3,0.0,0.0,respond_to_user,1.0,1
cascade-kev-4b-t0.9,14/t2/turn8,14,respond_to_user,3,1.0,1.0,respond_to_user,1.0,1
cascade-kev-4b-t0.9,15/t0/turn0,15,respond_to_user,1,1.0,1.0,respond_to_user,1.0,1
cascade-kev-4b-t0.9,15/t0/turn1,15,get_user_details,3,1.0,1.0,get_user_details,1.0,1
cascade-kev-4b-t0.9,15/t0/turn2,15,get_reservation_details,3,0.0,0.0,respond_to_user,1.0,1
cascade-kev-4b-t0.9,15/t0/turn3,15,search_direct_flight,2,0.5,0.5,search_direct_flight,0.5,2
cascade-kev-4b-t0.9,15/t0/turn4,15,search_onestop_flight,2,0.5,0.5,transfer_to_human_agents,0.5,2
cascade-kev-4b-t0.9,15/t0/turn6,15,update_reservation_flights,2,1.0,1.0,update_reservation_flights,1.0,1
cascade-kev-4b-t0.9,15/t0/turn7,15,respond_to_user,1,1.0,1.0,respond_to_user,1.0,1
cascade-kev-4b-t0.9,15/t1/turn0,15,respond_to_user,2,1.0,1.0,respond_to_user,1.0,1
cascade-kev-4b-t0.9,15/t1/turn1,15,get_user_details,1,1.0,1.0,get_user_details,1.0,1
cascade-kev-4b-t0.9,15/t1/turn3,15,get_reservation_details,2,0.0,0.0,search_onestop_flight,0.5,2
cascade-kev-4b-t0.9,15/t1/turn4,15,search_direct_flight,2,0.5,0.5,search_onestop_flight,0.5,2
cascade-kev-4b-t0.9,15/t1/turn5,15,search_onestop_flight,1,1.0,1.0,search_onestop_flight,1.0,1
cascade-kev-4b-t0.9,15/t1/turn6,15,search_direct_flight,2,0.0,0.0,search_onestop_flight,0.5,2
cascade-kev-4b-t0.9,15/t2/turn0,15,respond_to_user,1,1.0,1.0,respond_to_user,1.0,1
cascade-kev-4b-t0.9,15/t2/turn1,15,get_user_details,2,1.0,1.0,get_user_details,1.0,1
cascade-kev-4b-t0.9,15/t2/turn2,15,get_reservation_details,1,1.0,1.0,get_reservation_details,1.0,1
cascade-kev-4b-t0.9,15/t2/turn3,15,search_direct_flight,2,0.0,0.0,respond_to_user,1.0,1
cascade-kev-4b-t0.9,15/t2/turn4,15,search_onestop_flight,1,0.0,0.0,respond_to_user,1.0,1
cascade-kev-4b-t0.9,15/t2/turn6,15,update_reservation_flights,2,1.0,1.0,update_reservation_flights,1.0,1
cascade-kev-4b-t0.9,15/t2/turn7,15,respond_to_user,1,1.0,1.0,respond_to_user,1.0,1
cascade-kev-4b-t0.9,16/t0/turn0,16,respond_to_user,2,1.0,1.0,respond_to_user,1.0,1
cascade-kev-4b-t0.9,16/t0/turn1,16,get_user_details,1,1.0,1.0,get_user_details,1.0,1
cascade-kev-4b-t0.9,16/t0/turn2,16,get_reservation_details,2,0.5,0.5,respond_to_user,0.5,2
cascade-kev-4b-t0.9,16/t0/turn3,16,search_direct_flight,2,0.5,0.5,search_direct_flight,0.5,2
cascade-kev-4b-t0.9,16/t0/turn4,16,search_onestop_flight,1,1.0,1.0,search_onestop_flight,1.0,1
cascade-kev-4b-t0.9,16/t0/turn5,16,respond_to_user,1,1.0,1.0,respond_to_user,1.0,1
cascade-kev-4b-t0.9,16/t0/turn6,16,respond_to_user,1,1.0,1.0,respond_to_user,1.0,1
cascade-kev-4b-t0.9,16/t0/turn7,16,update_reservation_flights,1,1.0,1.0,update_reservation_flights,1.0,1
cascade-kev-4b-t0.9,16/t0/turn8,16,respond_to_user,1,1.0,1.0,respond_to_user,1.0,1
cascade-kev-4b-t0.9,16/t1/turn1,16,get_user_details,1,1.0,1.0,get_user_details,1.0,1
cascade-kev-4b-t0.9,16/t1/turn3,16,search_direct_flight,1,0.0,0.0,respond_to_user,1.0,1
cascade-kev-4b-t0.9,16/t1/turn4,16,search_onestop_flight,1,0.0,0.0,respond_to_user,1.0,1
cascade-kev-4b-t0.9,16/t1/turn5,16,respond_to_user,2,1.0,1.0,respond_to_user,1.0,1
cascade-kev-4b-t0.9,16/t1/turn6,16,respond_to_user,1,1.0,1.0,respond_to_user,1.0,1
cascade-kev-4b-t0.9,16/t1/turn7,16,update_reservation_flights,2,1.0,1.0,update_reservation_flights,1.0,1
cascade-kev-4b-t0.9,16/t2/turn0,16,respond_to_user,2,1.0,1.0,respond_to_user,1.0,1
cascade-kev-4b-t0.9,16/t2/turn1,16,get_user_details,2,1.0,1.0,get_user_details,1.0,1
cascade-kev-4b-t0.9,16/t2/turn2,16,get_reservation_details,2,0.5,0.5,get_reservation_details,0.5,2
cascade-kev-4b-t0.9,16/t2/turn3,16,search_direct_flight,1,0.0,0.0,search_onestop_flight,1.0,1
cascade-kev-4b-t0.9,16/t2/turn4,16,search_onestop_flight,1,1.0,1.0,search_onestop_flight,1.0,1
cascade-kev-4b-t0.9,16/t2/turn5,16,respond_to_user,2,1.0,1.0,respond_to_user,1.0,1
cascade-kev-4b-t0.9,16/t2/turn6,16,respond_to_user,1,1.0,1.0,respond_to_user,1.0,1
cascade-kev-4b-t0.9,16/t2/turn7,16,update_reservation_flights,2,1.0,1.0,update_reservation_flights,1.0,1
cascade-kev-4b-t0.9,16/t2/turn8,16,respond_to_user,3,1.0,1.0,respond_to_user,1.0,1
cascade-kev-4b-t0.9,17/t0/turn0,17,respond_to_user,2,1.0,1.0,respond_to_user,1.0,1
cascade-kev-4b-t0.9,17/t0/turn1,17,get_user_details,1,1.0,1.0,get_user_details,1.0,1
cascade-kev-4b-t0.9,17/t0/turn2,17,get_reservation_details,3,0.0,0.0,respond_to_user,1.0,1
cascade-kev-4b-t0.9,17/t0/turn3,17,get_reservation_details,1,0.0,0.0,respond_to_user,1.0,1
cascade-kev-4b-t0.9,17/t0/turn5,17,search_onestop_flight,2,0.0,0.0,respond_to_user,1.0,1
cascade-kev-4b-t0.9,17/t0/turn6,17,respond_to_user,1,1.0,1.0,respond_to_user,1.0,1
cascade-kev-4b-t0.9,17/t0/turn7,17,respond_to_user,1,1.0,1.0,respond_to_user,1.0,1
cascade-kev-4b-t0.9,17/t0/turn9,17,update_reservation_passengers,3,1.0,1.0,update_reservation_passengers,1.0,1
cascade-kev-4b-t0.9,17/t1/turn1,17,get_user_details,1,1.0,1.0,get_user_details,1.0,1
cascade-kev-4b-t0.9,17/t1/turn11,17,update_reservation_baggages,1,1.0,1.0,update_reservation_baggages,1.0,1
cascade-kev-4b-t0.9,17/t1/turn12,17,respond_to_user,1,1.0,1.0,respond_to_user,1.0,1
cascade-kev-4b-t0.9,17/t1/turn2,17,get_reservation_details,1,0.0,0.0,respond_to_user,1.0,1
cascade-kev-4b-t0.9,17/t1/turn4,17,get_reservation_details,1,0.0,0.0,respond_to_user,1.0,1
cascade-kev-4b-t0.9,17/t1/turn5,17,get_reservation_details,3,0.0,0.0,respond_to_user,1.0,1
cascade-kev-4b-t0.9,17/t1/turn6,17,search_direct_flight,1,0.0,0.0,respond_to_user,1.0,1
cascade-kev-4b-t0.9,17/t1/turn8,17,respond_to_user,1,1.0,1.0,respond_to_user,1.0,1
cascade-kev-4b-t0.9,17/t1/turn9,17,update_reservation_flights,2,0.0,0.0,update_reservation_passengers,1.0,1
cascade-kev-4b-t0.9,17/t2/turn0,17,respond_to_user,3,1.0,1.0,respond_to_user,1.0,1
cascade-kev-4b-t0.9,17/t2/turn1,17,get_user_details,2,1.0,1.0,get_user_details,1.0,1
cascade-kev-4b-t0.9,17/t2/turn10,17,update_reservation_passengers,2,1.0,1.0,update_reservation_passengers,1.0,1
cascade-kev-4b-t0.9,17/t2/turn11,17,update_reservation_flights,1,1.0,1.0,update_reservation_flights,1.0,1
cascade-kev-4b-t0.9,17/t2/turn12,17,update_reservation_baggages,1,1.0,1.0,update_reservation_baggages,1.0,1
cascade-kev-4b-t0.9,17/t2/turn13,17,respond_to_user,1,1.0,1.0,respond_to_user,1.0,1
cascade-kev-4b-t0.9,17/t2/turn2,17,get_reservation_details,1,0.0,0.0,respond_to_user,1.0,1
cascade-kev-4b-t0.9,17/t2/turn4,17,get_reservation_details,2,1.0,1.0,get_reservation_details,1.0,1
cascade-kev-4b-t0.9,17/t2/turn5,17,get_reservation_details,1,0.0,0.0,respond_to_user,1.0,1
cascade-kev-4b-t0.9,17/t2/turn7,17,search_direct_flight,1,0.0,0.0,respond_to_user,1.0,1
cascade-kev-4b-t0.9,17/t2/turn9,17,respond_to_user,1,1.0,1.0,respond_to_user,1.0,1
cascade-kev-4b-t0.9,19/t0/turn0,19,respond_to_user,1,1.0,1.0,respond_to_user,1.0,1
cascade-kev-4b-t0.9,19/t0/turn1,19,get_user_details,1,1.0,1.0,get_user_details,1.0,1
cascade-kev-4b-t0.9,19/t0/turn3,19,get_reservation_details,2,0.0,0.0,transfer_to_human_agents,1.0,1
cascade-kev-4b-t0.9,19/t0/turn6,19,respond_to_user,2,0.5,0.5,respond_to_user,0.5,2
cascade-kev-4b-t0.9,19/t1/turn0,19,respond_to_user,1,1.0,1.0,respond_to_user,1.0,1
cascade-kev-4b-t0.9,19/t1/turn1,19,get_user_details,3,1.0,1.0,get_user_details,1.0,1
cascade-kev-4b-t0.9,19/t1/turn2,19,get_reservation_details,2,0.5,0.5,get_reservation_details,0.5,2
cascade-kev-4b-t0.9,19/t1/turn3,19,respond_to_user,2,0.5,0.5,respond_to_user,0.5,2
cascade-kev-4b-t0.9,19/t1/turn5,19,cancel_reservation,1,1.0,1.0,cancel_reservation,1.0,1
cascade-kev-4b-t0.9,19/t1/turn6,19,respond_to_user,3,1.0,1.0,respond_to_user,1.0,1
cascade-kev-4b-t0.9,19/t2/turn1,19,get_user_details,1,1.0,1.0,get_user_details,1.0,1
cascade-kev-4b-t0.9,19/t2/turn3,19,respond_to_user,1,0.0,0.0,transfer_to_human_agents,1.0,1
cascade-kev-4b-t0.9,19/t2/turn4,19,respond_to_user,2,1.0,1.0,respond_to_user,1.0,1
cascade-kev-4b-t0.9,19/t2/turn5,19,cancel_reservation,2,1.0,1.0,cancel_reservation,1.0,1
cascade-kev-4b-t0.9,2/t0/turn0,2,respond_to_user,2,1.0,1.0,respond_to_user,1.0,1
cascade-kev-4b-t0.9,2/t0/turn1,2,get_user_details,2,1.0,1.0,get_user_details,1.0,1
cascade-kev-4b-t0.9,2/t0/turn10,2,transfer_to_human_agents,1,0.0,0.0,respond_to_user,1.0,1
cascade-kev-4b-t0.9,2/t0/turn2,2,get_reservation_details,1,1.0,1.0,get_reservation_details,1.0,1
cascade-kev-4b-t0.9,2/t0/turn4,2,respond_to_user,2,1.0,1.0,respond_to_user,1.0,1
cascade-kev-4b-t0.9,2/t0/turn6,2,get_flight_status,1,1.0,1.0,get_flight_status,1.0,1
cascade-kev-4b-t0.9,2/t0/turn7,2,get_flight_status,1,1.0,1.0,get_flight_status,1.0,1
cascade-kev-4b-t0.9,2/t0/turn9,2,respond_to_user,1,1.0,1.0,respond_to_user,1.0,1
cascade-kev-4b-t0.9,2/t2/turn1,2,get_user_details,1,0.0,0.0,respond_to_user,1.0,1
cascade-kev-4b-t0.9,2/t2/turn10,2,transfer_to_human_agents,2,0.0,0.0,respond_to_user,1.0,1
cascade-kev-4b-t0.9,2/t2/turn11,2,respond_to_user,1,1.0,1.0,respond_to_user,1.0,1
cascade-kev-4b-t0.9,2/t2/turn4,2,respond_to_user,2,1.0,1.0,respond_to_user,1.0,1
cascade-kev-4b-t0.9,2/t2/turn6,2,get_flight_status,1,0.0,0.0,respond_to_user,1.0,1
cascade-kev-4b-t0.9,2/t2/turn8,2,get_flight_status,1,0.0,0.0,respond_to_user,1.0,1
cascade-kev-4b-t0.9,2/t2/turn9,2,respond_to_user,1,1.0,1.0,respond_to_user,1.0,1
cascade-kev-4b-t0.9,20/t2/turn2,20,respond_to_user,2,1.0,1.0,respond_to_user,1.0,1
cascade-kev-4b-t0.9,20/t2/turn4,20,search_direct_flight,1,0.0,0.0,respond_to_user,1.0,1
cascade-kev-4b-t0.9,20/t2/turn6,20,search_onestop_flight,2,1.0,1.0,search_onestop_flight,1.0,1
cascade-kev-4b-t0.9,21/t1/turn0,21,respond_to_user,3,1.0,1.0,respond_to_user,1.0,1
cascade-kev-4b-t0.9,21/t1/turn1,21,get_user_details,1,1.0,1.0,get_user_details,1.0,1
cascade-kev-4b-t0.9,21/t1/turn12,21,search_direct_flight,1,0.0,0.0,respond_to_user,1.0,1
cascade-kev-4b-t0.9,21/t1/turn13,21,respond_to_user,1,1.0,1.0,respond_to_user,1.0,1
cascade-kev-4b-t0.9,21/t1/turn14,21,update_reservation_flights,2,0.5,0.5,respond_to_user,0.5,2
cascade-kev-4b-t0.9,21/t1/turn15,21,respond_to_user,2,0.0,0.0,update_reservation_flights,1.0,1
cascade-kev-4b-t0.9,21/t1/turn2,21,get_reservation_details,1,0.0,0.0,respond_to_user,1.0,1
cascade-kev-4b-t0.9,21/t1/turn3,21,get_reservation_details,1,1.0,1.0,get_reservation_details,1.0,1
cascade-kev-4b-t0.9,21/t1/turn4,21,get_reservation_details,1,0.0,0.0,respond_to_user,1.0,1
cascade-kev-4b-t0.9,21/t1/turn5,21,get_reservation_details,2,0.5,0.5,respond_to_user,0.5,2
cascade-kev-4b-t0.9,21/t1/turn6,21,get_reservation_details,1,1.0,1.0,get_reservation_details,1.0,1
cascade-kev-4b-t0.9,21/t1/turn7,21,respond_to_user,1,1.0,1.0,respond_to_user,1.0,1
cascade-kev-4b-t0.9,21/t2/turn0,21,respond_to_user,2,1.0,1.0,respond_to_user,1.0,1
cascade-kev-4b-t0.9,21/t2/turn11,21,update_reservation_flights,2,0.5,0.5,respond_to_user,0.5,2
cascade-kev-4b-t0.9,21/t2/turn12,21,respond_to_user,1,1.0,1.0,respond_to_user,1.0,1
cascade-kev-4b-t0.9,21/t2/turn13,21,update_reservation_flights,2,1.0,1.0,update_reservation_flights,1.0,1
cascade-kev-4b-t0.9,21/t2/turn15,21,respond_to_user,1,1.0,1.0,respond_to_user,1.0,1
cascade-kev-4b-t0.9,21/t2/turn16,21,update_reservation_baggages,1,1.0,1.0,update_reservation_baggages,1.0,1
cascade-kev-4b-t0.9,21/t2/turn17,21,respond_to_user,1,1.0,1.0,respond_to_user,1.0,1
cascade-kev-4b-t0.9,21/t2/turn2,21,get_reservation_details,2,0.0,0.0,respond_to_user,1.0,1
cascade-kev-4b-t0.9,21/t2/turn3,21,get_reservation_details,2,0.5,0.5,respond_to_user,0.5,2
cascade-kev-4b-t0.9,21/t2/turn4,21,get_reservation_details,1,0.0,0.0,respond_to_user,1.0,1
cascade-kev-4b-t0.9,21/t2/turn6,21,get_reservation_details,2,0.5,0.5,get_reservation_details,0.5,2
cascade-kev-4b-t0.9,21/t2/turn8,21,search_direct_flight,1,1.0,1.0,search_direct_flight,1.0,1
cascade-kev-4b-t0.9,21/t2/turn9,21,search_onestop_flight,2,1.0,1.0,search_onestop_flight,1.0,1
cascade-kev-4b-t0.9,22/t0/turn1,22,get_user_details,1,1.0,1.0,get_user_details,1.0,1
cascade-kev-4b-t0.9,22/t0/turn10,22,update_reservation_baggages,2,0.5,0.5,respond_to_user,0.5,2
cascade-kev-4b-t0.9,22/t0/turn11,22,respond_to_user,1,1.0,1.0,respond_to_user,1.0,1
cascade-kev-4b-t0.9,22/t0/turn2,22,get_reservation_details,2,0.0,0.0,respond_to_user,1.0,1
cascade-kev-4b-t0.9,22/t0/turn3,22,get_reservation_details,2,0.0,0.0,respond_to_user,1.0,1
cascade-kev-4b-t0.9,22/t0/turn8,22,update_reservation_flights,1,0.0,0.0,update_reservation_passengers,1.0,1
cascade-kev-4b-t0.9,22/t0/turn9,22,update_reservation_passengers,2,1.0,1.0,update_reservation_passengers,1.0,1
cascade-kev-4b-t0.9,22/t1/turn0,22,respond_to_user,1,1.0,1.0,respond_to_user,1.0,1
cascade-kev-4b-t0.9,22/t1/turn1,22,get_user_details,3,1.0,1.0,get_user_details,1.0,1
cascade-kev-4b-t0.9,22/t1/turn10,22,update_reservation_passengers,1,0.0,0.0,update_reservation_flights,1.0,1
cascade-kev-4b-t0.9,22/t1/turn13,22,respond_to_user,2,1.0,1.0,respond_to_user,1.0,1
cascade-kev-4b-t0.9,22/t1/turn2,22,get_reservation_details,3,0.3333333333333333,0.3333333333333333,respond_to_user,0.6666666666666666,2
cascade-kev-4b-t0.9,22/t1/turn4,22,get_reservation_details,1,1.0,1.0,get_reservation_details,1.0,1
cascade-kev-4b-t0.9,22/t1/turn5,22,get_reservation_details,5,0.0,0.0,respond_to_user,1.0,1
cascade-kev-4b-t0.9,22/t1/turn6,22,search_direct_flight,2,0.0,0.0,respond_to_user,1.0,1
cascade-kev-4b-t0.9,22/t1/turn8,22,calculate,2,0.0,0.0,respond_to_user,1.0,1
cascade-kev-4b-t0.9,22/t1/turn9,22,respond_to_user,2,1.0,1.0,respond_to_user,1.0,1
cascade-kev-4b-t0.9,22/t2/turn0,22,respond_to_user,1,1.0,1.0,respond_to_user,1.0,1
cascade-kev-4b-t0.9,22/t2/turn10,22,update_reservation_flights,1,1.0,1.0,update_reservation_flights,1.0,1
cascade-kev-4b-t0.9,22/t2/turn11,22,update_reservation_baggages,2,1.0,1.0,update_reservation_baggages,1.0,1
cascade-kev-4b-t0.9,22/t2/turn12,22,respond_to_user,2,1.0,1.0,respond_to_user,1.0,1
cascade-kev-4b-t0.9,22/t2/turn2,22,get_reservation_details,1,1.0,1.0,get_reservation_details,1.0,1
cascade-kev-4b-t0.9,22/t2/turn5,22,search_direct_flight,1,0.0,0.0,respond_to_user,1.0,1
cascade-kev-4b-t0.9,22/t2/turn7,22,respond_to_user,2,0.5,0.5,transfer_to_human_agents,0.5,2
cascade-kev-4b-t0.9,22/t2/turn8,22,respond_to_user,1,1.0,1.0,respond_to_user,1.0,1
cascade-kev-4b-t0.9,22/t2/turn9,22,update_reservation_passengers,2,0.5,0.5,update_reservation_flights,0.5,2
cascade-kev-4b-t0.9,23/t0/turn1,23,get_user_details,2,1.0,1.0,get_user_details,1.0,1
cascade-kev-4b-t0.9,23/t0/turn2,23,get_reservation_details,1,1.0,1.0,get_reservation_details,1.0,1
cascade-kev-4b-t0.9,23/t0/turn3,23,search_direct_flight,2,0.5,0.5,search_direct_flight,0.5,2
cascade-kev-4b-t0.9,23/t0/turn5,23,search_onestop_flight,1,0.0,0.0,respond_to_user,1.0,1
cascade-kev-4b-t0.9,23/t0/turn6,23,respond_to_user,1,1.0,1.0,respond_to_user,1.0,1
cascade-kev-4b-t0.9,23/t0/turn7,23,search_onestop_flight,2,0.0,0.0,respond_to_user,1.0,1
cascade-kev-4b-t0.9,23/t0/turn8,23,respond_to_user,2,1.0,1.0,respond_to_user,1.0,1
cascade-kev-4b-t0.9,23/t1/turn0,23,respond_to_user,1,1.0,1.0,respond_to_user,1.0,1
cascade-kev-4b-t0.9,23/t1/turn1,23,get_user_details,2,1.0,1.0,get_user_details,1.0,1
cascade-kev-4b-t0.9,23/t1/turn2,23,get_reservation_details,2,1.0,1.0,get_reservation_details,1.0,1
cascade-kev-4b-t0.9,23/t1/turn3,23,search_direct_flight,2,0.0,0.0,respond_to_user,1.0,1
cascade-kev-4b-t0.9,23/t1/turn4,23,search_onestop_flight,1,0.0,0.0,search_direct_flight,1.0,1
cascade-kev-4b-t0.9,23/t1/turn5,23,search_direct_flight,2,1.0,1.0,search_direct_flight,1.0,1
cascade-kev-4b-t0.9,23/t1/turn6,23,search_onestop_flight,1,0.0,0.0,search_direct_flight,1.0,1
cascade-kev-4b-t0.9,23/t1/turn7,23,respond_to_user,1,0.0,0.0,transfer_to_human_agents,1.0,1
cascade-kev-4b-t0.9,23/t1/turn8,23,respond_to_user,2,1.0,1.0,respond_to_user,1.0,1
cascade-kev-4b-t0.9,23/t1/turn9,23,respond_to_user,3,1.0,1.0,respond_to_user,1.0,1
cascade-kev-4b-t0.9,23/t2/turn0,23,respond_to_user,2,1.0,1.0,respond_to_user,1.0,1
cascade-kev-4b-t0.9,23/t2/turn1,23,get_user_details,2,1.0,1.0,get_user_details,1.0,1
cascade-kev-4b-t0.9,23/t2/turn2,23,get_reservation_details,1,1.0,1.0,get_reservation_details,1.0,1
cascade-kev-4b-t0.9,23/t2/turn5,23,search_direct_flight,1,1.0,1.0,search_direct_flight,1.0,1
cascade-kev-4b-t0.9,23/t2/turn6,23,search_onestop_flight,1,0.0,0.0,respond_to_user,1.0,1
cascade-kev-4b-t0.9,23/t2/turn7,23,respond_to_user,2,1.0,1.0,respond_to_user,1.0,1
cascade-kev-4b-t0.9,23/t2/turn8,23,respond_to_user,1,1.0,1.0,respond_to_user,1.0,1
cascade-kev-4b-t0.9,24/t2/turn10,24,search_direct_flight,3,0.6666666666666666,0.6666666666666666,search_direct_flight,0.6666666666666666,2
cascade-kev-4b-t0.9,24/t2/turn11,24,search_direct_flight,1,0.0,0.0,respond_to_user,1.0,1
cascade-kev-4b-t0.9,24/t2/turn14,24,respond_to_user,1,1.0,1.0,respond_to_user,1.0,1
cascade-kev-4b-t0.9,24/t2/turn16,24,respond_to_user,1,0.0,0.0,book_reservation,1.0,1
cascade-kev-4b-t0.9,24/t2/turn17,24,book_reservation,2,1.0,1.0,book_reservation,1.0,1
cascade-kev-4b-t0.9,24/t2/turn2,24,get_reservation_details,1,1.0,1.0,get_reservation_details,1.0,1
cascade-kev-4b-t0.9,24/t2/turn4,24,list_all_airports,1,0.0,0.0,respond_to_user,1.0,1
cascade-kev-4b-t0.9,24/t2/turn5,24,search_direct_flight,2,1.0,1.0,search_direct_flight,1.0,1
cascade-kev-4b-t0.9,24/t2/turn6,24,search_direct_flight,3,1.0,1.0,search_direct_flight,1.0,1
cascade-kev-4b-t0.9,24/t2/turn7,24,search_direct_flight,2,1.0,1.0,search_direct_flight,1.0,1
cascade-kev-4b-t0.9,24/t2/turn8,24,search_direct_flight,2,1.0,1.0,search_direct_flight,1.0,1
cascade-kev-4b-t0.9,24/t2/turn9,24,search_direct_flight,1,0.0,0.0,respond_to_user,1.0,1
cascade-kev-4b-t0.9,25/t0/turn1,25,get_user_details,2,1.0,1.0,get_user_details,1.0,1
cascade-kev-4b-t0.9,25/t0/turn2,25,get_reservation_details,2,1.0,1.0,get_reservation_details,1.0,1
cascade-kev-4b-t0.9,25/t0/turn3,25,search_direct_flight,1,0.0,0.0,respond_to_user,1.0,1
cascade-kev-4b-t0.9,25/t0/turn6,25,respond_to_user,2,1.0,1.0,respond_to_user,1.0,1
cascade-kev-4b-t0.9,25/t1/turn0,25,respond_to_user,2,1.0,1.0,respond_to_user,1.0,1
cascade-kev-4b-t0.9,25/t1/turn1,25,get_user_details,3,1.0,1.0,get_user_details,1.0,1
cascade-kev-4b-t0.9,25/t1/turn3,25,search_onestop_flight,2,0.0,0.0,respond_to_user,1.0,1
cascade-kev-4b-t0.9,25/t1/turn4,25,respond_to_user,2,1.0,1.0,respond_to_user,1.0,1
cascade-kev-4b-t0.9,25/t1/turn5,25,respond_to_user,2,1.0,1.0,respond_to_user,1.0,1
cascade-kev-4b-t0.9,25/t1/turn6,25,respond_to_user,1,1.0,1.0,respond_to_user,1.0,1
cascade-kev-4b-t0.9,25/t1/turn8,25,respond_to_user,1,1.0,1.0,respond_to_user,1.0,1
cascade-kev-4b-t0.9,25/t2/turn0,25,respond_to_user,1,1.0,1.0,respond_to_user,1.0,1
cascade-kev-4b-t0.9,25/t2/turn1,25,get_user_details,1,1.0,1.0,get_user_details,1.0,1
cascade-kev-4b-t0.9,25/t2/turn3,25,respond_to_user,1,1.0,1.0,respond_to_user,1.0,1
cascade-kev-4b-t0.9,25/t2/turn4,25,search_onestop_flight,2,0.0,0.0,respond_to_user,1.0,1
cascade-kev-4b-t0.9,25/t2/turn5,25,respond_to_user,1,1.0,1.0,respond_to_user,1.0,1
cascade-kev-4b-t0.9,25/t2/turn6,25,respond_to_user,5,1.0,1.0,respond_to_user,1.0,1
cascade-kev-4b-t0.9,25/t2/turn7,25,book_reservation,2,1.0,1.0,book_reservation,1.0,1
cascade-kev-4b-t0.9,26/t0/turn0,26,respond_to_user,2,1.0,1.0,respond_to_user,1.0,1
cascade-kev-4b-t0.9,26/t0/turn1,26,get_user_details,1,1.0,1.0,get_user_details,1.0,1
cascade-kev-4b-t0.9,26/t0/turn2,26,get_reservation_details,2,1.0,1.0,get_reservation_details,1.0,1
cascade-kev-4b-t0.9,26/t0/turn3,26,respond_to_user,2,1.0,1.0,respond_to_user,1.0,1
cascade-kev-4b-t0.9,26/t0/turn6,26,transfer_to_human_agents,2,1.0,1.0,transfer_to_human_agents,1.0,1
cascade-kev-4b-t0.9,26/t0/turn7,26,respond_to_user,2,1.0,1.0,respond_to_user,1.0,1
cascade-kev-4b-t0.9,26/t1/turn0,26,respond_to_user,1,1.0,1.0,respond_to_user,1.0,1
cascade-kev-4b-t0.9,26/t1/turn3,26,get_flight_status,1,0.0,0.0,transfer_to_human_agents,1.0,1
cascade-kev-4b-t0.9,26/t1/turn4,26,get_flight_status,1,0.0,0.0,transfer_to_human_agents,1.0,1
cascade-kev-4b-t0.9,26/t1/turn5,26,transfer_to_human_agents,2,1.0,1.0,transfer_to_human_agents,1.0,1
cascade-kev-4b-t0.9,26/t1/turn6,26,respond_to_user,2,1.0,1.0,respond_to_user,1.0,1
cascade-kev-4b-t0.9,26/t2/turn0,26,respond_to_user,1,1.0,1.0,respond_to_user,1.0,1
cascade-kev-4b-t0.9,26/t2/turn1,26,get_user_details,2,1.0,1.0,get_user_details,1.0,1
cascade-kev-4b-t0.9,26/t2/turn2,26,get_reservation_details,2,0.5,0.5,get_reservation_details,0.5,2
cascade-kev-4b-t0.9,26/t2/turn4,26,respond_to_user,1,1.0,1.0,respond_to_user,1.0,1
cascade-kev-4b-t0.9,26/t2/turn6,26,respond_to_user,1,1.0,1.0,respond_to_user,1.0,1
cascade-kev-4b-t0.9,27/t0/turn0,27,respond_to_user,1,0.0,0.0,get_flight_status,1.0,1
cascade-kev-4b-t0.9,27/t0/turn1,27,get_user_details,1,1.0,1.0,get_user_details,1.0,1
cascade-kev-4b-t0.9,27/t0/turn13,27,transfer_to_human_agents,1,1.0,1.0,transfer_to_human_agents,1.0,1
cascade-kev-4b-t0.9,27/t0/turn14,27,respond_to_user,2,1.0,1.0,respond_to_user,1.0,1
cascade-kev-4b-t0.9,27/t0/turn5,27,get_reservation_details,4,0.0,0.0,respond_to_user,0.75,2
cascade-kev-4b-t0.9,27/t0/turn6,27,get_reservation_details,3,0.0,0.0,respond_to_user,1.0,1
cascade-kev-4b-t0.9,27/t0/turn7,27,get_reservation_details,1,0.0,0.0,get_flight_status,1.0,1
cascade-kev-4b-t0.9,27/t1/turn0,27,respond_to_user,1,0.0,0.0,get_flight_status,1.0,1
cascade-kev-4b-t0.9,27/t1/turn10,27,get_reservation_details,3,0.0,0.0,respond_to_user,0.6666666666666666,2
cascade-kev-4b-t0.9,27/t1/turn11,27,get_flight_status,2,1.0,1.0,get_flight_status,1.0,1
cascade-kev-4b-t0.9,27/t1/turn13,27,transfer_to_human_agents,1,0.0,0.0,respond_to_user,1.0,1
cascade-kev-4b-t0.9,27/t1/turn14,27,respond_to_user,1,1.0,1.0,respond_to_user,1.0,1
cascade-kev-4b-t0.9,27/t1/turn2,27,get_reservation_details,1,1.0,1.0,get_reservation_details,1.0,1
cascade-kev-4b-t0.9,27/t1/turn4,27,get_reservation_details,1,0.0,0.0,respond_to_user,1.0,1
cascade-kev-4b-t0.9,27/t1/turn5,27,get_reservation_details,1,0.0,0.0,respond_to_user,1.0,1
cascade-kev-4b-t0.9,27/t1/turn7,27,get_reservation_details,1,0.0,0.0,respond_to_user,1.0,1
cascade-kev-4b-t0.9,27/t1/turn8,27,get_reservation_details,2,0.0,0.0,get_flight_status,1.0,1
cascade-kev-4b-t0.9,27/t1/turn9,27,get_reservation_details,2,0.5,0.5,get_reservation_details,0.5,2
cascade-kev-4b-t0.9,28/t0/turn0,28,respond_to_user,1,1.0,1.0,respond_to_user,1.0,1
cascade-kev-4b-t0.9,28/t0/turn1,28,get_reservation_details,1,1.0,1.0,get_reservation_details,1.0,1
cascade-kev-4b-t0.9,28/t0/turn3,28,transfer_to_human_agents,1,1.0,1.0,transfer_to_human_agents,1.0,1
cascade-kev-4b-t0.9,28/t1/turn1,28,get_reservation_details,1,1.0,1.0,get_reservation_details,1.0,1
cascade-kev-4b-t0.9,28/t1/turn3,28,respond_to_user,1,0.0,0.0,transfer_to_human_agents,1.0,1
cascade-kev-4b-t0.9,28/t1/turn4,28,transfer_to_human_agents,1,1.0,1.0,transfer_to_human_agents,1.0,1
cascade-kev-4b-t0.9,28/t2/turn1,28,get_reservation_details,1,1.0,1.0,get_reservation_details,1.0,1
cascade-kev-4b-t0.9,28/t2/turn2,28,respond_to_user,1,0.0,0.0,transfer_to_human_agents,1.0,1
cascade-kev-4b-t0.9,28/t2/turn3,28,transfer_to_human_agents,2,0.5,0.5,transfer_to_human_agents,0.5,2
cascade-kev-4b-t0.9,3/t0/turn0,3,respond_to_user,4,1.0,1.0,respond_to_user,1.0,1
cascade-kev-4b-t0.9,3/t0/turn1,3,get_reservation_details,2,1.0,1.0,get_reservation_details,1.0,1
cascade-kev-4b-t0.9,3/t0/turn2,3,get_user_details,1,1.0,1.0,get_user_details,1.0,1
cascade-kev-4b-t0.9,3/t1/turn0,3,respond_to_user,1,1.0,1.0,respond_to_user,1.0,1
cascade-kev-4b-t0.9,3/t1/turn1,3,get_reservation_details,1,1.0,1.0,get_reservation_details,1.0,1
cascade-kev-4b-t0.9,3/t1/turn2,3,get_user_details,2,1.0,1.0,get_user_details,1.0,1
cascade-kev-4b-t0.9,3/t1/turn4,3,transfer_to_human_agents,3,0.3333333333333333,0.3333333333333333,respond_to_user,0.6666666666666666,2
cascade-kev-4b-t0.9,3/t1/turn5,3,respond_to_user,1,1.0,1.0,respond_to_user,1.0,1
cascade-kev-4b-t0.9,3/t2/turn0,3,respond_to_user,2,1.0,1.0,respond_to_user,1.0,1
cascade-kev-4b-t0.9,3/t2/turn1,3,get_user_details,1,0.0,1.0,get_reservation_details,1.0,1
cascade-kev-4b-t0.9,3/t2/turn2,3,respond_to_user,2,1.0,1.0,respond_to_user,1.0,1
cascade-kev-4b-t0.9,3/t2/turn3,3,transfer_to_human_agents,1,0.0,0.0,respond_to_user,1.0,1
cascade-kev-4b-t0.9,3/t2/turn4,3,respond_to_user,2,1.0,1.0,respond_to_user,1.0,1
cascade-kev-4b-t0.9,30/t0/turn0,30,respond_to_user,2,1.0,1.0,respond_to_user,1.0,1
cascade-kev-4b-t0.9,30/t0/turn1,30,get_user_details,3,0.0,1.0,get_reservation_details,1.0,1
cascade-kev-4b-t0.9,30/t0/turn3,30,respond_to_user,1,1.0,1.0,respond_to_user,1.0,1
cascade-kev-4b-t0.9,30/t0/turn4,30,respond_to_user,1,0.0,0.0,update_reservation_flights,1.0,1
cascade-kev-4b-t0.9,30/t1/turn0,30,respond_to_user,2,1.0,1.0,respond_to_user,1.0,1
cascade-kev-4b-t0.9,30/t1/turn1,30,get_reservation_details,1,1.0,1.0,get_reservation_details,1.0,1
cascade-kev-4b-t0.9,30/t1/turn3,30,respond_to_user,1,1.0,1.0,respond_to_user,1.0,1
cascade-kev-4b-t0.9,30/t1/turn5,30,respond_to_user,2,1.0,1.0,respond_to_user,1.0,1
cascade-kev-4b-t0.9,30/t1/turn7,30,respond_to_user,1,1.0,1.0,respond_to_user,1.0,1
cascade-kev-4b-t0.9,30/t2/turn0,30,respond_to_user,2,1.0,1.0,respond_to_user,1.0,1
cascade-kev-4b-t0.9,30/t2/turn1,30,get_reservation_details,2,1.0,1.0,get_reservation_details,1.0,1
cascade-kev-4b-t0.9,30/t2/turn2,30,search_direct_flight,1,1.0,1.0,search_direct_flight,1.0,1
cascade-kev-4b-t0.9,30/t2/turn3,30,respond_to_user,2,1.0,1.0,respond_to_user,1.0,1
cascade-kev-4b-t0.9,30/t2/turn4,30,respond_to_user,2,0.5,0.5,respond_to_user,0.5,2
cascade-kev-4b-t0.9,30/t2/turn5,30,update_reservation_flights,1,1.0,1.0,update_reservation_flights,1.0,1
cascade-kev-4b-t0.9,30/t2/turn6,30,respond_to_user,1,1.0,1.0,respond_to_user,1.0,1
cascade-kev-4b-t0.9,31/t0/turn3,31,respond_to_user,1,0.0,0.0,transfer_to_human_agents,1.0,1
cascade-kev-4b-t0.9,31/t1/turn1,31,get_user_details,2,1.0,1.0,get_user_details,1.0,1
cascade-kev-4b-t0.9,31/t1/turn2,31,get_reservation_details,1,0.0,0.0,respond_to_user,1.0,1
cascade-kev-4b-t0.9,31/t1/turn4,31,search_direct_flight,1,0.0,0.0,respond_to_user,1.0,1
cascade-kev-4b-t0.9,31/t1/turn6,31,respond_to_user,2,1.0,1.0,respond_to_user,1.0,1
cascade-kev-4b-t0.9,33/t0/turn0,33,respond_to_user,2,1.0,1.0,respond_to_user,1.0,1
cascade-kev-4b-t0.9,33/t0/turn1,33,get_reservation_details,1,1.0,1.0,get_reservation_details,1.0,1
cascade-kev-4b-t0.9,33/t0/turn10,33,respond_to_user,1,1.0,1.0,respond_to_user,1.0,1
cascade-kev-4b-t0.9,33/t0/turn11,33,respond_to_user,1,1.0,1.0,respond_to_user,1.0,1
cascade-kev-4b-t0.9,33/t0/turn12,33,update_reservation_baggages,3,1.0,1.0,update_reservation_baggages,1.0,1
cascade-kev-4b-t0.9,33/t0/turn13,33,respond_to_user,1,1.0,1.0,respond_to_user,1.0,1
cascade-kev-4b-t0.9,33/t0/turn4,33,respond_to_user,2,0.5,1.0,respond_to_user,0.5,2
cascade-kev-4b-t0.9,33/t0/turn7,33,respond_to_user,3,1.0,1.0,respond_to_user,1.0,1
cascade-kev-4b-t0.9,33/t0/turn8,33,update_reservation_flights,2,1.0,1.0,update_reservation_flights,1.0,1
cascade-kev-4b-t0.9,33/t1/turn0,33,respond_to_user,1,1.0,1.0,respond_to_user,1.0,1
cascade-kev-4b-t0.9,33/t1/turn1,33,get_user_details,1,0.0,1.0,get_reservation_details,1.0,1
cascade-kev-4b-t0.9,33/t1/turn10,33,update_reservation_baggages,2,1.0,1.0,update_reservation_baggages,1.0,1
cascade-kev-4b-t0.9,33/t1/turn11,33,respond_to_user,2,1.0,1.0,respond_to_user,1.0,1
cascade-kev-4b-t0.9,33/t1/turn2,33,search_direct_flight,1,1.0,1.0,search_direct_flight,1.0,1
cascade-kev-4b-t0.9,33/t1/turn5,33,respond_to_user,1,1.0,1.0,respond_to_user,1.0,1
cascade-kev-4b-t0.9,33/t1/turn6,33,search_direct_flight,1,0.0,0.0,respond_to_user,1.0,1
cascade-kev-4b-t0.9,33/t1/turn9,33,respond_to_user,1,0.0,0.0,update_reservation_baggages,1.0,1
cascade-kev-4b-t0.9,33/t2/turn1,33,get_user_details,1,0.0,1.0,get_reservation_details,1.0,1
cascade-kev-4b-t0.9,33/t2/turn10,33,respond_to_user,1,1.0,1.0,respond_to_user,1.0,1
cascade-kev-4b-t0.9,33/t2/turn11,33,respond_to_user,1,0.0,0.0,update_reservation_baggages,1.0,1
cascade-kev-4b-t0.9,33/t2/turn12,33,update_reservation_baggages,2,1.0,1.0,update_reservation_baggages,1.0,1
cascade-kev-4b-t0.9,33/t2/turn13,33,respond_to_user,2,1.0,1.0,respond_to_user,1.0,1
cascade-kev-4b-t0.9,33/t2/turn3,33,search_direct_flight,1,1.0,1.0,search_direct_flight,1.0,1
cascade-kev-4b-t0.9,33/t2/turn5,33,search_direct_flight,2,1.0,1.0,search_direct_flight,1.0,1
cascade-kev-4b-t0.9,33/t2/turn7,33,update_reservation_flights,1,1.0,1.0,update_reservation_flights,1.0,1
cascade-kev-4b-t0.9,33/t2/turn9,33,respond_to_user,1,1.0,1.0,respond_to_user,1.0,1
cascade-kev-4b-t0.9,34/t2/turn0,34,respond_to_user,2,1.0,1.0,respond_to_user,1.0,1
cascade-kev-4b-t0.9,34/t2/turn1,34,get_reservation_details,1,1.0,1.0,get_reservation_details,1.0,1
cascade-kev-4b-t0.9,34/t2/turn3,34,search_direct_flight,2,0.0,0.0,respond_to_user,0.5,2
cascade-kev-4b-t0.9,34/t2/turn4,34,search_direct_flight,3,0.3333333333333333,0.3333333333333333,search_direct_flight,0.3333333333333333,3
cascade-kev-4b-t0.9,34/t2/turn5,34,get_user_details,2,1.0,1.0,get_user_details,1.0,1
cascade-kev-4b-t0.9,34/t2/turn6,34,respond_to_user,2,1.0,1.0,respond_to_user,1.0,1
cascade-kev-4b-t0.9,34/t2/turn7,34,respond_to_user,1,1.0,1.0,respond_to_user,1.0,1
cascade-kev-4b-t0.9,36/t0/turn0,36,respond_to_user,1,1.0,1.0,respond_to_user,1.0,1
cascade-kev-4b-t0.9,36/t0/turn1,36,get_reservation_details,1,1.0,1.0,get_reservation_details,1.0,1
cascade-kev-4b-t0.9,36/t0/turn2,36,transfer_to_human_agents,1,1.0,1.0,transfer_to_human_agents,1.0,1
cascade-kev-4b-t0.9,36/t0/turn3,36,respond_to_user,2,1.0,1.0,respond_to_user,1.0,1
cascade-kev-4b-t0.9,36/t1/turn2,36,transfer_to_human_agents,1,1.0,1.0,transfer_to_human_agents,1.0,1
cascade-kev-4b-t0.9,36/t1/turn3,36,respond_to_user,2,1.0,1.0,respond_to_user,1.0,1
cascade-kev-4b-t0.9,36/t2/turn1,36,get_reservation_details,4,1.0,1.0,get_reservation_details,1.0,1
cascade-kev-4b-t0.9,36/t2/turn2,36,transfer_to_human_agents,1,1.0,1.0,transfer_to_human_agents,1.0,1
cascade-kev-4b-t0.9,36/t2/turn3,36,respond_to_user,2,1.0,1.0,respond_to_user,1.0,1
cascade-kev-4b-t0.9,37/t0/turn1,37,get_user_details,2,0.0,0.5,get_reservation_details,0.5,2
cascade-kev-4b-t0.9,37/t0/turn10,37,transfer_to_human_agents,1,1.0,1.0,transfer_to_human_agents,1.0,1
cascade-kev-4b-t0.9,37/t0/turn11,37,respond_to_user,2,1.0,1.0,respond_to_user,1.0,1
cascade-kev-4b-t0.9,37/t0/turn2,37,get_reservation_details,1,0.0,0.0,respond_to_user,1.0,1
cascade-kev-4b-t0.9,37/t0/turn4,37,get_reservation_details,1,1.0,1.0,get_reservation_details,1.0,1
cascade-kev-4b-t0.9,37/t0/turn5,37,get_flight_status,1,0.0,0.0,respond_to_user,1.0,1
cascade-kev-4b-t0.9,37/t0/turn6,37,search_direct_flight,2,0.0,0.0,transfer_to_human_agents,1.0,1
cascade-kev-4b-t0.9,37/t0/turn9,37,update_reservation_flights,3,1.0,1.0,update_reservation_flights,1.0,1
cascade-kev-4b-t0.9,37/t2/turn0,37,respond_to_user,4,1.0,1.0,respond_to_user,1.0,1
cascade-kev-4b-t0.9,37/t2/turn1,37,get_user_details,3,0.0,1.0,get_reservation_details,1.0,1
cascade-kev-4b-t0.9,37/t2/turn11,37,respond_to_user,1,1.0,1.0,respond_to_user,1.0,1
cascade-kev-4b-t0.9,37/t2/turn2,37,get_reservation_details,2,1.0,1.0,get_reservation_details,1.0,1
cascade-kev-4b-t0.9,37/t2/turn4,37,get_flight_status,2,0.0,0.5,get_reservation_details,0.5,2
cascade-kev-4b-t0.9,37/t2/turn5,37,get_reservation_details,1,1.0,1.0,get_reservation_details,1.0,1
cascade-kev-4b-t0.9,37/t2/turn6,37,search_direct_flight,3,0.3333333333333333,0.3333333333333333,search_direct_flight,0.3333333333333333,3
cascade-kev-4b-t0.9,37/t2/turn7,37,search_direct_flight,1,0.0,0.0,transfer_to_human_agents,1.0,1
cascade-kev-4b-t0.9,37/t2/turn9,37,update_reservation_flights,1,1.0,1.0,update_reservation_flights,1.0,1
cascade-kev-4b-t0.9,38/t0/turn0,38,respond_to_user,2,1.0,1.0,respond_to_user,1.0,1
cascade-kev-4b-t0.9,38/t0/turn1,38,get_user_details,2,1.0,1.0,get_user_details,1.0,1
cascade-kev-4b-t0.9,38/t0/turn10,38,respond_to_user,2,1.0,1.0,respond_to_user,1.0,1
cascade-kev-4b-t0.9,38/t0/turn11,38,respond_to_user,2,1.0,1.0,respond_to_user,1.0,1
cascade-kev-4b-t0.9,38/t0/turn3,38,get_flight_status,1,0.0,0.0,respond_to_user,1.0,1
cascade-kev-4b-t0.9,38/t0/turn4,38,get_flight_status,1,0.0,0.0,respond_to_user,1.0,1
cascade-kev-4b-t0.9,38/t0/turn5,38,respond_to_user,2,1.0,1.0,respond_to_user,1.0,1
cascade-kev-4b-t0.9,38/t0/turn6,38,respond_to_user,1,1.0,1.0,respond_to_user,1.0,1
cascade-kev-4b-t0.9,38/t0/turn8,38,respond_to_user,1,1.0,1.0,respond_to_user,1.0,1
cascade-kev-4b-t0.9,38/t1/turn0,38,respond_to_user,1,1.0,1.0,respond_to_user,1.0,1
cascade-kev-4b-t0.9,38/t1/turn1,38,get_user_details,1,1.0,1.0,get_user_details,1.0,1
cascade-kev-4b-t0.9,38/t1/turn11,38,transfer_to_human_agents,3,0.6666666666666666,0.6666666666666666,transfer_to_human_agents,0.6666666666666666,2
cascade-kev-4b-t0.9,38/t1/turn12,38,respond_to_user,1,1.0,1.0,respond_to_user,1.0,1
cascade-kev-4b-t0.9,38/t1/turn2,38,get_reservation_details,3,0.6666666666666666,0.6666666666666666,get_reservation_details,0.6666666666666666,2
cascade-kev-4b-t0.9,38/t1/turn3,38,get_reservation_details,1,0.0,0.0,get_flight_status,1.0,1
cascade-kev-4b-t0.9,38/t1/turn7,38,get_flight_status,1,0.0,0.0,respond_to_user,1.0,1
cascade-kev-4b-t0.9,38/t1/turn8,38,get_flight_status,3,0.0,0.0,respond_to_user,1.0,1
cascade-kev-4b-t0.9,38/t1/turn9,38,respond_to_user,2,1.0,1.0,respond_to_user,1.0,1
cascade-kev-4b-t0.9,38/t2/turn0,38,respond_to_user,1,1.0,1.0,respond_to_user,1.0,1
cascade-kev-4b-t0.9,38/t2/turn1,38,get_user_details,2,0.0,0.0,respond_to_user,1.0,1
cascade-kev-4b-t0.9,38/t2/turn2,38,get_reservation_details,2,0.0,0.0,respond_to_user,1.0,1
cascade-kev-4b-t0.9,38/t2/turn4,38,get_flight_status,1,0.0,0.0,respond_to_user,1.0,1
cascade-kev-4b-t0.9,38/t2/turn5,38,get_flight_status,1,1.0,1.0,get_flight_status,1.0,1
cascade-kev-4b-t0.9,38/t2/turn6,38,respond_to_user,1,1.0,1.0,respond_to_user,1.0,1
cascade-kev-4b-t0.9,38/t2/turn7,38,respond_to_user,1,1.0,1.0,respond_to_user,1.0,1
cascade-kev-4b-t0.9,4/t0/turn0,4,respond_to_user,2,1.0,1.0,respond_to_user,1.0,1
cascade-kev-4b-t0.9,4/t0/turn1,4,get_user_details,1,1.0,1.0,get_user_details,1.0,1
cascade-kev-4b-t0.9,4/t0/turn3,4,get_reservation_details,1,0.0,0.0,respond_to_user,1.0,1
cascade-kev-4b-t0.9,4/t0/turn4,4,get_reservation_details,4,0.0,0.0,get_flight_status,0.75,2
cascade-kev-4b-t0.9,4/t0/turn5,4,get_reservation_details,1,0.0,0.0,get_flight_status,1.0,1
cascade-kev-4b-t0.9,4/t0/turn6,4,get_reservation_details,1,0.0,0.0,respond_to_user,1.0,1
cascade-kev-4b-t0.9,4/t0/turn7,4,get_flight_status,1,0.0,0.0,respond_to_user,1.0,1
cascade-kev-4b-t0.9,4/t0/turn8,4,get_flight_status,2,0.0,0.0,respond_to_user,1.0,1
cascade-kev-4b-t0.9,4/t0/turn9,4,respond_to_user,1,1.0,1.0,respond_to_user,1.0,1
cascade-kev-4b-t0.9,4/t1/turn0,4,respond_to_user,2,1.0,1.0,respond_to_user,1.0,1
cascade-kev-4b-t0.9,4/t1/turn10,4,transfer_to_human_agents,1,0.0,0.0,respond_to_user,1.0,1
cascade-kev-4b-t0.9,4/t1/turn11,4,respond_to_user,1,1.0,1.0,respond_to_user,1.0,1
cascade-kev-4b-t0.9,4/t1/turn3,4,get_reservation_details,1,0.0,0.0,get_flight_status,1.0,1
cascade-kev-4b-t0.9,4/t1/turn5,4,get_reservation_details,1,0.0,0.0,respond_to_user,1.0,1
cascade-kev-4b-t0.9,4/t1/turn6,4,get_reservation_details,1,0.0,0.0,respond_to_user,1.0,1
cascade-kev-4b-t0.9,4/t1/turn8,4,get_flight_status,1,0.0,0.0,respond_to_user,1.0,1
cascade-kev-4b-t0.9,4/t1/turn9,4,respond_to_user,1,1.0,1.0,respond_to_user,1.0,1
cascade-kev-4b-t0.9,4/t2/turn0,4,respond_to_user,2,1.0,1.0,respond_to_user,1.0,1
cascade-kev-4b-t0.9,4/t2/turn1,4,get_user_details,1,1.0,1.0,get_user_details,1.0,1
cascade-kev-4b-t0.9,4/t2/turn2,4,get_reservation_details,1,0.0,0.0,respond_to_user,1.0,1
cascade-kev-4b-t0.9,4/t2/turn3,4,get_reservation_details,2,0.5,0.5,get_reservation_details,0.5,2
cascade-kev-4b-t0.9,4/t2/turn4,4,get_reservation_details,1,1.0,1.0,get_reservation_details,1.0,1
cascade-kev-4b-t0.9,4/t2/turn5,4,get_reservation_details,1,0.0,0.0,respond_to_user,1.0,1
cascade-kev-4b-t0.9,4/t2/turn6,4,get_reservation_details,5,0.2,0.2,respond_to_user,0.8,2
cascade-kev-4b-t0.9,4/t2/turn7,4,get_flight_status,1,0.0,0.0,respond_to_user,1.0,1
cascade-kev-4b-t0.9,4/t2/turn8,4,get_flight_status,3,0.0,0.0,respond_to_user,1.0,1
cascade-kev-4b-t0.9,4/t2/turn9,4,respond_to_user,1,1.0,1.0,respond_to_user,1.0,1
cascade-kev-4b-t0.9,40/t0/turn2,40,respond_to_user,1,1.0,1.0,respond_to_user,1.0,1
cascade-kev-4b-t0.9,40/t0/turn3,40,update_reservation_passengers,1,1.0,1.0,update_reservation_passengers,1.0,1
cascade-kev-4b-t0.9,40/t0/turn4,40,respond_to_user,4,1.0,1.0,respond_to_user,1.0,1
cascade-kev-4b-t0.9,40/t1/turn0,40,respond_to_user,1,1.0,1.0,respond_to_user,1.0,1
cascade-kev-4b-t0.9,40/t1/turn2,40,respond_to_user,1,1.0,1.0,respond_to_user,1.0,1
cascade-kev-4b-t0.9,40/t1/turn3,40,update_reservation_passengers,1,1.0,1.0,update_reservation_passengers,1.0,1
cascade-kev-4b-t0.9,40/t1/turn4,40,respond_to_user,2,1.0,1.0,respond_to_user,1.0,1
cascade-kev-4b-t0.9,40/t2/turn0,40,respond_to_user,1,1.0,1.0,respond_to_user,1.0,1
cascade-kev-4b-t0.9,40/t2/turn2,40,respond_to_user,2,1.0,1.0,respond_to_user,1.0,1
cascade-kev-4b-t0.9,40/t2/turn3,40,update_reservation_passengers,2,1.0,1.0,update_reservation_passengers,1.0,1
cascade-kev-4b-t0.9,40/t2/turn4,40,respond_to_user,2,1.0,1.0,respond_to_user,1.0,1
cascade-kev-4b-t0.9,41/t0/turn0,41,respond_to_user,2,1.0,1.0,respond_to_user,1.0,1
cascade-kev-4b-t0.9,41/t0/turn10,41,respond_to_user,1,0.0,0.0,transfer_to_human_agents,1.0,1
cascade-kev-4b-t0.9,41/t0/turn11,41,transfer_to_human_agents,1,1.0,1.0,transfer_to_human_agents,1.0,1
cascade-kev-4b-t0.9,41/t0/turn12,41,respond_to_user,3,1.0,1.0,respond_to_user,1.0,1
cascade-kev-4b-t0.9,41/t0/turn3,41,get_reservation_details,1,1.0,1.0,get_reservation_details,1.0,1
cascade-kev-4b-t0.9,41/t0/turn4,41,get_reservation_details,2,0.0,0.0,respond_to_user,0.5,2
cascade-kev-4b-t0.9,41/t0/turn5,41,get_reservation_details,3,0.6666666666666666,0.6666666666666666,get_reservation_details,0.6666666666666666,2
cascade-kev-4b-t0.9,41/t0/turn6,41,get_reservation_details,2,1.0,1.0,get_reservation_details,1.0,1
cascade-kev-4b-t0.9,41/t0/turn7,41,get_reservation_details,1,0.0,0.0,transfer_to_human_agents,1.0,1
cascade-kev-4b-t0.9,41/t0/turn8,41,get_reservation_details,2,0.5,0.5,get_reservation_details,0.5,2
cascade-kev-4b-t0.9,41/t1/turn0,41,respond_to_user,2,1.0,1.0,respond_to_user,1.0,1
cascade-kev-4b-t0.9,41/t1/turn12,41,transfer_to_human_agents,2,0.5,0.5,respond_to_user,0.5,2
cascade-kev-4b-t0.9,41/t1/turn3,41,get_reservation_details,1,1.0,1.0,get_reservation_details,1.0,1
cascade-kev-4b-t0.9,41/t1/turn5,41,get_reservation_details,2,1.0,1.0,get_reservation_details,1.0,1
cascade-kev-4b-t0.9,41/t1/turn6,41,get_reservation_details,3,0.3333333333333333,0.3333333333333333,respond_to_user,0.6666666666666666,2
cascade-kev-4b-t0.9,41/t1/turn8,41,get_reservation_details,2,0.0,0.0,cancel_reservation,0.5,2
cascade-kev-4b-t0.9,41/t2/turn0,41,respond_to_user,1,1.0,1.0,respond_to_user,1.0,1
cascade-kev-4b-t0.9,41/t2/turn1,41,get_user_details,1,1.0,1.0,get_user_details,1.0,1
cascade-kev-4b-t0.9,41/t2/turn10,41,respond_to_user,2,1.0,1.0,respond_to_user,1.0,1
cascade-kev-4b-t0.9,41/t2/turn12,41,respond_to_user,1,1.0,1.0,respond_to_user,1.0,1
cascade-kev-4b-t0.9,41/t2/turn2,41,get_reservation_details,2,1.0,1.0,get_reservation_details,1.0,1
cascade-kev-4b-t0.9,41/t2/turn3,41,get_reservation_details,2,1.0,1.0,get_reservation_details,1.0,1
cascade-kev-4b-t0.9,41/t2/turn5,41,get_reservation_details,1,1.0,1.0,get_reservation_details,1.0,1
cascade-kev-4b-t0.9,41/t2/turn6,41,get_reservation_details,1,0.0,0.0,respond_to_user,1.0,1
cascade-kev-4b-t0.9,41/t2/turn8,41,get_reservation_details,1,0.0,0.0,transfer_to_human_agents,1.0,1
cascade-kev-4b-t0.9,41/t2/turn9,41,respond_to_user,1,1.0,1.0,respond_to_user,1.0,1
cascade-kev-4b-t0.9,42/t0/turn0,42,respond_to_user,2,1.0,1.0,respond_to_user,1.0,1
cascade-kev-4b-t0.9,42/t0/turn11,42,cancel_reservation,2,1.0,1.0,cancel_reservation,1.0,1
cascade-kev-4b-t0.9,42/t0/turn12,42,cancel_reservation,1,1.0,1.0,cancel_reservation,1.0,1
cascade-kev-4b-t0.9,42/t0/turn13,42,respond_to_user,1,1.0,1.0,respond_to_user,1.0,1
cascade-kev-4b-t0.9,42/t0/turn2,42,get_reservation_details,1,1.0,1.0,get_reservation_details,1.0,1
cascade-kev-4b-t0.9,42/t0/turn3,42,get_reservation_details,1,1.0,1.0,get_reservation_details,1.0,1
cascade-kev-4b-t0.9,42/t0/turn4,42,get_reservation_details,3,1.0,1.0,get_reservation_details,1.0,1
cascade-kev-4b-t0.9,42/t0/turn6,42,get_reservation_details,1,0.0,0.0,respond_to_user,1.0,1
cascade-kev-4b-t0.9,42/t0/turn7,42,get_reservation_details,1,0.0,0.0,respond_to_user,1.0,1
cascade-kev-4b-t0.9,42/t0/turn9,42,respond_to_user,1,1.0,1.0,respond_to_user,1.0,1
cascade-kev-4b-t0.9,42/t1/turn0,42,respond_to_user,1,1.0,1.0,respond_to_user,1.0,1
cascade-kev-4b-t0.9,42/t1/turn1,42,get_user_details,3,1.0,1.0,get_user_details,1.0,1
cascade-kev-4b-t0.9,42/t1/turn12,42,cancel_reservation,4,0.75,0.75,cancel_reservation,0.75,2
cascade-kev-4b-t0.9,42/t1/turn2,42,get_reservation_details,1,1.0,1.0,get_reservation_details,1.0,1
cascade-kev-4b-t0.9,42/t1/turn3,42,get_reservation_details,2,1.0,1.0,get_reservation_details,1.0,1
cascade-kev-4b-t0.9,42/t1/turn4,42,get_reservation_details,2,1.0,1.0,get_reservation_details,1.0,1
cascade-kev-4b-t0.9,42/t1/turn5,42,get_reservation_details,3,0.6666666666666666,0.6666666666666666,get_reservation_details,0.6666666666666666,2
cascade-kev-4b-t0.9,42/t1/turn6,42,get_reservation_details,1,0.0,0.0,respond_to_user,1.0,1
cascade-kev-4b-t0.9,42/t1/turn7,42,get_reservation_details,1,0.0,0.0,respond_to_user,1.0,1
cascade-kev-4b-t0.9,42/t1/turn8,42,get_reservation_details,1,0.0,0.0,respond_to_user,1.0,1
cascade-kev-4b-t0.9,42/t1/turn9,42,respond_to_user,1,1.0,1.0,respond_to_user,1.0,1
cascade-kev-4b-t0.9,42/t2/turn0,42,respond_to_user,1,1.0,1.0,respond_to_user,1.0,1
cascade-kev-4b-t0.9,42/t2/turn1,42,get_user_details,2,1.0,1.0,get_user_details,1.0,1
cascade-kev-4b-t0.9,42/t2/turn10,42,cancel_reservation,1,0.0,0.0,respond_to_user,1.0,1
cascade-kev-4b-t0.9,42/t2/turn12,42,respond_to_user,1,1.0,1.0,respond_to_user,1.0,1
cascade-kev-4b-t0.9,42/t2/turn2,42,get_reservation_details,2,1.0,1.0,get_reservation_details,1.0,1
cascade-kev-4b-t0.9,42/t2/turn3,42,get_reservation_details,1,1.0,1.0,get_reservation_details,1.0,1
cascade-kev-4b-t0.9,42/t2/turn6,42,get_reservation_details,2,0.0,0.0,respond_to_user,1.0,1
cascade-kev-4b-t0.9,42/t2/turn7,42,get_reservation_details,1,0.0,0.0,respond_to_user,1.0,1
cascade-kev-4b-t0.9,42/t2/turn8,42,get_reservation_details,1,0.0,0.0,respond_to_user,1.0,1
cascade-kev-4b-t0.9,43/t0/turn1,43,get_user_details,2,1.0,1.0,get_user_details,1.0,1
cascade-kev-4b-t0.9,43/t0/turn10,43,respond_to_user,3,1.0,1.0,respond_to_user,1.0,1
cascade-kev-4b-t0.9,43/t0/turn2,43,get_reservation_details,2,0.5,0.5,get_reservation_details,0.5,2
cascade-kev-4b-t0.9,43/t0/turn4,43,get_reservation_details,2,1.0,1.0,get_reservation_details,1.0,1
cascade-kev-4b-t0.9,43/t0/turn5,43,get_reservation_details,1,0.0,0.0,transfer_to_human_agents,1.0,1
cascade-kev-4b-t0.9,43/t0/turn9,43,respond_to_user,2,1.0,1.0,respond_to_user,1.0,1
cascade-kev-4b-t0.9,43/t1/turn0,43,respond_to_user,1,1.0,1.0,respond_to_user,1.0,1
cascade-kev-4b-t0.9,43/t1/turn1,43,get_user_details,1,1.0,1.0,get_user_details,1.0,1
cascade-kev-4b-t0.9,43/t1/turn2,43,get_reservation_details,3,0.6666666666666666,0.6666666666666666,get_reservation_details,0.6666666666666666,2
cascade-kev-4b-t0.9,43/t1/turn3,43,get_reservation_details,3,1.0,1.0,get_reservation_details,1.0,1
cascade-kev-4b-t0.9,43/t1/turn4,43,get_reservation_details,2,1.0,1.0,get_reservation_details,1.0,1
cascade-kev-4b-t0.9,43/t1/turn5,43,get_reservation_details,1,1.0,1.0,get_reservation_details,1.0,1
cascade-kev-4b-t0.9,43/t1/turn6,43,get_reservation_details,2,0.0,0.0,transfer_to_human_agents,1.0,1
cascade-kev-4b-t0.9,43/t1/turn7,43,get_reservation_details,1,0.0,0.0,transfer_to_human_agents,1.0,1
cascade-kev-4b-t0.9,43/t1/turn8,43,transfer_to_human_agents,1,1.0,1.0,transfer_to_human_agents,1.0,1
cascade-kev-4b-t0.9,43/t1/turn9,43,respond_to_user,1,1.0,1.0,respond_to_user,1.0,1
cascade-kev-4b-t0.9,43/t2/turn0,43,respond_to_user,1,1.0,1.0,respond_to_user,1.0,1
cascade-kev-4b-t0.9,43/t2/turn3,43,get_reservation_details,1,0.0,0.0,respond_to_user,1.0,1
cascade-kev-4b-t0.9,43/t2/turn4,43,get_reservation_details,1,1.0,1.0,get_reservation_details,1.0,1
cascade-kev-4b-t0.9,43/t2/turn7,43,respond_to_user,1,0.0,0.0,transfer_to_human_agents,1.0,1
cascade-kev-4b-t0.9,43/t2/turn8,43,transfer_to_human_agents,1,0.0,0.0,respond_to_user,1.0,1
cascade-kev-4b-t0.9,43/t2/turn9,43,respond_to_user,3,1.0,1.0,respond_to_user,1.0,1
cascade-kev-4b-t0.9,45/t0/turn0,45,respond_to_user,3,1.0,1.0,respond_to_user,1.0,1
cascade-kev-4b-t0.9,45/t0/turn1,45,get_reservation_details,1,1.0,1.0,get_reservation_details,1.0,1
cascade-kev-4b-t0.9,45/t0/turn2,45,get_flight_status,1,0.0,0.0,transfer_to_human_agents,1.0,1
cascade-kev-4b-t0.9,45/t0/turn3,45,respond_to_user,3,0.0,0.0,transfer_to_human_agents,1.0,1
cascade-kev-4b-t0.9,45/t1/turn2,45,get_flight_status,2,0.0,0.0,respond_to_user,0.5,2
cascade-kev-4b-t0.9,45/t1/turn3,45,get_flight_status,3,0.0,0.0,respond_to_user,0.6666666666666666,2
cascade-kev-4b-t0.9,45/t1/turn4,45,respond_to_user,3,1.0,1.0,respond_to_user,1.0,1
cascade-kev-4b-t0.9,45/t1/turn5,45,respond_to_user,2,0.5,0.5,respond_to_user,0.5,2
cascade-kev-4b-t0.9,45/t2/turn0,45,respond_to_user,1,1.0,1.0,respond_to_user,1.0,1
cascade-kev-4b-t0.9,45/t2/turn2,45,respond_to_user,2,0.0,0.0,transfer_to_human_agents,1.0,1
cascade-kev-4b-t0.9,46/t0/turn0,46,transfer_to_human_agents,2,0.5,0.5,transfer_to_human_agents,0.5,2
cascade-kev-4b-t0.9,46/t1/turn1,46,respond_to_user,1,1.0,1.0,respond_to_user,1.0,1
cascade-kev-4b-t0.9,46/t2/turn1,46,respond_to_user,2,0.5,0.5,respond_to_user,0.5,2
cascade-kev-4b-t0.9,47/t0/turn0,47,respond_to_user,2,1.0,1.0,respond_to_user,1.0,1
cascade-kev-4b-t0.9,47/t0/turn1,47,get_reservation_details,2,1.0,1.0,get_reservation_details,1.0,1
cascade-kev-4b-t0.9,47/t0/turn2,47,respond_to_user,1,1.0,1.0,respond_to_user,1.0,1
cascade-kev-4b-t0.9,47/t0/turn3,47,respond_to_user,2,1.0,1.0,respond_to_user,1.0,1
cascade-kev-4b-t0.9,47/t0/turn4,47,respond_to_user,1,1.0,1.0,respond_to_user,1.0,1
cascade-kev-4b-t0.9,47/t0/turn5,47,respond_to_user,1,1.0,1.0,respond_to_user,1.0,1
cascade-kev-4b-t0.9,47/t0/turn6,47,respond_to_user,1,1.0,1.0,respond_to_user,1.0,1
cascade-kev-4b-t0.9,47/t0/turn7,47,respond_to_user,1,1.0,1.0,respond_to_user,1.0,1
cascade-kev-4b-t0.9,47/t1/turn1,47,get_user_details,1,0.0,1.0,get_reservation_details,1.0,1
cascade-kev-4b-t0.9,47/t1/turn2,47,get_reservation_details,1,1.0,1.0,get_reservation_details,1.0,1
cascade-kev-4b-t0.9,47/t1/turn3,47,get_flight_status,1,0.0,0.0,transfer_to_human_agents,1.0,1
cascade-kev-4b-t0.9,47/t1/turn4,47,respond_to_user,1,0.0,0.0,transfer_to_human_agents,1.0,1
cascade-kev-4b-t0.9,47/t1/turn6,47,respond_to_user,1,1.0,1.0,respond_to_user,1.0,1
cascade-kev-4b-t0.9,47/t2/turn0,47,respond_to_user,1,1.0,1.0,respond_to_user,1.0,1
cascade-kev-4b-t0.9,47/t2/turn1,47,get_user_details,2,0.0,1.0,get_reservation_details,1.0,1
cascade-kev-4b-t0.9,47/t2/turn3,47,respond_to_user,1,1.0,1.0,respond_to_user,1.0,1
cascade-kev-4b-t0.9,47/t2/turn4,47,respond_to_user,4,1.0,1.0,respond_to_user,1.0,1
cascade-kev-4b-t0.9,47/t2/turn5,47,respond_to_user,3,1.0,1.0,respond_to_user,1.0,1
cascade-kev-4b-t0.9,47/t2/turn6,47,transfer_to_human_agents,2,0.0,0.0,respond_to_user,1.0,1
cascade-kev-4b-t0.9,47/t2/turn7,47,respond_to_user,1,1.0,1.0,respond_to_user,1.0,1
cascade-kev-4b-t0.9,48/t0/turn1,48,get_reservation_details,2,1.0,1.0,get_reservation_details,1.0,1
cascade-kev-4b-t0.9,48/t0/turn2,48,respond_to_user,1,1.0,1.0,respond_to_user,1.0,1
cascade-kev-4b-t0.9,48/t0/turn3,48,get_reservation_details,1,0.0,0.0,respond_to_user,1.0,1
cascade-kev-4b-t0.9,48/t0/turn4,48,transfer_to_human_agents,1,0.0,0.0,respond_to_user,1.0,1
cascade-kev-4b-t0.9,48/t0/turn5,48,respond_to_user,2,1.0,1.0,respond_to_user,1.0,1
cascade-kev-4b-t0.9,48/t1/turn3,48,get_reservation_details,1,0.0,0.0,respond_to_user,1.0,1
cascade-kev-4b-t0.9,48/t1/turn4,48,transfer_to_human_agents,1,0.0,0.0,respond_to_user,1.0,1
cascade-kev-4b-t0.9,48/t1/turn5,48,respond_to_user,1,1.0,1.0,respond_to_user,1.0,1
cascade-kev-4b-t0.9,48/t2/turn0,48,respond_to_user,1,1.0,1.0,respond_to_user,1.0,1
cascade-kev-4b-t0.9,48/t2/turn1,48,get_reservation_details,1,0.0,0.0,respond_to_user,1.0,1
cascade-kev-4b-t0.9,48/t2/turn3,48,get_reservation_details,1,0.0,0.0,respond_to_user,1.0,1
cascade-kev-4b-t0.9,48/t2/turn4,48,transfer_to_human_agents,1,0.0,0.0,respond_to_user,1.0,1
cascade-kev-4b-t0.9,49/t0/turn0,49,respond_to_user,1,1.0,1.0,respond_to_user,1.0,1
cascade-kev-4b-t0.9,49/t0/turn1,49,get_reservation_details,1,1.0,1.0,get_reservation_details,1.0,1
cascade-kev-4b-t0.9,49/t0/turn2,49,transfer_to_human_agents,1,0.0,0.0,respond_to_user,1.0,1
cascade-kev-4b-t0.9,49/t0/turn3,49,respond_to_user,1,1.0,1.0,respond_to_user,1.0,1
cascade-kev-4b-t0.9,49/t1/turn0,49,respond_to_user,1,1.0,1.0,respond_to_user,1.0,1
cascade-kev-4b-t0.9,49/t1/turn1,49,get_reservation_details,1,1.0,1.0,get_reservation_details,1.0,1
cascade-kev-4b-t0.9,49/t1/turn2,49,respond_to_user,2,0.0,0.0,transfer_to_human_agents,1.0,1
cascade-kev-4b-t0.9,49/t1/turn3,49,get_user_details,1,0.0,0.0,respond_to_user,1.0,1
cascade-kev-4b-t0.9,49/t1/turn5,49,respond_to_user,1,1.0,1.0,respond_to_user,1.0,1
cascade-kev-4b-t0.9,49/t2/turn3,49,get_user_details,1,1.0,1.0,get_user_details,1.0,1
cascade-kev-4b-t0.9,49/t2/turn4,49,transfer_to_human_agents,1,0.0,0.0,respond_to_user,1.0,1
cascade-kev-4b-t0.9,49/t2/turn5,49,respond_to_user,3,1.0,1.0,respond_to_user,1.0,1
cascade-kev-4b-t0.9,5/t0/turn0,5,respond_to_user,4,0.75,0.75,respond_to_user,0.75,2
cascade-kev-4b-t0.9,5/t0/turn1,5,respond_to_user,1,1.0,1.0,respond_to_user,1.0,1
cascade-kev-4b-t0.9,5/t1/turn1,5,get_user_details,3,0.0,0.0,respond_to_user,0.6666666666666666,2
cascade-kev-4b-t0.9,5/t1/turn10,5,transfer_to_human_agents,1,0.0,0.0,respond_to_user,1.0,1
cascade-kev-4b-t0.9,5/t1/turn2,5,get_reservation_details,2,0.5,0.5,respond_to_user,0.5,2
cascade-kev-4b-t0.9,5/t1/turn3,5,get_reservation_details,1,1.0,1.0,get_reservation_details,1.0,1
cascade-kev-4b-t0.9,5/t1/turn5,5,get_flight_status,2,0.5,0.5,get_flight_status,0.5,2
cascade-kev-4b-t0.9,5/t1/turn6,5,respond_to_user,3,1.0,1.0,respond_to_user,1.0,1
cascade-kev-4b-t0.9,5/t1/turn7,5,respond_to_user,1,1.0,1.0,respond_to_user,1.0,1
cascade-kev-4b-t0.9,5/t1/turn8,5,get_user_details,2,0.0,0.0,respond_to_user,1.0,1
cascade-kev-4b-t0.9,5/t1/turn9,5,respond_to_user,1,1.0,1.0,respond_to_user,1.0,1
cascade-kev-4b-t0.9,5/t2/turn0,5,respond_to_user,3,1.0,1.0,respond_to_user,1.0,1
cascade-kev-4b-t0.9,5/t2/turn1,5,respond_to_user,1,1.0,1.0,respond_to_user,1.0,1
cascade-kev-4b-t0.9,5/t2/turn3,5,respond_to_user,1,1.0,1.0,respond_to_user,1.0,1
cascade-kev-4b-t0.9,6/t0/turn3,6,respond_to_user,1,0.0,0.0,transfer_to_human_agents,1.0,1
cascade-kev-4b-t0.9,6/t0/turn4,6,transfer_to_human_agents,1,0.0,0.0,respond_to_user,1.0,1
cascade-kev-4b-t0.9,6/t1/turn0,6,respond_to_user,1,1.0,1.0,respond_to_user,1.0,1
cascade-kev-4b-t0.9,6/t1/turn2,6,respond_to_user,1,1.0,1.0,respond_to_user,1.0,1
cascade-kev-4b-t0.9,6/t1/turn3,6,respond_to_user,1,1.0,1.0,respond_to_user,1.0,1
cascade-kev-4b-t0.9,6/t1/turn4,6,get_flight_status,1,0.0,0.0,search_onestop_flight,1.0,1
cascade-kev-4b-t0.9,6/t1/turn5,6,get_flight_status,1,0.0,0.0,respond_to_user,1.0,1
cascade-kev-4b-t0.9,6/t1/turn6,6,respond_to_user,2,0.5,0.5,respond_to_user,0.5,2
cascade-kev-4b-t0.9,6/t1/turn7,6,respond_to_user,2,1.0,1.0,respond_to_user,1.0,1
cascade-kev-4b-t0.9,6/t1/turn8,6,respond_to_user,2,1.0,1.0,respond_to_user,1.0,1
cascade-kev-4b-t0.9,6/t2/turn0,6,respond_to_user,1,1.0,1.0,respond_to_user,1.0,1
cascade-kev-4b-t0.9,6/t2/turn1,6,get_reservation_details,1,1.0,1.0,get_reservation_details,1.0,1
cascade-kev-4b-t0.9,6/t2/turn3,6,respond_to_user,1,1.0,1.0,respond_to_user,1.0,1
cascade-kev-4b-t0.9,6/t2/turn4,6,respond_to_user,1,0.0,0.0,transfer_to_human_agents,1.0,1
cascade-kev-4b-t0.9,6/t2/turn5,6,get_flight_status,2,0.0,0.0,respond_to_user,0.5,2
cascade-kev-4b-t0.9,6/t2/turn6,6,get_flight_status,1,0.0,0.0,respond_to_user,1.0,1
cascade-kev-4b-t0.9,6/t2/turn7,6,respond_to_user,2,0.5,0.5,respond_to_user,0.5,2
cascade-kev-4b-t0.9,6/t2/turn8,6,respond_to_user,1,1.0,1.0,respond_to_user,1.0,1
cascade-kev-4b-t0.9,8/t1/turn0,8,respond_to_user,2,1.0,1.0,respond_to_user,1.0,1
cascade-kev-4b-t0.9,8/t1/turn1,8,get_user_details,1,1.0,1.0,get_user_details,1.0,1
cascade-kev-4b-t0.9,8/t1/turn10,8,respond_to_user,1,0.0,0.0,book_reservation,1.0,1
cascade-kev-4b-t0.9,8/t1/turn11,8,book_reservation,1,1.0,1.0,book_reservation,1.0,1
cascade-kev-4b-t0.9,8/t1/turn2,8,get_reservation_details,2,0.0,0.0,respond_to_user,1.0,1
cascade-kev-4b-t0.9,8/t1/turn3,8,get_reservation_details,1,0.0,0.0,respond_to_user,1.0,1
cascade-kev-4b-t0.9,8/t1/turn5,8,get_reservation_details,1,0.0,0.0,respond_to_user,1.0,1
cascade-kev-4b-t0.9,8/t1/turn6,8,get_reservation_details,1,0.0,1.0,search_direct_flight,1.0,1
cascade-kev-4b-t0.9,8/t1/turn7,8,search_direct_flight,1,1.0,1.0,search_direct_flight,1.0,1
cascade-kev-4b-t0.9,8/t1/turn8,8,respond_to_user,2,1.0,1.0,respond_to_user,1.0,1
cascade-kev-4b-t0.9,8/t2/turn0,8,respond_to_user,1,1.0,1.0,respond_to_user,1.0,1
cascade-kev-4b-t0.9,8/t2/turn10,8,book_reservation,2,1.0,1.0,book_reservation,1.0,1
cascade-kev-4b-t0.9,8/t2/turn11,8,respond_to_user,2,1.0,1.0,respond_to_user,1.0,1
cascade-kev-4b-t0.9,8/t2/turn3,8,get_reservation_details,2,0.0,0.5,search_direct_flight,0.5,2
cascade-kev-4b-t0.9,8/t2/turn6,8,get_reservation_details,2,0.0,0.0,respond_to_user,1.0,1
cascade-kev-4b-t0.9,8/t2/turn7,8,search_direct_flight,1,0.0,0.0,respond_to_user,1.0,1
cascade-kev-4b-t0.9,8/t2/turn9,8,respond_to_user,1,1.0,1.0,respond_to_user,1.0,1
cascade-kev-4b-t0.9,9/t0/turn0,9,respond_to_user,2,1.0,1.0,respond_to_user,1.0,1
cascade-kev-4b-t0.9,9/t0/turn1,9,get_user_details,3,0.0,0.0,get_reservation_details,1.0,1
cascade-kev-4b-t0.9,9/t0/turn2,9,get_reservation_details,1,1.0,1.0,get_reservation_details,1.0,1
cascade-kev-4b-t0.9,9/t0/turn3,9,get_reservation_details,1,1.0,1.0,get_reservation_details,1.0,1
cascade-kev-4b-t0.9,9/t0/turn5,9,search_direct_flight,3,0.6666666666666666,0.6666666666666666,search_direct_flight,0.6666666666666666,2
cascade-kev-4b-t0.9,9/t0/turn6,9,get_flight_status,2,0.0,0.0,respond_to_user,0.5,2
cascade-kev-4b-t0.9,9/t0/turn7,9,transfer_to_human_agents,1,1.0,1.0,transfer_to_human_agents,1.0,1
cascade-kev-4b-t0.9,9/t0/turn8,9,respond_to_user,1,1.0,1.0,respond_to_user,1.0,1
cascade-kev-4b-t0.9,9/t1/turn0,9,respond_to_user,2,1.0,1.0,respond_to_user,1.0,1
cascade-kev-4b-t0.9,9/t1/turn1,9,get_user_details,1,0.0,0.0,get_reservation_details,1.0,1
cascade-kev-4b-t0.9,9/t1/turn10,9,respond_to_user,1,1.0,1.0,respond_to_user,1.0,1
cascade-kev-4b-t0.9,9/t1/turn2,9,get_reservation_details,2,0.5,0.5,respond_to_user,0.5,2
cascade-kev-4b-t0.9,9/t1/turn3,9,get_reservation_details,2,0.5,0.5,respond_to_user,0.5,2
cascade-kev-4b-t0.9,9/t1/turn4,9,get_reservation_details,1,0.0,0.0,transfer_to_human_agents,1.0,1
cascade-kev-4b-t0.9,9/t1/turn7,9,get_flight_status,2,0.0,0.5,respond_to_user,0.5,2
cascade-kev-4b-t0.9,9/t1/turn8,9,search_direct_flight,1,0.0,0.0,transfer_to_human_agents,1.0,1
cascade-kev-4b-t0.9,9/t2/turn0,9,respond_to_user,1,1.0,1.0,respond_to_user,1.0,1
cascade-kev-4b-t0.9,9/t2/turn1,9,get_user_details,1,0.0,0.0,get_reservation_details,1.0,1
cascade-kev-4b-t0.9,9/t2/turn2,9,get_reservation_details,2,1.0,1.0,get_reservation_details,1.0,1
cascade-kev-4b-t0.9,9/t2/turn4,9,get_reservation_details,1,1.0,1.0,get_reservation_details,1.0,1
cascade-kev-4b-t0.9,9/t2/turn5,9,get_flight_status,3,0.0,0.3333333333333333,respond_to_user,0.3333333333333333,3
cascade-kev-4b-t0.9,9/t2/turn8,9,respond_to_user,2,1.0,1.0,respond_to_user,1.0,1
jev,0/t0/turn0,0,respond_to_user,5,1.0,1.0,respond_to_user,1.0,1
jev,0/t0/turn1,0,get_reservation_details,5,0.0,0.0,respond_to_user,1.0,1
jev,0/t0/turn2,0,respond_to_user,5,1.0,1.0,respond_to_user,1.0,1
jev,0/t0/turn3,0,transfer_to_human_agents,5,0.0,0.0,respond_to_user,1.0,1
jev,0/t0/turn4,0,respond_to_user,5,1.0,1.0,respond_to_user,1.0,1
jev,0/t1/turn0,0,respond_to_user,5,1.0,1.0,respond_to_user,1.0,1
jev,0/t1/turn1,0,get_user_details,5,0.0,0.0,get_reservation_details,1.0,1
jev,0/t1/turn2,0,respond_to_user,5,1.0,1.0,respond_to_user,1.0,1
jev,0/t1/turn3,0,respond_to_user,5,1.0,1.0,respond_to_user,1.0,1
jev,0/t2/turn0,0,respond_to_user,5,1.0,1.0,respond_to_user,1.0,1
jev,0/t2/turn1,0,get_user_details,5,0.0,0.0,get_reservation_details,1.0,1
jev,0/t2/turn2,0,get_reservation_details,5,1.0,1.0,get_reservation_details,1.0,1
jev,0/t2/turn3,0,get_flight_status,5,0.0,0.0,respond_to_user,1.0,1
jev,0/t2/turn4,0,respond_to_user,5,1.0,1.0,respond_to_user,1.0,1
jev,0/t2/turn5,0,respond_to_user,5,1.0,1.0,respond_to_user,1.0,1
jev,1/t0/turn0,1,respond_to_user,5,1.0,1.0,respond_to_user,1.0,1
jev,1/t0/turn1,1,get_user_details,5,1.0,1.0,get_user_details,1.0,1
jev,1/t0/turn10,1,respond_to_user,5,1.0,1.0,respond_to_user,1.0,1
jev,1/t0/turn11,1,transfer_to_human_agents,5,0.6,0.6,transfer_to_human_agents,0.6,2
jev,1/t0/turn12,1,respond_to_user,5,1.0,1.0,respond_to_user,1.0,1
jev,1/t0/turn2,1,get_reservation_details,5,1.0,1.0,get_reservation_details,1.0,1
jev,1/t0/turn3,1,get_reservation_details,5,1.0,1.0,get_reservation_details,1.0,1
jev,1/t0/turn4,1,get_reservation_details,5,1.0,1.0,get_reservation_details,1.0,1
jev,1/t0/turn5,1,get_reservation_details,5,1.0,1.0,get_reservation_details,1.0,1
jev,1/t0/turn6,1,get_reservation_details,5,1.0,1.0,get_reservation_details,1.0,1
jev,1/t0/turn7,1,get_flight_status,5,0.0,0.0,respond_to_user,1.0,1
jev,1/t0/turn8,1,get_flight_status,5,0.0,0.0,respond_to_user,1.0,1
jev,1/t0/turn9,1,get_flight_status,5,0.0,0.0,respond_to_user,1.0,1
jev,1/t1/turn0,1,respond_to_user,5,1.0,1.0,respond_to_user,1.0,1
jev,1/t1/turn1,1,get_user_details,5,1.0,1.0,get_user_details,1.0,1
jev,1/t1/turn10,1,get_flight_status,5,0.0,0.0,respond_to_user,1.0,1
jev,1/t1/turn11,1,respond_to_user,5,1.0,1.0,respond_to_user,1.0,1
jev,1/t1/turn2,1,get_reservation_details,5,1.0,1.0,get_reservation_details,1.0,1
jev,1/t1/turn3,1,get_reservation_details,5,1.0,1.0,get_reservation_details,1.0,1
jev,1/t1/turn4,1,get_reservation_details,5,1.0,1.0,get_reservation_details,1.0,1
jev,1/t1/turn5,1,get_reservation_details,5,1.0,1.0,get_reservation_details,1.0,1
jev,1/t1/turn6,1,get_reservation_details,5,1.0,1.0,get_reservation_details,1.0,1
jev,1/t1/turn7,1,respond_to_user,5,1.0,1.0,respond_to_user,1.0,1
jev,1/t1/turn8,1,get_flight_status,5,0.0,0.0,respond_to_user,1.0,1
jev,1/t1/turn9,1,get_flight_status,5,0.2,0.2,respond_to_user,0.8,2
jev,1/t2/turn0,1,respond_to_user,5,1.0,1.0,respond_to_user,1.0,1
jev,1/t2/turn1,1,get_user_details,5,1.0,1.0,get_user_details,1.0,1
jev,1/t2/turn2,1,get_reservation_details,5,1.0,1.0,get_reservation_details,1.0,1
jev,1/t2/turn3,1,get_reservation_details,5,1.0,1.0,get_reservation_details,1.0,1
jev,1/t2/turn4,1,get_reservation_details,5,1.0,1.0,get_reservation_details,1.0,1
jev,1/t2/turn5,1,get_reservation_details,5,1.0,1.0,get_reservation_details,1.0,1
jev,1/t2/turn6,1,get_reservation_details,5,1.0,1.0,get_reservation_details,1.0,1
jev,1/t2/turn7,1,respond_to_user,5,1.0,1.0,respond_to_user,1.0,1
jev,10/t0/turn0,10,respond_to_user,5,1.0,1.0,respond_to_user,1.0,1
jev,10/t0/turn1,10,get_user_details,5,1.0,1.0,get_user_details,1.0,1
jev,10/t0/turn10,10,respond_to_user,5,1.0,1.0,respond_to_user,1.0,1
jev,10/t0/turn11,10,respond_to_user,5,1.0,1.0,respond_to_user,1.0,1
jev,10/t0/turn2,10,get_reservation_details,5,1.0,1.0,get_reservation_details,1.0,1
jev,10/t0/turn3,10,search_onestop_flight,5,0.0,0.0,respond_to_user,0.8,2
jev,10/t0/turn4,10,search_direct_flight,5,0.0,0.0,respond_to_user,1.0,1
jev,10/t0/turn5,10,search_direct_flight,5,0.0,0.0,respond_to_user,1.0,1
jev,10/t0/turn6,10,search_direct_flight,5,0.0,0.0,respond_to_user,1.0,1
jev,10/t0/turn7,10,respond_to_user,5,1.0,1.0,respond_to_user,1.0,1
jev,10/t0/turn8,10,respond_to_user,5,0.8,0.8,respond_to_user,0.8,2
jev,10/t0/turn9,10,respond_to_user,5,1.0,1.0,respond_to_user,1.0,1
jev,10/t1/turn0,10,respond_to_user,5,1.0,1.0,respond_to_user,1.0,1
jev,10/t1/turn1,10,get_user_details,5,1.0,1.0,get_user_details,1.0,1
jev,10/t1/turn10,10,respond_to_user,5,1.0,1.0,respond_to_user,1.0,1
jev,10/t1/turn2,10,get_reservation_details,5,1.0,1.0,get_reservation_details,1.0,1
jev,10/t1/turn3,10,respond_to_user,5,0.8,0.8,respond_to_user,0.8,2
jev,10/t1/turn4,10,search_direct_flight,5,0.0,0.0,search_onestop_flight,1.0,1
jev,10/t1/turn5,10,search_onestop_flight,5,1.0,1.0,search_onestop_flight,1.0,1
jev,10/t1/turn6,10,search_direct_flight,5,0.0,0.0,respond_to_user,1.0,1
jev,10/t1/turn7,10,search_direct_flight,5,1.0,1.0,search_direct_flight,1.0,1
jev,10/t1/turn8,10,respond_to_user,5,1.0,1.0,respond_to_user,1.0,1
jev,10/t1/turn9,10,respond_to_user,5,1.0,1.0,respond_to_user,1.0,1
jev,10/t2/turn0,10,respond_to_user,5,1.0,1.0,respond_to_user,1.0,1
jev,10/t2/turn1,10,get_user_details,5,1.0,1.0,get_user_details,1.0,1
jev,10/t2/turn2,10,get_reservation_details,5,1.0,1.0,get_reservation_details,1.0,1
jev,10/t2/turn3,10,search_direct_flight,5,0.0,0.0,get_reservation_details,0.6,2
jev,10/t2/turn4,10,search_onestop_flight,5,1.0,1.0,search_onestop_flight,1.0,1
jev,10/t2/turn5,10,search_direct_flight,5,0.0,0.0,respond_to_user,1.0,1
jev,10/t2/turn6,10,search_direct_flight,5,0.0,0.0,respond_to_user,1.0,1
jev,10/t2/turn7,10,respond_to_user,5,1.0,1.0,respond_to_user,1.0,1
jev,10/t2/turn8,10,respond_to_user,5,0.0,0.0,search_onestop_flight,1.0,1
jev,10/t2/turn9,10,respond_to_user,5,1.0,1.0,respond_to_user,1.0,1
jev,11/t0/turn0,11,respond_to_user,5,1.0,1.0,respond_to_user,1.0,1
jev,11/t0/turn1,11,get_user_details,5,1.0,1.0,get_user_details,1.0,1
jev,11/t0/turn2,11,get_reservation_details,5,1.0,1.0,get_reservation_details,1.0,1
jev,11/t0/turn3,11,get_reservation_details,5,1.0,1.0,get_reservation_details,1.0,1
jev,11/t0/turn4,11,get_reservation_details,5,1.0,1.0,get_reservation_details,1.0,1
jev,11/t0/turn5,11,search_direct_flight,5,0.0,0.0,respond_to_user,1.0,1
jev,11/t0/turn6,11,respond_to_user,5,1.0,1.0,respond_to_user,1.0,1
jev,11/t0/turn7,11,update_reservation_flights,5,1.0,1.0,update_reservation_flights,1.0,1
jev,11/t0/turn8,11,respond_to_user,5,1.0,1.0,respond_to_user,1.0,1
jev,11/t1/turn0,11,respond_to_user,5,1.0,1.0,respond_to_user,1.0,1
jev,11/t1/turn1,11,get_user_details,5,1.0,1.0,get_user_details,1.0,1
jev,11/t1/turn2,11,get_reservation_details,5,1.0,1.0,get_reservation_details,1.0,1
jev,11/t1/turn3,11,get_reservation_details,5,1.0,1.0,get_reservation_details,1.0,1
jev,11/t1/turn4,11,get_reservation_details,5,1.0,1.0,get_reservation_details,1.0,1
jev,11/t1/turn5,11,search_direct_flight,5,0.0,0.0,respond_to_user,1.0,1
jev,11/t1/turn6,11,search_direct_flight,5,0.8,0.8,search_direct_flight,0.8,2
jev,11/t1/turn7,11,respond_to_user,5,1.0,1.0,respond_to_user,1.0,1
jev,11/t1/turn8,11,update_reservation_flights,5,1.0,1.0,update_reservation_flights,1.0,1
jev,11/t1/turn9,11,respond_to_user,5,1.0,1.0,respond_to_user,1.0,1
jev,11/t2/turn0,11,respond_to_user,5,1.0,1.0,respond_to_user,1.0,1
jev,11/t2/turn1,11,respond_to_user,5,1.0,1.0,respond_to_user,1.0,1
jev,11/t2/turn10,11,respond_to_user,5,1.0,1.0,respond_to_user,1.0,1
jev,11/t2/turn11,11,update_reservation_flights,5,1.0,1.0,update_reservation_flights,1.0,1
jev,11/t2/turn12,11,respond_to_user,5,1.0,1.0,respond_to_user,1.0,1
jev,11/t2/turn2,11,get_user_details,5,1.0,1.0,get_user_details,1.0,1
jev,11/t2/turn3,11,get_reservation_details,5,1.0,1.0,get_reservation_details,1.0,1
jev,11/t2/turn4,11,get_reservation_details,5,1.0,1.0,get_reservation_details,1.0,1
jev,11/t2/turn5,11,get_reservation_details,5,1.0,1.0,get_reservation_details,1.0,1
jev,11/t2/turn6,11,get_flight_status,5,0.0,0.0,respond_to_user,1.0,1
jev,11/t2/turn7,11,get_flight_status,5,0.4,0.4,respond_to_user,0.6,2
jev,11/t2/turn8,11,search_direct_flight,5,0.0,0.0,respond_to_user,1.0,1
jev,11/t2/turn9,11,search_direct_flight,5,0.8,0.8,search_direct_flight,0.8,2
jev,12/t0/turn0,12,respond_to_user,5,1.0,1.0,respond_to_user,1.0,1
jev,12/t0/turn1,12,get_reservation_details,5,1.0,1.0,get_reservation_details,1.0,1
jev,12/t0/turn2,12,search_direct_flight,5,0.0,0.0,get_user_details,1.0,1
jev,12/t0/turn3,12,search_direct_flight,5,1.0,1.0,search_direct_flight,1.0,1
jev,12/t0/turn4,12,get_user_details,5,0.0,0.0,respond_to_user,1.0,1
jev,12/t0/turn5,12,respond_to_user,5,1.0,1.0,respond_to_user,1.0,1
jev,12/t0/turn6,12,update_reservation_baggages,5,0.0,0.0,respond_to_user,1.0,1
jev,12/t0/turn7,12,respond_to_user,5,1.0,1.0,respond_to_user,1.0,1
jev,12/t1/turn0,12,respond_to_user,5,1.0,1.0,respond_to_user,1.0,1
jev,12/t1/turn1,12,get_reservation_details,5,1.0,1.0,get_reservation_details,1.0,1
jev,12/t1/turn2,12,search_direct_flight,5,0.0,0.0,respond_to_user,1.0,1
jev,12/t1/turn3,12,search_direct_flight,5,1.0,1.0,search_direct_flight,1.0,1
jev,12/t1/turn4,12,get_user_details,5,0.0,0.0,respond_to_user,1.0,1
jev,12/t1/turn5,12,respond_to_user,5,1.0,1.0,respond_to_user,1.0,1
jev,12/t1/turn6,12,respond_to_user,5,1.0,1.0,respond_to_user,1.0,1
jev,12/t1/turn7,12,update_reservation_baggages,5,1.0,1.0,update_reservation_baggages,1.0,1
jev,12/t1/turn8,12,respond_to_user,5,1.0,1.0,respond_to_user,1.0,1
jev,12/t2/turn0,12,respond_to_user,5,1.0,1.0,respond_to_user,1.0,1
jev,12/t2/turn1,12,get_user_details,5,0.0,1.0,get_reservation_details,1.0,1
jev,12/t2/turn2,12,search_direct_flight,5,0.0,0.0,respond_to_user,1.0,1
jev,12/t2/turn3,12,search_direct_flight,5,1.0,1.0,search_direct_flight,1.0,1
jev,12/t2/turn4,12,respond_to_user,5,1.0,1.0,respond_to_user,1.0,1
jev,12/t2/turn5,12,update_reservation_baggages,5,0.0,0.0,respond_to_user,1.0,1
jev,12/t2/turn6,12,respond_to_user,5,1.0,1.0,respond_to_user,1.0,1
jev,13/t0/turn0,13,respond_to_user,5,1.0,1.0,respond_to_user,1.0,1
jev,13/t0/turn1,13,transfer_to_human_agents,5,1.0,1.0,transfer_to_human_agents,1.0,1
jev,13/t0/turn2,13,respond_to_user,5,1.0,1.0,respond_to_user,1.0,1
jev,13/t1/turn0,13,respond_to_user,5,1.0,1.0,respond_to_user,1.0,1
jev,13/t1/turn1,13,transfer_to_human_agents,5,1.0,1.0,transfer_to_human_agents,1.0,1
jev,13/t1/turn2,13,respond_to_user,5,1.0,1.0,respond_to_user,1.0,1
jev,13/t2/turn0,13,respond_to_user,5,1.0,1.0,respond_to_user,1.0,1
jev,13/t2/turn1,13,get_user_details,5,0.0,0.0,get_reservation_details,1.0,1
jev,13/t2/turn2,13,transfer_to_human_agents,5,0.0,0.0,respond_to_user,1.0,1
jev,13/t2/turn3,13,respond_to_user,5,1.0,1.0,respond_to_user,1.0,1
jev,14/t1/turn0,14,respond_to_user,5,1.0,1.0,respond_to_user,1.0,1
jev,14/t1/turn1,14,get_user_details,5,1.0,1.0,get_user_details,1.0,1
jev,14/t1/turn10,14,respond_to_user,5,1.0,1.0,respond_to_user,1.0,1
jev,14/t1/turn11,14,cancel_reservation,5,1.0,1.0,cancel_reservation,1.0,1
jev,14/t1/turn12,14,book_reservation,5,1.0,1.0,book_reservation,1.0,1
jev,14/t1/turn13,14,respond_to_user,5,1.0,1.0,respond_to_user,1.0,1
jev,14/t1/turn2,14,respond_to_user,5,1.0,1.0,respond_to_user,1.0,1
jev,14/t1/turn3,14,get_reservation_details,5,1.0,1.0,get_reservation_details,1.0,1
jev,14/t1/turn4,14,search_direct_flight,5,1.0,1.0,search_direct_flight,1.0,1
jev,14/t1/turn5,14,search_onestop_flight,5,1.0,1.0,search_onestop_flight,1.0,1
jev,14/t1/turn6,14,search_direct_flight,5,1.0,1.0,search_direct_flight,1.0,1
jev,14/t1/turn7,14,search_onestop_flight,5,1.0,1.0,search_onestop_flight,1.0,1
jev,14/t1/turn8,14,respond_to_user,5,1.0,1.0,respond_to_user,1.0,1
jev,14/t1/turn9,14,respond_to_user,5,1.0,1.0,respond_to_user,1.0,1
jev,14/t2/turn0,14,respond_to_user,5,0.6,0.6,respond_to_user,0.6,2
jev,14/t2/turn1,14,get_user_details,5,1.0,1.0,get_user_details,1.0,1
jev,14/t2/turn10,14,cancel_reservation,5,0.6,0.6,cancel_reservation,0.6,2
jev,14/t2/turn11,14,book_reservation,5,1.0,1.0,book_reservation,1.0,1
jev,14/t2/turn12,14,respond_to_user,5,1.0,1.0,respond_to_user,1.0,1
jev,14/t2/turn2,14,respond_to_user,5,1.0,1.0,respond_to_user,1.0,1
jev,14/t2/turn3,14,get_reservation_details,5,1.0,1.0,get_reservation_details,1.0,1
jev,14/t2/turn4,14,search_direct_flight,5,0.0,0.0,search_onestop_flight,1.0,1
jev,14/t2/turn5,14,search_onestop_flight,5,1.0,1.0,search_onestop_flight,1.0,1
jev,14/t2/turn6,14,search_direct_flight,5,0.4,0.4,search_onestop_flight,0.6,2
jev,14/t2/turn7,14,search_onestop_flight,5,1.0,1.0,search_onestop_flight,1.0,1
jev,14/t2/turn8,14,respond_to_user,5,1.0,1.0,respond_to_user,1.0,1
jev,14/t2/turn9,14,respond_to_user,5,1.0,1.0,respond_to_user,1.0,1
jev,15/t0/turn0,15,respond_to_user,5,1.0,1.0,respond_to_user,1.0,1
jev,15/t0/turn1,15,get_user_details,5,1.0,1.0,get_user_details,1.0,1
jev,15/t0/turn2,15,get_reservation_details,5,0.2,0.2,respond_to_user,0.8,2
jev,15/t0/turn3,15,search_direct_flight,5,0.0,0.0,respond_to_user,0.8,2
jev,15/t0/turn4,15,search_onestop_flight,5,1.0,1.0,search_onestop_flight,1.0,1
jev,15/t0/turn5,15,respond_to_user,5,1.0,1.0,respond_to_user,1.0,1
jev,15/t0/turn6,15,update_reservation_flights,5,1.0,1.0,update_reservation_flights,1.0,1
jev,15/t0/turn7,15,respond_to_user,5,1.0,1.0,respond_to_user,1.0,1
jev,15/t1/turn0,15,respond_to_user,5,1.0,1.0,respond_to_user,1.0,1
jev,15/t1/turn1,15,get_user_details,5,1.0,1.0,get_user_details,1.0,1
jev,15/t1/turn10,15,update_reservation_flights,5,1.0,1.0,update_reservation_flights,1.0,1
jev,15/t1/turn11,15,respond_to_user,5,1.0,1.0,respond_to_user,1.0,1
jev,15/t1/turn2,15,get_reservation_details,5,1.0,1.0,get_reservation_details,1.0,1
jev,15/t1/turn3,15,get_reservation_details,5,1.0,1.0,get_reservation_details,1.0,1
jev,15/t1/turn4,15,search_direct_flight,5,0.0,0.0,respond_to_user,1.0,1
jev,15/t1/turn5,15,search_onestop_flight,5,1.0,1.0,search_onestop_flight,1.0,1
jev,15/t1/turn6,15,search_direct_flight,5,0.0,0.0,respond_to_user,1.0,1
jev,15/t1/turn7,15,search_onestop_flight,5,1.0,1.0,search_onestop_flight,1.0,1
jev,15/t1/turn8,15,respond_to_user,5,1.0,1.0,respond_to_user,1.0,1
jev,15/t1/turn9,15,respond_to_user,5,0.0,0.0,update_reservation_flights,1.0,1
jev,15/t2/turn0,15,respond_to_user,5,1.0,1.0,respond_to_user,1.0,1
jev,15/t2/turn1,15,get_user_details,5,1.0,1.0,get_user_details,1.0,1
jev,15/t2/turn2,15,get_reservation_details,5,1.0,1.0,get_reservation_details,1.0,1
jev,15/t2/turn3,15,search_direct_flight,5,0.0,0.0,get_reservation_details,1.0,1
jev,15/t2/turn4,15,search_onestop_flight,5,1.0,1.0,search_onestop_flight,1.0,1
jev,15/t2/turn5,15,respond_to_user,5,1.0,1.0,respond_to_user,1.0,1
jev,15/t2/turn6,15,update_reservation_flights,5,1.0,1.0,update_reservation_flights,1.0,1
jev,15/t2/turn7,15,respond_to_user,5,1.0,1.0,respond_to_user,1.0,1
jev,16/t0/turn0,16,respond_to_user,5,1.0,1.0,respond_to_user,1.0,1
jev,16/t0/turn1,16,get_user_details,5,1.0,1.0,get_user_details,1.0,1
jev,16/t0/turn2,16,get_reservation_details,5,1.0,1.0,get_reservation_details,1.0,1
jev,16/t0/turn3,16,search_direct_flight,5,0.0,0.0,get_reservation_details,1.0,1
jev,16/t0/turn4,16,search_onestop_flight,5,1.0,1.0,search_onestop_flight,1.0,1
jev,16/t0/turn5,16,respond_to_user,5,1.0,1.0,respond_to_user,1.0,1
jev,16/t0/turn6,16,respond_to_user,5,1.0,1.0,respond_to_user,1.0,1
jev,16/t0/turn7,16,update_reservation_flights,5,1.0,1.0,update_reservation_flights,1.0,1
jev,16/t0/turn8,16,respond_to_user,5,1.0,1.0,respond_to_user,1.0,1
jev,16/t1/turn0,16,respond_to_user,5,1.0,1.0,respond_to_user,1.0,1
jev,16/t1/turn1,16,get_user_details,5,1.0,1.0,get_user_details,1.0,1
jev,16/t1/turn2,16,get_reservation_details,5,1.0,1.0,get_reservation_details,1.0,1
jev,16/t1/turn3,16,search_direct_flight,5,0.0,0.0,get_reservation_details,1.0,1
jev,16/t1/turn4,16,search_onestop_flight,5,1.0,1.0,search_onestop_flight,1.0,1
jev,16/t1/turn5,16,respond_to_user,5,1.0,1.0,respond_to_user,1.0,1
jev,16/t1/turn6,16,respond_to_user,5,1.0,1.0,respond_to_user,1.0,1
jev,16/t1/turn7,16,update_reservation_flights,5,1.0,1.0,update_reservation_flights,1.0,1
jev,16/t1/turn8,16,respond_to_user,5,1.0,1.0,respond_to_user,1.0,1
jev,16/t2/turn0,16,respond_to_user,5,1.0,1.0,respond_to_user,1.0,1
jev,16/t2/turn1,16,get_user_details,5,1.0,1.0,get_user_details,1.0,1
jev,16/t2/turn2,16,get_reservation_details,5,1.0,1.0,get_reservation_details,1.0,1
jev,16/t2/turn3,16,search_direct_flight,5,0.0,0.0,get_reservation_details,1.0,1
jev,16/t2/turn4,16,search_onestop_flight,5,1.0,1.0,search_onestop_flight,1.0,1
jev,16/t2/turn5,16,respond_to_user,5,1.0,1.0,respond_to_user,1.0,1
jev,16/t2/turn6,16,respond_to_user,5,1.0,1.0,respond_to_user,1.0,1
jev,16/t2/turn7,16,update_reservation_flights,5,1.0,1.0,update_reservation_flights,1.0,1
jev,16/t2/turn8,16,respond_to_user,5,1.0,1.0,respond_to_user,1.0,1
jev,17/t0/turn0,17,respond_to_user,5,1.0,1.0,respond_to_user,1.0,1
jev,17/t0/turn1,17,get_user_details,5,1.0,1.0,get_user_details,1.0,1
jev,17/t0/turn10,17,update_reservation_baggages,5,1.0,1.0,update_reservation_baggages,1.0,1
jev,17/t0/turn11,17,respond_to_user,5,1.0,1.0,respond_to_user,1.0,1
jev,17/t0/turn2,17,get_reservation_details,5,1.0,1.0,get_reservation_details,1.0,1
jev,17/t0/turn3,17,get_reservation_details,5,1.0,1.0,get_reservation_details,1.0,1
jev,17/t0/turn4,17,get_reservation_details,5,1.0,1.0,get_reservation_details,1.0,1
jev,17/t0/turn5,17,search_onestop_flight,5,0.0,0.0,get_reservation_details,0.6,2
jev,17/t0/turn6,17,respond_to_user,5,1.0,1.0,respond_to_user,1.0,1
jev,17/t0/turn7,17,respond_to_user,5,1.0,1.0,respond_to_user,1.0,1
jev,17/t0/turn8,17,update_reservation_flights,5,0.0,0.0,update_reservation_passengers,1.0,1
jev,17/t0/turn9,17,update_reservation_passengers,5,1.0,1.0,update_reservation_passengers,1.0,1
jev,17/t1/turn0,17,respond_to_user,5,1.0,1.0,respond_to_user,1.0,1
jev,17/t1/turn1,17,get_user_details,5,1.0,1.0,get_user_details,1.0,1
jev,17/t1/turn10,17,update_reservation_passengers,5,1.0,1.0,update_reservation_passengers,1.0,1
jev,17/t1/turn11,17,update_reservation_baggages,5,1.0,1.0,update_reservation_baggages,1.0,1
jev,17/t1/turn12,17,respond_to_user,5,1.0,1.0,respond_to_user,1.0,1
jev,17/t1/turn2,17,get_reservation_details,5,1.0,1.0,get_reservation_details,1.0,1
jev,17/t1/turn3,17,get_reservation_details,5,1.0,1.0,get_reservation_details,1.0,1
jev,17/t1/turn4,17,get_reservation_details,5,1.0,1.0,get_reservation_details,1.0,1
jev,17/t1/turn5,17,get_reservation_details,5,0.4,0.4,respond_to_user,0.6,2
jev,17/t1/turn6,17,search_direct_flight,5,0.0,0.0,respond_to_user,1.0,1
jev,17/t1/turn7,17,search_direct_flight,5,0.0,0.0,respond_to_user,1.0,1
jev,17/t1/turn8,17,respond_to_user,5,1.0,1.0,respond_to_user,1.0,1
jev,17/t1/turn9,17,update_reservation_flights,5,0.0,0.0,update_reservation_passengers,1.0,1
jev,17/t2/turn0,17,respond_to_user,5,1.0,1.0,respond_to_user,1.0,1
jev,17/t2/turn1,17,get_user_details,5,1.0,1.0,get_user_details,1.0,1
jev,17/t2/turn10,17,update_reservation_passengers,5,1.0,1.0,update_reservation_passengers,1.0,1
jev,17/t2/turn11,17,update_reservation_flights,5,0.0,0.0,update_reservation_baggages,1.0,1
jev,17/t2/turn12,17,update_reservation_baggages,5,1.0,1.0,update_reservation_baggages,1.0,1
jev,17/t2/turn13,17,respond_to_user,5,1.0,1.0,respond_to_user,1.0,1
jev,17/t2/turn2,17,get_reservation_details,5,0.4,0.4,respond_to_user,0.6,2
jev,17/t2/turn3,17,get_reservation_details,5,1.0,1.0,get_reservation_details,1.0,1
jev,17/t2/turn4,17,get_reservation_details,5,1.0,1.0,get_reservation_details,1.0,1
jev,17/t2/turn5,17,get_reservation_details,5,0.4,0.4,respond_to_user,0.6,2
jev,17/t2/turn6,17,search_direct_flight,5,0.0,0.0,respond_to_user,1.0,1
jev,17/t2/turn7,17,search_direct_flight,5,0.0,0.0,respond_to_user,1.0,1
jev,17/t2/turn8,17,respond_to_user,5,1.0,1.0,respond_to_user,1.0,1
jev,17/t2/turn9,17,respond_to_user,5,1.0,1.0,respond_to_user,1.0,1
jev,19/t0/turn0,19,respond_to_user,5,1.0,1.0,respond_to_user,1.0,1
jev,19/t0/turn1,19,get_user_details,5,1.0,1.0,get_user_details,1.0,1
jev,19/t0/turn2,19,get_reservation_details,5,0.0,0.0,respond_to_user,1.0,1
jev,19/t0/turn3,19,get_reservation_details,5,0.0,0.0,respond_to_user,1.0,1
jev,19/t0/turn4,19,get_reservation_details,5,1.0,1.0,get_reservation_details,1.0,1
jev,19/t0/turn5,19,respond_to_user,5,1.0,1.0,respond_to_user,1.0,1
jev,19/t0/turn6,19,respond_to_user,5,1.0,1.0,respond_to_user,1.0,1
jev,19/t0/turn7,19,cancel_reservation,5,1.0,1.0,cancel_reservation,1.0,1
jev,19/t0/turn8,19,respond_to_user,5,1.0,1.0,respond_to_user,1.0,1
jev,19/t1/turn0,19,respond_to_user,5,1.0,1.0,respond_to_user,1.0,1
jev,19/t1/turn1,19,get_user_details,5,1.0,1.0,get_user_details,1.0,1
jev,19/t1/turn2,19,get_reservation_details,5,1.0,1.0,get_reservation_details,1.0,1
jev,19/t1/turn3,19,respond_to_user,5,1.0,1.0,respond_to_user,1.0,1
jev,19/t1/turn4,19,respond_to_user,5,1.0,1.0,respond_to_user,1.0,1
jev,19/t1/turn5,19,cancel_reservation,5,1.0,1.0,cancel_reservation,1.0,1
jev,19/t1/turn6,19,respond_to_user,5,1.0,1.0,respond_to_user,1.0,1
jev,19/t2/turn0,19,respond_to_user,5,1.0,1.0,respond_to_user,1.0,1
jev,19/t2/turn1,19,get_user_details,5,1.0,1.0,get_user_details,1.0,1
jev,19/t2/turn2,19,get_reservation_details,5,1.0,1.0,get_reservation_details,1.0,1
jev,19/t2/turn3,19,respond_to_user,5,0.2,0.2,search_direct_flight,0.6,3
jev,19/t2/turn4,19,respond_to_user,5,1.0,1.0,respond_to_user,1.0,1
jev,19/t2/turn5,19,cancel_reservation,5,1.0,1.0,cancel_reservation,1.0,1
jev,19/t2/turn6,19,respond_to_user,5,1.0,1.0,respond_to_user,1.0,1
jev,2/t0/turn0,2,respond_to_user,5,1.0,1.0,respond_to_user,1.0,1
jev,2/t0/turn1,2,get_user_details,5,1.0,1.0,get_user_details,1.0,1
jev,2/t0/turn10,2,transfer_to_human_agents,5,0.0,0.0,respond_to_user,1.0,1
jev,2/t0/turn11,2,respond_to_user,5,1.0,1.0,respond_to_user,1.0,1
jev,2/t0/turn2,2,get_reservation_details,5,1.0,1.0,get_reservation_details,1.0,1
jev,2/t0/turn3,2,get_reservation_details,5,1.0,1.0,get_reservation_details,1.0,1
jev,2/t0/turn4,2,respond_to_user,5,1.0,1.0,respond_to_user,1.0,1
jev,2/t0/turn5,2,get_flight_status,5,1.0,1.0,get_flight_status,1.0,1
jev,2/t0/turn6,2,get_flight_status,5,1.0,1.0,get_flight_status,1.0,1
jev,2/t0/turn7,2,get_flight_status,5,1.0,1.0,get_flight_status,1.0,1
jev,2/t0/turn8,2,get_flight_status,5,1.0,1.0,get_flight_status,1.0,1
jev,2/t0/turn9,2,respond_to_user,5,1.0,1.0,respond_to_user,1.0,1
jev,2/t2/turn0,2,respond_to_user,5,1.0,1.0,respond_to_user,1.0,1
jev,2/t2/turn1,2,get_user_details,5,1.0,1.0,get_user_details,1.0,1
jev,2/t2/turn10,2,transfer_to_human_agents,5,0.0,0.0,respond_to_user,1.0,1
jev,2/t2/turn11,2,respond_to_user,5,1.0,1.0,respond_to_user,1.0,1
jev,2/t2/turn2,2,get_reservation_details,5,1.0,1.0,get_reservation_details,1.0,1
jev,2/t2/turn3,2,get_reservation_details,5,0.8,0.8,get_reservation_details,0.8,2
jev,2/t2/turn4,2,respond_to_user,5,1.0,1.0,respond_to_user,1.0,1
jev,2/t2/turn5,2,get_flight_status,5,0.0,0.0,respond_to_user,1.0,1
jev,2/t2/turn6,2,get_flight_status,5,0.0,0.0,respond_to_user,1.0,1
jev,2/t2/turn7,2,get_flight_status,5,1.0,1.0,get_flight_status,1.0,1
jev,2/t2/turn8,2,get_flight_status,5,1.0,1.0,get_flight_status,1.0,1
jev,2/t2/turn9,2,respond_to_user,5,0.0,0.0,get_flight_status,1.0,1
jev,20/t2/turn0,20,respond_to_user,5,1.0,1.0,respond_to_user,1.0,1
jev,20/t2/turn1,20,get_user_details,5,0.0,0.0,respond_to_user,1.0,1
jev,20/t2/turn10,20,respond_to_user,5,1.0,1.0,respond_to_user,1.0,1
jev,20/t2/turn11,20,book_reservation,5,1.0,1.0,book_reservation,1.0,1
jev,20/t2/turn12,20,respond_to_user,5,1.0,1.0,respond_to_user,1.0,1
jev,20/t2/turn2,20,respond_to_user,5,1.0,1.0,respond_to_user,1.0,1
jev,20/t2/turn3,20,list_all_airports,5,0.0,0.0,search_direct_flight,1.0,1
jev,20/t2/turn4,20,search_direct_flight,5,1.0,1.0,search_direct_flight,1.0,1
jev,20/t2/turn5,20,respond_to_user,5,1.0,1.0,respond_to_user,1.0,1
jev,20/t2/turn6,20,search_onestop_flight,5,1.0,1.0,search_onestop_flight,1.0,1
jev,20/t2/turn7,20,respond_to_user,5,1.0,1.0,respond_to_user,1.0,1
jev,20/t2/turn8,20,respond_to_user,5,1.0,1.0,respond_to_user,1.0,1
jev,20/t2/turn9,20,respond_to_user,5,1.0,1.0,respond_to_user,1.0,1
jev,21/t1/turn0,21,respond_to_user,5,1.0,1.0,respond_to_user,1.0,1
jev,21/t1/turn1,21,get_user_details,5,1.0,1.0,get_user_details,1.0,1
jev,21/t1/turn10,21,get_flight_status,5,0.0,0.0,respond_to_user,1.0,1
jev,21/t1/turn11,21,search_direct_flight,5,0.0,0.0,respond_to_user,1.0,1
jev,21/t1/turn12,21,search_direct_flight,5,0.0,0.0,respond_to_user,1.0,1
jev,21/t1/turn13,21,respond_to_user,5,1.0,1.0,respond_to_user,1.0,1
jev,21/t1/turn14,21,update_reservation_flights,5,1.0,1.0,update_reservation_flights,1.0,1
jev,21/t1/turn15,21,respond_to_user,5,1.0,1.0,respond_to_user,1.0,1
jev,21/t1/turn16,21,respond_to_user,5,1.0,1.0,respond_to_user,1.0,1
jev,21/t1/turn17,21,update_reservation_baggages,5,1.0,1.0,update_reservation_baggages,1.0,1
jev,21/t1/turn18,21,respond_to_user,5,1.0,1.0,respond_to_user,1.0,1
jev,21/t1/turn2,21,get_reservation_details,5,1.0,1.0,get_reservation_details,1.0,1
jev,21/t1/turn3,21,get_reservation_details,5,1.0,1.0,get_reservation_details,1.0,1
jev,21/t1/turn4,21,get_reservation_details,5,1.0,1.0,get_reservation_details,1.0,1
jev,21/t1/turn5,21,get_reservation_details,5,1.0,1.0,get_reservation_details,1.0,1
jev,21/t1/turn6,21,get_reservation_details,5,1.0,1.0,get_reservation_details,1.0,1
jev,21/t1/turn7,21,respond_to_user,5,0.8,0.8,respond_to_user,0.8,2
jev,21/t1/turn8,21,search_direct_flight,5,0.0,0.0,search_onestop_flight,1.0,1
jev,21/t1/turn9,21,search_onestop_flight,5,1.0,1.0,search_onestop_flight,1.0,1
jev,21/t2/turn0,21,respond_to_user,5,1.0,1.0,respond_to_user,1.0,1
jev,21/t2/turn1,21,get_user_details,5,1.0,1.0,get_user_details,1.0,1
jev,21/t2/turn10,21,respond_to_user,5,1.0,1.0,respond_to_user,1.0,1
jev,21/t2/turn11,21,update_reservation_flights,5,1.0,1.0,update_reservation_flights,1.0,1
jev,21/t2/turn12,21,respond_to_user,5,1.0,1.0,respond_to_user,1.0,1
jev,21/t2/turn13,21,update_reservation_flights,5,1.0,1.0,update_reservation_flights,1.0,1
jev,21/t2/turn14,21,respond_to_user,5,1.0,1.0,respond_to_user,1.0,1
jev,21/t2/turn15,21,respond_to_user,5,1.0,1.0,respond_to_user,1.0,1
jev,21/t2/turn16,21,update_reservation_baggages,5,1.0,1.0,update_reservation_baggages,1.0,1
jev,21/t2/turn17,21,respond_to_user,5,1.0,1.0,respond_to_user,1.0,1
jev,21/t2/turn2,21,get_reservation_details,5,1.0,1.0,get_reservation_details,1.0,1
jev,21/t2/turn3,21,get_reservation_details,5,1.0,1.0,get_reservation_details,1.0,1
jev,21/t2/turn4,21,get_reservation_details,5,1.0,1.0,get_reservation_details,1.0,1
jev,21/t2/turn5,21,get_reservation_details,5,1.0,1.0,get_reservation_details,1.0,1
jev,21/t2/turn6,21,get_reservation_details,4,1.0,1.0,get_reservation_details,1.0,1
jev,21/t2/turn7,21,respond_to_user,5,0.4,0.4,get_reservation_details,0.6,2
jev,21/t2/turn8,21,search_direct_flight,5,1.0,1.0,search_direct_flight,1.0,1
jev,21/t2/turn9,21,search_onestop_flight,5,1.0,1.0,search_onestop_flight,1.0,1
jev,22/t0/turn0,22,respond_to_user,5,1.0,1.0,respond_to_user,1.0,1
jev,22/t0/turn1,22,get_user_details,5,1.0,1.0,get_user_details,1.0,1
jev,22/t0/turn10,22,update_reservation_baggages,5,1.0,1.0,update_reservation_baggages,1.0,1
jev,22/t0/turn11,22,respond_to_user,5,1.0,1.0,respond_to_user,1.0,1
jev,22/t0/turn2,22,get_reservation_details,5,1.0,1.0,get_reservation_details,1.0,1
jev,22/t0/turn3,22,get_reservation_details,5,1.0,1.0,get_reservation_details,1.0,1
jev,22/t0/turn4,22,get_reservation_details,5,1.0,1.0,get_reservation_details,1.0,1
jev,22/t0/turn5,22,search_direct_flight,5,0.0,0.0,get_reservation_details,1.0,1
jev,22/t0/turn6,22,search_direct_flight,5,0.0,0.0,respond_to_user,1.0,1
jev,22/t0/turn7,22,respond_to_user,5,1.0,1.0,respond_to_user,1.0,1
jev,22/t0/turn8,22,update_reservation_flights,5,0.0,0.0,update_reservation_passengers,1.0,1
jev,22/t0/turn9,22,update_reservation_passengers,5,1.0,1.0,update_reservation_passengers,1.0,1
jev,22/t1/turn0,22,respond_to_user,5,1.0,1.0,respond_to_user,1.0,1
jev,22/t1/turn1,22,get_user_details,5,1.0,1.0,get_user_details,1.0,1
jev,22/t1/turn10,22,update_reservation_passengers,5,1.0,1.0,update_reservation_passengers,1.0,1
jev,22/t1/turn11,22,update_reservation_flights,5,0.0,0.0,update_reservation_baggages,1.0,1
jev,22/t1/turn12,22,update_reservation_baggages,5,1.0,1.0,update_reservation_baggages,1.0,1
jev,22/t1/turn13,22,respond_to_user,5,1.0,1.0,respond_to_user,1.0,1
jev,22/t1/turn2,22,get_reservation_details,5,0.0,0.0,respond_to_user,1.0,1
jev,22/t1/turn3,22,get_reservation_details,5,1.0,1.0,get_reservation_details,1.0,1
jev,22/t1/turn4,22,get_reservation_details,5,1.0,1.0,get_reservation_details,1.0,1
jev,22/t1/turn5,22,get_reservation_details,5,0.6,0.6,get_reservation_details,0.6,2
jev,22/t1/turn6,22,search_direct_flight,5,0.0,0.0,respond_to_user,1.0,1
jev,22/t1/turn7,22,search_direct_flight,5,0.0,0.0,respond_to_user,1.0,1
jev,22/t1/turn8,22,calculate,5,0.0,0.0,respond_to_user,1.0,1
jev,22/t1/turn9,22,respond_to_user,5,1.0,1.0,respond_to_user,1.0,1
jev,22/t2/turn0,22,respond_to_user,5,1.0,1.0,respond_to_user,1.0,1
jev,22/t2/turn1,22,get_user_details,5,1.0,1.0,get_user_details,1.0,1
jev,22/t2/turn10,22,update_reservation_flights,5,0.0,0.0,update_reservation_baggages,1.0,1
jev,22/t2/turn11,22,update_reservation_baggages,5,1.0,1.0,update_reservation_baggages,1.0,1
jev,22/t2/turn12,22,respond_to_user,5,1.0,1.0,respond_to_user,1.0,1
jev,22/t2/turn2,22,get_reservation_details,5,0.0,0.0,respond_to_user,1.0,1
jev,22/t2/turn3,22,get_reservation_details,5,1.0,1.0,get_reservation_details,1.0,1
jev,22/t2/turn4,22,get_reservation_details,5,1.0,1.0,get_reservation_details,1.0,1
jev,22/t2/turn5,22,search_direct_flight,5,0.0,0.0,respond_to_user,1.0,1
jev,22/t2/turn6,22,search_direct_flight,5,0.0,0.0,respond_to_user,1.0,1
jev,22/t2/turn7,22,respond_to_user,5,1.0,1.0,respond_to_user,1.0,1
jev,22/t2/turn8,22,respond_to_user,5,1.0,1.0,respond_to_user,1.0,1
jev,22/t2/turn9,22,update_reservation_passengers,5,1.0,1.0,update_reservation_passengers,1.0,1
jev,23/t0/turn0,23,respond_to_user,5,1.0,1.0,respond_to_user,1.0,1
jev,23/t0/turn1,23,get_user_details,5,1.0,1.0,get_user_details,1.0,1
jev,23/t0/turn10,23,cancel_reservation,5,1.0,1.0,cancel_reservation,1.0,1
jev,23/t0/turn11,23,book_reservation,5,1.0,1.0,book_reservation,1.0,1
jev,23/t0/turn12,23,book_reservation,5,1.0,1.0,book_reservation,1.0,1
jev,23/t0/turn13,23,book_reservation,5,1.0,1.0,book_reservation,1.0,1
jev,23/t0/turn14,23,respond_to_user,5,1.0,1.0,respond_to_user,1.0,1
jev,23/t0/turn2,23,get_reservation_details,5,0.0,0.0,respond_to_user,1.0,1
jev,23/t0/turn3,23,search_direct_flight,5,0.0,0.0,respond_to_user,1.0,1
jev,23/t0/turn4,23,search_direct_flight,5,1.0,1.0,search_direct_flight,1.0,1
jev,23/t0/turn5,23,search_onestop_flight,5,1.0,1.0,search_onestop_flight,1.0,1
jev,23/t0/turn6,23,respond_to_user,5,1.0,1.0,respond_to_user,1.0,1
jev,23/t0/turn7,23,search_onestop_flight,5,0.0,0.0,respond_to_user,1.0,1
jev,23/t0/turn8,23,respond_to_user,5,0.0,0.0,search_onestop_flight,1.0,1
jev,23/t0/turn9,23,respond_to_user,5,1.0,1.0,respond_to_user,1.0,1
jev,23/t1/turn0,23,respond_to_user,5,1.0,1.0,respond_to_user,1.0,1
jev,23/t1/turn1,23,get_user_details,5,1.0,1.0,get_user_details,1.0,1
jev,23/t1/turn10,23,cancel_reservation,5,1.0,1.0,cancel_reservation,1.0,1
jev,23/t1/turn11,23,book_reservation,5,1.0,1.0,book_reservation,1.0,1
jev,23/t1/turn12,23,book_reservation,5,1.0,1.0,book_reservation,1.0,1
jev,23/t1/turn13,23,book_reservation,5,1.0,1.0,book_reservation,1.0,1
jev,23/t1/turn14,23,respond_to_user,5,1.0,1.0,respond_to_user,1.0,1
jev,23/t1/turn2,23,get_reservation_details,5,0.8,0.8,get_reservation_details,0.8,2
jev,23/t1/turn3,23,search_direct_flight,5,0.0,0.0,respond_to_user,1.0,1
jev,23/t1/turn4,23,search_onestop_flight,5,0.0,0.0,search_direct_flight,1.0,1
jev,23/t1/turn5,23,search_direct_flight,5,0.0,0.0,respond_to_user,1.0,1
jev,23/t1/turn6,23,search_onestop_flight,5,1.0,1.0,search_onestop_flight,1.0,1
jev,23/t1/turn7,23,respond_to_user,5,1.0,1.0,respond_to_user,1.0,1
jev,23/t1/turn8,23,respond_to_user,5,1.0,1.0,respond_to_user,1.0,1
jev,23/t1/turn9,23,respond_to_user,5,1.0,1.0,respond_to_user,1.0,1
jev,23/t2/turn0,23,respond_to_user,5,1.0,1.0,respond_to_user,1.0,1
jev,23/t2/turn1,23,get_user_details,5,1.0,1.0,get_user_details,1.0,1
jev,23/t2/turn10,23,respond_to_user,5,1.0,1.0,respond_to_user,1.0,1
jev,23/t2/turn11,23,cancel_reservation,5,1.0,1.0,cancel_reservation,1.0,1
jev,23/t2/turn12,23,book_reservation,5,1.0,1.0,book_reservation,1.0,1
jev,23/t2/turn13,23,book_reservation,5,1.0,1.0,book_reservation,1.0,1
jev,23/t2/turn14,23,book_reservation,5,1.0,1.0,book_reservation,1.0,1
jev,23/t2/turn15,23,respond_to_user,5,1.0,1.0,respond_to_user,1.0,1
jev,23/t2/turn2,23,get_reservation_details,5,1.0,1.0,get_reservation_details,1.0,1
jev,23/t2/turn3,23,search_direct_flight,5,0.0,0.0,respond_to_user,1.0,1
jev,23/t2/turn4,23,search_onestop_flight,5,1.0,1.0,search_onestop_flight,1.0,1
jev,23/t2/turn5,23,search_direct_flight,5,0.0,0.0,respond_to_user,1.0,1
jev,23/t2/turn6,23,search_onestop_flight,5,1.0,1.0,search_onestop_flight,1.0,1
jev,23/t2/turn7,23,respond_to_user,5,1.0,1.0,respond_to_user,1.0,1
jev,23/t2/turn8,23,respond_to_user,5,1.0,1.0,respond_to_user,1.0,1
jev,23/t2/turn9,23,respond_to_user,5,1.0,1.0,respond_to_user,1.0,1
jev,24/t2/turn0,24,respond_to_user,5,1.0,1.0,respond_to_user,1.0,1
jev,24/t2/turn1,24,respond_to_user,5,1.0,1.0,respond_to_user,1.0,1
jev,24/t2/turn10,24,search_direct_flight,5,1.0,1.0,search_direct_flight,1.0,1
jev,24/t2/turn11,24,search_direct_flight,5,1.0,1.0,search_direct_flight,1.0,1
jev,24/t2/turn12,24,search_direct_flight,5,1.0,1.0,search_direct_flight,1.0,1
jev,24/t2/turn13,24,search_direct_flight,5,1.0,1.0,search_direct_flight,1.0,1
jev,24/t2/turn14,24,respond_to_user,5,0.0,0.0,search_direct_flight,1.0,1
jev,24/t2/turn15,24,get_user_details,5,1.0,1.0,get_user_details,1.0,1
jev,24/t2/turn16,24,respond_to_user,5,1.0,1.0,respond_to_user,1.0,1
jev,24/t2/turn17,24,book_reservation,5,1.0,1.0,book_reservation,1.0,1
jev,24/t2/turn18,24,respond_to_user,5,1.0,1.0,respond_to_user,1.0,1
jev,24/t2/turn2,24,get_reservation_details,5,1.0,1.0,get_reservation_details,1.0,1
jev,24/t2/turn3,24,respond_to_user,5,1.0,1.0,respond_to_user,1.0,1
jev,24/t2/turn4,24,list_all_airports,5,0.0,0.0,respond_to_user,0.8,2
jev,24/t2/turn5,24,search_direct_flight,5,1.0,1.0,search_direct_flight,1.0,1
jev,24/t2/turn6,24,search_direct_flight,5,1.0,1.0,search_direct_flight,1.0,1
jev,24/t2/turn7,24,search_direct_flight,5,1.0,1.0,search_direct_flight,1.0,1
jev,24/t2/turn8,24,search_direct_flight,5,1.0,1.0,search_direct_flight,1.0,1
jev,24/t2/turn9,24,search_direct_flight,5,1.0,1.0,search_direct_flight,1.0,1
jev,25/t0/turn0,25,respond_to_user,5,1.0,1.0,respond_to_user,1.0,1
jev,25/t0/turn1,25,get_user_details,5,1.0,1.0,get_user_details,1.0,1
jev,25/t0/turn2,25,get_reservation_details,5,1.0,1.0,get_reservation_details,1.0,1
jev,25/t0/turn3,25,search_direct_flight,5,0.0,0.0,respond_to_user,1.0,1
jev,25/t0/turn4,25,search_direct_flight,5,1.0,1.0,search_direct_flight,1.0,1
jev,25/t0/turn5,25,respond_to_user,5,1.0,1.0,respond_to_user,1.0,1
jev,25/t0/turn6,25,respond_to_user,5,1.0,1.0,respond_to_user,1.0,1
jev,25/t0/turn7,25,book_reservation,5,1.0,1.0,book_reservation,1.0,1
jev,25/t0/turn8,25,respond_to_user,5,1.0,1.0,respond_to_user,1.0,1
jev,25/t1/turn0,25,respond_to_user,5,1.0,1.0,respond_to_user,1.0,1
jev,25/t1/turn1,25,get_user_details,5,1.0,1.0,get_user_details,1.0,1
jev,25/t1/turn2,25,get_reservation_details,5,1.0,1.0,get_reservation_details,1.0,1
jev,25/t1/turn3,25,search_onestop_flight,5,0.0,0.0,respond_to_user,1.0,1
jev,25/t1/turn4,25,respond_to_user,5,1.0,1.0,respond_to_user,1.0,1
jev,25/t1/turn5,25,respond_to_user,5,1.0,1.0,respond_to_user,1.0,1
jev,25/t1/turn6,25,respond_to_user,5,1.0,1.0,respond_to_user,1.0,1
jev,25/t1/turn7,25,book_reservation,5,1.0,1.0,book_reservation,1.0,1
jev,25/t1/turn8,25,respond_to_user,5,1.0,1.0,respond_to_user,1.0,1
jev,25/t2/turn0,25,respond_to_user,5,1.0,1.0,respond_to_user,1.0,1
jev,25/t2/turn1,25,get_user_details,5,1.0,1.0,get_user_details,1.0,1
jev,25/t2/turn2,25,get_reservation_details,5,1.0,1.0,get_reservation_details,1.0,1
jev,25/t2/turn3,25,respond_to_user,5,1.0,1.0,respond_to_user,1.0,1
jev,25/t2/turn4,25,search_onestop_flight,5,0.0,0.0,respond_to_user,1.0,1
jev,25/t2/turn5,25,respond_to_user,5,1.0,1.0,respond_to_user,1.0,1
jev,25/t2/turn6,25,respond_to_user,5,1.0,1.0,respond_to_user,1.0,1
jev,25/t2/turn7,25,book_reservation,5,1.0,1.0,book_reservation,1.0,1
jev,25/t2/turn8,25,respond_to_user,5,1.0,1.0,respond_to_user,1.0,1
jev,26/t0/turn0,26,respond_to_user,5,1.0,1.0,respond_to_user,1.0,1
jev,26/t0/turn1,26,get_user_details,5,1.0,1.0,get_user_details,1.0,1
jev,26/t0/turn2,26,get_reservation_details,5,1.0,1.0,get_reservation_details,1.0,1
jev,26/t0/turn3,26,respond_to_user,5,0.2,0.2,get_reservation_details,0.8,2
jev,26/t0/turn4,26,respond_to_user,5,1.0,1.0,respond_to_user,1.0,1
jev,26/t0/turn5,26,respond_to_user,5,1.0,1.0,respond_to_user,1.0,1
jev,26/t0/turn6,26,transfer_to_human_agents,5,1.0,1.0,transfer_to_human_agents,1.0,1
jev,26/t0/turn7,26,respond_to_user,5,1.0,1.0,respond_to_user,1.0,1
jev,26/t1/turn0,26,respond_to_user,5,1.0,1.0,respond_to_user,1.0,1
jev,26/t1/turn1,26,get_user_details,5,1.0,1.0,get_user_details,1.0,1
jev,26/t1/turn2,26,get_reservation_details,5,1.0,1.0,get_reservation_details,1.0,1
jev,26/t1/turn3,26,get_flight_status,5,0.0,0.0,respond_to_user,1.0,1
jev,26/t1/turn4,26,get_flight_status,5,0.0,0.0,respond_to_user,1.0,1
jev,26/t1/turn5,26,transfer_to_human_agents,5,0.0,0.0,respond_to_user,1.0,1
jev,26/t1/turn6,26,respond_to_user,5,1.0,1.0,respond_to_user,1.0,1
jev,26/t2/turn0,26,respond_to_user,5,1.0,1.0,respond_to_user,1.0,1
jev,26/t2/turn1,26,get_user_details,5,1.0,1.0,get_user_details,1.0,1
jev,26/t2/turn2,26,get_reservation_details,5,1.0,1.0,get_reservation_details,1.0,1
jev,26/t2/turn3,26,respond_to_user,5,0.8,0.8,respond_to_user,0.8,2
jev,26/t2/turn4,26,respond_to_user,5,1.0,1.0,respond_to_user,1.0,1
jev,26/t2/turn5,26,transfer_to_human_agents,5,1.0,1.0,transfer_to_human_agents,1.0,1
jev,26/t2/turn6,26,respond_to_user,5,1.0,1.0,respond_to_user,1.0,1
jev,27/t0/turn0,27,respond_to_user,5,1.0,1.0,respond_to_user,1.0,1
jev,27/t0/turn1,27,get_user_details,5,1.0,1.0,get_user_details,1.0,1
jev,27/t0/turn10,27,get_reservation_details,5,1.0,1.0,get_reservation_details,1.0,1
jev,27/t0/turn11,27,get_flight_status,5,1.0,1.0,get_flight_status,1.0,1
jev,27/t0/turn12,27,respond_to_user,5,1.0,1.0,respond_to_user,1.0,1
jev,27/t0/turn13,27,transfer_to_human_agents,5,1.0,1.0,transfer_to_human_agents,1.0,1
jev,27/t0/turn14,27,respond_to_user,5,1.0,1.0,respond_to_user,1.0,1
jev,27/t0/turn2,27,get_reservation_details,5,1.0,1.0,get_reservation_details,1.0,1
jev,27/t0/turn3,27,get_reservation_details,5,1.0,1.0,get_reservation_details,1.0,1
jev,27/t0/turn4,27,get_reservation_details,5,1.0,1.0,get_reservation_details,1.0,1
jev,27/t0/turn5,27,get_reservation_details,5,1.0,1.0,get_reservation_details,1.0,1
jev,27/t0/turn6,27,get_reservation_details,5,1.0,1.0,get_reservation_details,1.0,1
jev,27/t0/turn7,27,get_reservation_details,5,1.0,1.0,get_reservation_details,1.0,1
jev,27/t0/turn8,27,get_reservation_details,5,1.0,1.0,get_reservation_details,1.0,1
jev,27/t0/turn9,27,get_reservation_details,5,1.0,1.0,get_reservation_details,1.0,1
jev,27/t1/turn0,27,respond_to_user,5,1.0,1.0,respond_to_user,1.0,1
jev,27/t1/turn1,27,get_user_details,5,1.0,1.0,get_user_details,1.0,1
jev,27/t1/turn10,27,get_reservation_details,5,1.0,1.0,get_reservation_details,1.0,1
jev,27/t1/turn11,27,get_flight_status,5,1.0,1.0,get_flight_status,1.0,1
jev,27/t1/turn12,27,respond_to_user,5,1.0,1.0,respond_to_user,1.0,1
jev,27/t1/turn13,27,transfer_to_human_agents,5,1.0,1.0,transfer_to_human_agents,1.0,1
jev,27/t1/turn14,27,respond_to_user,5,1.0,1.0,respond_to_user,1.0,1
jev,27/t1/turn2,27,get_reservation_details,5,1.0,1.0,get_reservation_details,1.0,1
jev,27/t1/turn3,27,get_reservation_details,5,1.0,1.0,get_reservation_details,1.0,1
jev,27/t1/turn4,27,get_reservation_details,5,1.0,1.0,get_reservation_details,1.0,1
jev,27/t1/turn5,27,get_reservation_details,5,1.0,1.0,get_reservation_details,1.0,1
jev,27/t1/turn6,27,get_reservation_details,5,1.0,1.0,get_reservation_details,1.0,1
jev,27/t1/turn7,27,get_reservation_details,5,1.0,1.0,get_reservation_details,1.0,1
jev,27/t1/turn8,27,get_reservation_details,5,1.0,1.0,get_reservation_details,1.0,1
jev,27/t1/turn9,27,get_reservation_details,5,1.0,1.0,get_reservation_details,1.0,1
jev,27/t2/turn0,27,respond_to_user,5,0.6,0.6,respond_to_user,0.6,2
jev,28/t0/turn0,28,respond_to_user,5,1.0,1.0,respond_to_user,1.0,1
jev,28/t0/turn1,28,get_reservation_details,5,1.0,1.0,get_reservation_details,1.0,1
jev,28/t0/turn2,28,respond_to_user,5,0.6,0.6,respond_to_user,0.6,2
jev,28/t0/turn3,28,transfer_to_human_agents,5,1.0,1.0,transfer_to_human_agents,1.0,1
jev,28/t0/turn4,28,respond_to_user,5,1.0,1.0,respond_to_user,1.0,1
jev,28/t1/turn0,28,respond_to_user,5,1.0,1.0,respond_to_user,1.0,1
jev,28/t1/turn1,28,get_reservation_details,5,1.0,1.0,get_reservation_details,1.0,1
jev,28/t1/turn2,28,get_flight_status,5,0.4,0.4,respond_to_user,0.6,2
jev,28/t1/turn3,28,respond_to_user,5,0.8,0.8,respond_to_user,0.8,2
jev,28/t1/turn4,28,transfer_to_human_agents,5,1.0,1.0,transfer_to_human_agents,1.0,1
jev,28/t1/turn5,28,respond_to_user,5,1.0,1.0,respond_to_user,1.0,1
jev,28/t2/turn0,28,respond_to_user,5,1.0,1.0,respond_to_user,1.0,1
jev,28/t2/turn1,28,get_reservation_details,5,1.0,1.0,get_reservation_details,1.0,1
jev,28/t2/turn2,28,respond_to_user,5,0.8,0.8,respond_to_user,0.8,2
jev,28/t2/turn3,28,transfer_to_human_agents,5,1.0,1.0,transfer_to_human_agents,1.0,1
jev,28/t2/turn4,28,respond_to_user,5,1.0,1.0,respond_to_user,1.0,1
jev,3/t0/turn0,3,respond_to_user,5,1.0,1.0,respond_to_user,1.0,1
jev,3/t0/turn1,3,get_reservation_details,5,1.0,1.0,get_reservation_details,1.0,1
jev,3/t0/turn2,3,get_user_details,5,1.0,1.0,get_user_details,1.0,1
jev,3/t0/turn3,3,respond_to_user,5,1.0,1.0,respond_to_user,1.0,1
jev,3/t0/turn4,3,transfer_to_human_agents,5,1.0,1.0,transfer_to_human_agents,1.0,1
jev,3/t0/turn5,3,respond_to_user,5,1.0,1.0,respond_to_user,1.0,1
jev,3/t1/turn0,3,respond_to_user,5,1.0,1.0,respond_to_user,1.0,1
jev,3/t1/turn1,3,get_reservation_details,5,1.0,1.0,get_reservation_details,1.0,1
jev,3/t1/turn2,3,get_user_details,5,1.0,1.0,get_user_details,1.0,1
jev,3/t1/turn3,3,respond_to_user,5,1.0,1.0,respond_to_user,1.0,1
jev,3/t1/turn4,3,transfer_to_human_agents,5,1.0,1.0,transfer_to_human_agents,1.0,1
jev,3/t1/turn5,3,respond_to_user,5,1.0,1.0,respond_to_user,1.0,1
jev,3/t2/turn0,3,respond_to_user,5,1.0,1.0,respond_to_user,1.0,1
jev,3/t2/turn1,3,get_user_details,5,0.0,1.0,get_reservation_details,1.0,1
jev,3/t2/turn2,3,respond_to_user,5,1.0,1.0,respond_to_user,1.0,1
jev,3/t2/turn3,3,transfer_to_human_agents,5,1.0,1.0,transfer_to_human_agents,1.0,1
jev,3/t2/turn4,3,respond_to_user,5,1.0,1.0,respond_to_user,1.0,1
jev,30/t0/turn0,30,respond_to_user,5,1.0,1.0,respond_to_user,1.0,1
jev,30/t0/turn1,30,get_user_details,5,0.0,1.0,get_reservation_details,1.0,1
jev,30/t0/turn2,30,search_direct_flight,5,1.0,1.0,search_direct_flight,1.0,1
jev,30/t0/turn3,30,respond_to_user,5,1.0,1.0,respond_to_user,1.0,1
jev,30/t0/turn4,30,respond_to_user,5,0.6,0.6,respond_to_user,0.6,2
jev,30/t0/turn5,30,update_reservation_flights,5,1.0,1.0,update_reservation_flights,1.0,1
jev,30/t0/turn6,30,respond_to_user,5,1.0,1.0,respond_to_user,1.0,1
jev,30/t1/turn0,30,respond_to_user,5,1.0,1.0,respond_to_user,1.0,1
jev,30/t1/turn1,30,get_reservation_details,5,1.0,1.0,get_reservation_details,1.0,1
jev,30/t1/turn2,30,search_direct_flight,5,1.0,1.0,search_direct_flight,1.0,1
jev,30/t1/turn3,30,respond_to_user,5,1.0,1.0,respond_to_user,1.0,1
jev,30/t1/turn4,30,get_user_details,5,0.0,0.0,respond_to_user,1.0,1
jev,30/t1/turn5,30,respond_to_user,5,1.0,1.0,respond_to_user,1.0,1
jev,30/t1/turn6,30,update_reservation_flights,5,1.0,1.0,update_reservation_flights,1.0,1
jev,30/t1/turn7,30,respond_to_user,5,1.0,1.0,respond_to_user,1.0,1
jev,30/t2/turn0,30,respond_to_user,5,1.0,1.0,respond_to_user,1.0,1
jev,30/t2/turn1,30,get_reservation_details,5,1.0,1.0,get_reservation_details,1.0,1
jev,30/t2/turn2,30,search_direct_flight,5,1.0,1.0,search_direct_flight,1.0,1
jev,30/t2/turn3,30,respond_to_user,5,1.0,1.0,respond_to_user,1.0,1
jev,30/t2/turn4,30,respond_to_user,5,0.6,0.6,respond_to_user,0.6,2
jev,30/t2/turn5,30,update_reservation_flights,5,1.0,1.0,update_reservation_flights,1.0,1
jev,30/t2/turn6,30,respond_to_user,5,1.0,1.0,respond_to_user,1.0,1
jev,31/t0/turn0,31,respond_to_user,5,1.0,1.0,respond_to_user,1.0,1
jev,31/t0/turn1,31,get_user_details,5,1.0,1.0,get_user_details,1.0,1
jev,31/t0/turn2,31,get_reservation_details,5,1.0,1.0,get_reservation_details,1.0,1
jev,31/t0/turn3,31,respond_to_user,5,0.6,0.6,respond_to_user,0.6,2
jev,31/t0/turn4,31,transfer_to_human_agents,5,0.0,0.0,respond_to_user,1.0,1
jev,31/t0/turn5,31,respond_to_user,5,1.0,1.0,respond_to_user,1.0,1
jev,31/t1/turn0,31,respond_to_user,5,1.0,1.0,respond_to_user,1.0,1
jev,31/t1/turn1,31,get_user_details,5,1.0,1.0,get_user_details,1.0,1
jev,31/t1/turn2,31,get_reservation_details,5,1.0,1.0,get_reservation_details,1.0,1
jev,31/t1/turn3,31,respond_to_user,5,1.0,1.0,respond_to_user,1.0,1
jev,31/t1/turn4,31,search_direct_flight,5,0.0,0.0,respond_to_user,1.0,1
jev,31/t1/turn5,31,transfer_to_human_agents,5,0.0,0.0,respond_to_user,1.0,1
jev,31/t1/turn6,31,respond_to_user,5,1.0,1.0,respond_to_user,1.0,1
jev,33/t0/turn0,33,respond_to_user,5,1.0,1.0,respond_to_user,1.0,1
jev,33/t0/turn1,33,get_reservation_details,5,1.0,1.0,get_reservation_details,1.0,1
jev,33/t0/turn10,33,respond_to_user,5,1.0,1.0,respond_to_user,1.0,1
jev,33/t0/turn11,33,respond_to_user,5,1.0,1.0,respond_to_user,1.0,1
jev,33/t0/turn12,33,update_reservation_baggages,5,1.0,1.0,update_reservation_baggages,1.0,1
jev,33/t0/turn13,33,respond_to_user,5,1.0,1.0,respond_to_user,1.0,1
jev,33/t0/turn2,33,search_direct_flight,5,0.4,0.4,respond_to_user,0.6,2
jev,33/t0/turn3,33,search_direct_flight,5,1.0,1.0,search_direct_flight,1.0,1
jev,33/t0/turn4,33,respond_to_user,5,1.0,1.0,respond_to_user,1.0,1
jev,33/t0/turn5,33,respond_to_user,5,0.8,0.8,respond_to_user,0.8,2
jev,33/t0/turn6,33,search_direct_flight,5,1.0,1.0,search_direct_flight,1.0,1
jev,33/t0/turn7,33,respond_to_user,5,1.0,1.0,respond_to_user,1.0,1
jev,33/t0/turn8,33,update_reservation_flights,5,1.0,1.0,update_reservation_flights,1.0,1
jev,33/t0/turn9,33,respond_to_user,5,1.0,1.0,respond_to_user,1.0,1
jev,33/t1/turn0,33,respond_to_user,5,1.0,1.0,respond_to_user,1.0,1
jev,33/t1/turn1,33,get_user_details,5,0.0,1.0,get_reservation_details,1.0,1
jev,33/t1/turn10,33,update_reservation_baggages,5,1.0,1.0,update_reservation_baggages,1.0,1
jev,33/t1/turn11,33,respond_to_user,5,1.0,1.0,respond_to_user,1.0,1
jev,33/t1/turn2,33,search_direct_flight,5,1.0,1.0,search_direct_flight,1.0,1
jev,33/t1/turn3,33,respond_to_user,5,1.0,1.0,respond_to_user,1.0,1
jev,33/t1/turn4,33,update_reservation_flights,5,1.0,1.0,update_reservation_flights,1.0,1
jev,33/t1/turn5,33,respond_to_user,5,1.0,1.0,respond_to_user,1.0,1
jev,33/t1/turn6,33,search_direct_flight,5,0.0,0.0,respond_to_user,1.0,1
jev,33/t1/turn7,33,search_direct_flight,5,1.0,1.0,search_direct_flight,1.0,1
jev,33/t1/turn8,33,respond_to_user,5,1.0,1.0,respond_to_user,1.0,1
jev,33/t1/turn9,33,respond_to_user,5,0.0,0.0,update_reservation_baggages,1.0,1
jev,33/t2/turn0,33,respond_to_user,5,1.0,1.0,respond_to_user,1.0,1
jev,33/t2/turn1,33,get_user_details,5,0.0,1.0,get_reservation_details,1.0,1
jev,33/t2/turn10,33,respond_to_user,5,1.0,1.0,respond_to_user,1.0,1
jev,33/t2/turn11,33,respond_to_user,5,0.0,0.0,update_reservation_baggages,1.0,1
jev,33/t2/turn12,33,update_reservation_baggages,5,1.0,1.0,update_reservation_baggages,1.0,1
jev,33/t2/turn13,33,respond_to_user,5,1.0,1.0,respond_to_user,1.0,1
jev,33/t2/turn2,33,search_direct_flight,5,1.0,1.0,search_direct_flight,1.0,1
jev,33/t2/turn3,33,search_direct_flight,5,1.0,1.0,search_direct_flight,1.0,1
jev,33/t2/turn4,33,respond_to_user,5,1.0,1.0,respond_to_user,1.0,1
jev,33/t2/turn5,33,search_direct_flight,5,1.0,1.0,search_direct_flight,1.0,1
jev,33/t2/turn6,33,respond_to_user,5,1.0,1.0,respond_to_user,1.0,1
jev,33/t2/turn7,33,update_reservation_flights,5,1.0,1.0,update_reservation_flights,1.0,1
jev,33/t2/turn8,33,respond_to_user,5,1.0,1.0,respond_to_user,1.0,1
jev,33/t2/turn9,33,respond_to_user,5,1.0,1.0,respond_to_user,1.0,1
jev,34/t2/turn0,34,respond_to_user,5,1.0,1.0,respond_to_user,1.0,1
jev,34/t2/turn1,34,get_reservation_details,5,1.0,1.0,get_reservation_details,1.0,1
jev,34/t2/turn2,34,respond_to_user,5,0.0,0.0,search_direct_flight,1.0,1
jev,34/t2/turn3,34,search_direct_flight,5,1.0,1.0,search_direct_flight,1.0,1
jev,34/t2/turn4,34,search_direct_flight,5,0.0,0.0,respond_to_user,1.0,1
jev,34/t2/turn5,34,get_user_details,5,0.0,0.0,respond_to_user,1.0,1
jev,34/t2/turn6,34,respond_to_user,5,1.0,1.0,respond_to_user,1.0,1
jev,34/t2/turn7,34,respond_to_user,5,1.0,1.0,respond_to_user,1.0,1
jev,36/t0/turn0,36,respond_to_user,5,1.0,1.0,respond_to_user,1.0,1
jev,36/t0/turn1,36,get_reservation_details,5,1.0,1.0,get_reservation_details,1.0,1
jev,36/t0/turn2,36,transfer_to_human_agents,5,0.0,0.0,respond_to_user,0.8,2
jev,36/t0/turn3,36,respond_to_user,5,1.0,1.0,respond_to_user,1.0,1
jev,36/t1/turn0,36,respond_to_user,5,1.0,1.0,respond_to_user,1.0,1
jev,36/t1/turn1,36,get_reservation_details,5,1.0,1.0,get_reservation_details,1.0,1
jev,36/t1/turn2,36,transfer_to_human_agents,5,0.0,0.0,respond_to_user,0.8,2
jev,36/t1/turn3,36,respond_to_user,5,1.0,1.0,respond_to_user,1.0,1
jev,36/t2/turn0,36,respond_to_user,5,1.0,1.0,respond_to_user,1.0,1
jev,36/t2/turn1,36,get_reservation_details,5,1.0,1.0,get_reservation_details,1.0,1
jev,36/t2/turn2,36,transfer_to_human_agents,5,0.0,0.0,respond_to_user,1.0,1
jev,36/t2/turn3,36,respond_to_user,5,1.0,1.0,respond_to_user,1.0,1
jev,37/t0/turn0,37,respond_to_user,5,1.0,1.0,respond_to_user,1.0,1
jev,37/t0/turn1,37,get_user_details,5,0.0,1.0,get_reservation_details,1.0,1
jev,37/t0/turn10,37,transfer_to_human_agents,5,1.0,1.0,transfer_to_human_agents,1.0,1
jev,37/t0/turn11,37,respond_to_user,5,1.0,1.0,respond_to_user,1.0,1
jev,37/t0/turn2,37,get_reservation_details,5,1.0,1.0,get_reservation_details,1.0,1
jev,37/t0/turn3,37,get_reservation_details,5,1.0,1.0,get_reservation_details,1.0,1
jev,37/t0/turn4,37,get_reservation_details,5,1.0,1.0,get_reservation_details,1.0,1
jev,37/t0/turn5,37,get_flight_status,5,0.0,0.0,respond_to_user,1.0,1
jev,37/t0/turn6,37,search_direct_flight,5,0.0,0.0,respond_to_user,1.0,1
jev,37/t0/turn7,37,search_direct_flight,5,0.0,0.0,respond_to_user,1.0,1
jev,37/t0/turn8,37,respond_to_user,5,1.0,1.0,respond_to_user,1.0,1
jev,37/t0/turn9,37,update_reservation_flights,5,1.0,1.0,update_reservation_flights,1.0,1
jev,37/t2/turn0,37,respond_to_user,5,1.0,1.0,respond_to_user,1.0,1
jev,37/t2/turn1,37,get_user_details,5,0.0,1.0,get_reservation_details,1.0,1
jev,37/t2/turn10,37,transfer_to_human_agents,5,0.0,0.0,respond_to_user,1.0,1
jev,37/t2/turn11,37,respond_to_user,5,1.0,1.0,respond_to_user,1.0,1
jev,37/t2/turn2,37,get_reservation_details,5,1.0,1.0,get_reservation_details,1.0,1
jev,37/t2/turn3,37,get_reservation_details,5,1.0,1.0,get_reservation_details,1.0,1
jev,37/t2/turn4,37,get_flight_status,5,0.0,0.0,respond_to_user,1.0,1
jev,37/t2/turn5,37,get_reservation_details,5,0.0,0.0,respond_to_user,1.0,1
jev,37/t2/turn6,37,search_direct_flight,5,0.0,0.0,respond_to_user,1.0,1
jev,37/t2/turn7,37,search_direct_flight,5,0.0,0.0,respond_to_user,1.0,1
jev,37/t2/turn8,37,respond_to_user,5,1.0,1.0,respond_to_user,1.0,1
jev,37/t2/turn9,37,update_reservation_flights,5,1.0,1.0,update_reservation_flights,1.0,1
jev,38/t0/turn0,38,respond_to_user,5,1.0,1.0,respond_to_user,1.0,1
jev,38/t0/turn1,38,get_user_details,5,1.0,1.0,get_user_details,1.0,1
jev,38/t0/turn10,38,respond_to_user,5,1.0,1.0,respond_to_user,1.0,1
jev,38/t0/turn11,38,respond_to_user,5,1.0,1.0,respond_to_user,1.0,1
jev,38/t0/turn2,38,get_reservation_details,5,1.0,1.0,get_reservation_details,1.0,1
jev,38/t0/turn3,38,get_flight_status,5,1.0,1.0,get_flight_status,1.0,1
jev,38/t0/turn4,38,get_flight_status,5,1.0,1.0,get_flight_status,1.0,1
jev,38/t0/turn5,38,respond_to_user,5,1.0,1.0,respond_to_user,1.0,1
jev,38/t0/turn6,38,respond_to_user,5,1.0,1.0,respond_to_user,1.0,1
jev,38/t0/turn7,38,get_reservation_details,5,0.0,0.0,respond_to_user,1.0,1
jev,38/t0/turn8,38,respond_to_user,5,1.0,1.0,respond_to_user,1.0,1
jev,38/t0/turn9,38,get_reservation_details,5,0.0,0.0,respond_to_user,1.0,1
jev,38/t1/turn0,38,respond_to_user,5,1.0,1.0,respond_to_user,1.0,1
jev,38/t1/turn1,38,get_user_details,5,1.0,1.0,get_user_details,1.0,1
jev,38/t1/turn10,38,respond_to_user,5,1.0,1.0,respond_to_user,1.0,1
jev,38/t1/turn11,38,transfer_to_human_agents,5,1.0,1.0,transfer_to_human_agents,1.0,1
jev,38/t1/turn12,38,respond_to_user,5,1.0,1.0,respond_to_user,1.0,1
jev,38/t1/turn2,38,get_reservation_details,5,1.0,1.0,get_reservation_details,1.0,1
jev,38/t1/turn3,38,get_reservation_details,5,0.2,0.2,get_flight_status,0.8,2
jev,38/t1/turn4,38,respond_to_user,5,0.6,0.6,respond_to_user,0.6,2
jev,38/t1/turn5,38,get_flight_status,5,1.0,1.0,get_flight_status,1.0,1
jev,38/t1/turn6,38,get_flight_status,5,1.0,1.0,get_flight_status,1.0,1
jev,38/t1/turn7,38,get_flight_status,5,0.8,0.8,get_flight_status,0.8,2
jev,38/t1/turn8,38,get_flight_status,5,0.6,0.6,get_flight_status,0.6,2
jev,38/t1/turn9,38,respond_to_user,5,1.0,1.0,respond_to_user,1.0,1
jev,38/t2/turn0,38,respond_to_user,5,1.0,1.0,respond_to_user,1.0,1
jev,38/t2/turn1,38,get_user_details,5,1.0,1.0,get_user_details,1.0,1
jev,38/t2/turn2,38,get_reservation_details,5,1.0,1.0,get_reservation_details,1.0,1
jev,38/t2/turn3,38,get_reservation_details,5,1.0,1.0,get_reservation_details,1.0,1
jev,38/t2/turn4,38,get_flight_status,5,1.0,1.0,get_flight_status,1.0,1
jev,38/t2/turn5,38,get_flight_status,5,1.0,1.0,get_flight_status,1.0,1
jev,38/t2/turn6,38,respond_to_user,5,0.0,0.0,get_flight_status,1.0,1
jev,38/t2/turn7,38,respond_to_user,5,1.0,1.0,respond_to_user,1.0,1
jev,4/t0/turn0,4,respond_to_user,5,1.0,1.0,respond_to_user,1.0,1
jev,4/t0/turn1,4,get_user_details,5,1.0,1.0,get_user_details,1.0,1
jev,4/t0/turn10,4,transfer_to_human_agents,5,1.0,1.0,transfer_to_human_agents,1.0,1
jev,4/t0/turn11,4,respond_to_user,5,1.0,1.0,respond_to_user,1.0,1
jev,4/t0/turn2,4,get_reservation_details,5,1.0,1.0,get_reservation_details,1.0,1
jev,4/t0/turn3,4,get_reservation_details,5,1.0,1.0,get_reservation_details,1.0,1
jev,4/t0/turn4,4,get_reservation_details,5,1.0,1.0,get_reservation_details,1.0,1
jev,4/t0/turn5,4,get_reservation_details,5,1.0,1.0,get_reservation_details,1.0,1
jev,4/t0/turn6,4,get_reservation_details,5,1.0,1.0,get_reservation_details,1.0,1
jev,4/t0/turn7,4,get_flight_status,5,0.0,0.0,respond_to_user,1.0,1
jev,4/t0/turn8,4,get_flight_status,5,0.6,0.6,get_flight_status,0.6,2
jev,4/t0/turn9,4,respond_to_user,5,1.0,1.0,respond_to_user,1.0,1
jev,4/t1/turn0,4,respond_to_user,5,1.0,1.0,respond_to_user,1.0,1
jev,4/t1/turn1,4,get_user_details,5,1.0,1.0,get_user_details,1.0,1
jev,4/t1/turn10,4,transfer_to_human_agents,5,1.0,1.0,transfer_to_human_agents,1.0,1
jev,4/t1/turn11,4,respond_to_user,5,1.0,1.0,respond_to_user,1.0,1
jev,4/t1/turn2,4,get_reservation_details,5,1.0,1.0,get_reservation_details,1.0,1
jev,4/t1/turn3,4,get_reservation_details,5,1.0,1.0,get_reservation_details,1.0,1
jev,4/t1/turn4,4,get_reservation_details,5,1.0,1.0,get_reservation_details,1.0,1
jev,4/t1/turn5,4,get_reservation_details,5,1.0,1.0,get_reservation_details,1.0,1
jev,4/t1/turn6,4,get_reservation_details,5,1.0,1.0,get_reservation_details,1.0,1
jev,4/t1/turn7,4,get_flight_status,5,0.0,0.0,respond_to_user,1.0,1
jev,4/t1/turn8,4,get_flight_status,5,1.0,1.0,get_flight_status,1.0,1
jev,4/t1/turn9,4,respond_to_user,5,1.0,1.0,respond_to_user,1.0,1
jev,4/t2/turn0,4,respond_to_user,5,1.0,1.0,respond_to_user,1.0,1
jev,4/t2/turn1,4,get_user_details,5,1.0,1.0,get_user_details,1.0,1
jev,4/t2/turn10,4,transfer_to_human_agents,5,1.0,1.0,transfer_to_human_agents,1.0,1
jev,4/t2/turn11,4,respond_to_user,5,1.0,1.0,respond_to_user,1.0,1
jev,4/t2/turn2,4,get_reservation_details,5,1.0,1.0,get_reservation_details,1.0,1
jev,4/t2/turn3,4,get_reservation_details,5,1.0,1.0,get_reservation_details,1.0,1
jev,4/t2/turn4,4,get_reservation_details,5,1.0,1.0,get_reservation_details,1.0,1
jev,4/t2/turn5,4,get_reservation_details,5,1.0,1.0,get_reservation_details,1.0,1
jev,4/t2/turn6,4,get_reservation_details,5,1.0,1.0,get_reservation_details,1.0,1
jev,4/t2/turn7,4,get_flight_status,5,0.0,0.0,respond_to_user,1.0,1
jev,4/t2/turn8,4,get_flight_status,5,0.2,0.2,respond_to_user,0.8,2
jev,4/t2/turn9,4,respond_to_user,5,1.0,1.0,respond_to_user,1.0,1
jev,40/t0/turn0,40,respond_to_user,5,1.0,1.0,respond_to_user,1.0,1
jev,40/t0/turn1,40,get_user_details,5,0.0,1.0,get_reservation_details,1.0,1
jev,40/t0/turn2,40,respond_to_user,5,1.0,1.0,respond_to_user,1.0,1
jev,40/t0/turn3,40,update_reservation_passengers,5,1.0,1.0,update_reservation_passengers,1.0,1
jev,40/t0/turn4,40,respond_to_user,5,1.0,1.0,respond_to_user,1.0,1
jev,40/t1/turn0,40,respond_to_user,5,1.0,1.0,respond_to_user,1.0,1
jev,40/t1/turn1,40,get_reservation_details,5,1.0,1.0,get_reservation_details,1.0,1
jev,40/t1/turn2,40,respond_to_user,5,0.0,0.0,update_reservation_passengers,1.0,1
jev,40/t1/turn3,40,update_reservation_passengers,5,1.0,1.0,update_reservation_passengers,1.0,1
jev,40/t1/turn4,40,respond_to_user,5,1.0,1.0,respond_to_user,1.0,1
jev,40/t2/turn0,40,respond_to_user,5,1.0,1.0,respond_to_user,1.0,1
jev,40/t2/turn1,40,get_user_details,5,0.0,1.0,get_reservation_details,1.0,1
jev,40/t2/turn2,40,respond_to_user,5,1.0,1.0,respond_to_user,1.0,1
jev,40/t2/turn3,40,update_reservation_passengers,5,1.0,1.0,update_reservation_passengers,1.0,1
jev,40/t2/turn4,40,respond_to_user,5,1.0,1.0,respond_to_user,1.0,1
jev,41/t0/turn0,41,respond_to_user,5,1.0,1.0,respond_to_user,1.0,1
jev,41/t0/turn1,41,get_user_details,5,1.0,1.0,get_user_details,1.0,1
jev,41/t0/turn10,41,respond_to_user,5,1.0,1.0,respond_to_user,1.0,1
jev,41/t0/turn11,41,transfer_to_human_agents,5,1.0,1.0,transfer_to_human_agents,1.0,1
jev,41/t0/turn12,41,respond_to_user,5,1.0,1.0,respond_to_user,1.0,1
jev,41/t0/turn2,41,get_reservation_details,5,1.0,1.0,get_reservation_details,1.0,1
jev,41/t0/turn3,41,get_reservation_details,5,1.0,1.0,get_reservation_details,1.0,1
jev,41/t0/turn4,41,get_reservation_details,5,1.0,1.0,get_reservation_details,1.0,1
jev,41/t0/turn5,41,get_reservation_details,5,1.0,1.0,get_reservation_details,1.0,1
jev,41/t0/turn6,41,get_reservation_details,5,1.0,1.0,get_reservation_details,1.0,1
jev,41/t0/turn7,41,get_reservation_details,5,1.0,1.0,get_reservation_details,1.0,1
jev,41/t0/turn8,41,get_reservation_details,5,1.0,1.0,get_reservation_details,1.0,1
jev,41/t0/turn9,41,respond_to_user,5,1.0,1.0,respond_to_user,1.0,1
jev,41/t1/turn0,41,respond_to_user,5,1.0,1.0,respond_to_user,1.0,1
jev,41/t1/turn1,41,get_user_details,5,1.0,1.0,get_user_details,1.0,1
jev,41/t1/turn10,41,respond_to_user,5,1.0,1.0,respond_to_user,1.0,1
jev,41/t1/turn11,41,respond_to_user,5,1.0,1.0,respond_to_user,1.0,1
jev,41/t1/turn12,41,transfer_to_human_agents,5,1.0,1.0,transfer_to_human_agents,1.0,1
jev,41/t1/turn13,41,respond_to_user,5,1.0,1.0,respond_to_user,1.0,1
jev,41/t1/turn2,41,get_reservation_details,5,1.0,1.0,get_reservation_details,1.0,1
jev,41/t1/turn3,41,get_reservation_details,5,1.0,1.0,get_reservation_details,1.0,1
jev,41/t1/turn4,41,get_reservation_details,5,1.0,1.0,get_reservation_details,1.0,1
jev,41/t1/turn5,41,get_reservation_details,5,1.0,1.0,get_reservation_details,1.0,1
jev,41/t1/turn6,41,get_reservation_details,5,1.0,1.0,get_reservation_details,1.0,1
jev,41/t1/turn7,41,get_reservation_details,5,1.0,1.0,get_reservation_details,1.0,1
jev,41/t1/turn8,41,get_reservation_details,5,1.0,1.0,get_reservation_details,1.0,1
jev,41/t1/turn9,41,get_flight_status,5,0.0,0.0,respond_to_user,1.0,1
jev,41/t2/turn0,41,respond_to_user,5,1.0,1.0,respond_to_user,1.0,1
jev,41/t2/turn1,41,get_user_details,5,1.0,1.0,get_user_details,1.0,1
jev,41/t2/turn10,41,respond_to_user,5,1.0,1.0,respond_to_user,1.0,1
jev,41/t2/turn11,41,transfer_to_human_agents,5,1.0,1.0,transfer_to_human_agents,1.0,1
jev,41/t2/turn12,41,respond_to_user,5,1.0,1.0,respond_to_user,1.0,1
jev,41/t2/turn2,41,get_reservation_details,5,1.0,1.0,get_reservation_details,1.0,1
jev,41/t2/turn3,41,get_reservation_details,5,1.0,1.0,get_reservation_details,1.0,1
jev,41/t2/turn4,41,get_reservation_details,5,1.0,1.0,get_reservation_details,1.0,1
jev,41/t2/turn5,41,get_reservation_details,5,1.0,1.0,get_reservation_details,1.0,1
jev,41/t2/turn6,41,get_reservation_details,5,1.0,1.0,get_reservation_details,1.0,1
jev,41/t2/turn7,41,get_reservation_details,5,1.0,1.0,get_reservation_details,1.0,1
jev,41/t2/turn8,41,get_reservation_details,5,1.0,1.0,get_reservation_details,1.0,1
jev,41/t2/turn9,41,respond_to_user,5,1.0,1.0,respond_to_user,1.0,1
jev,42/t0/turn0,42,respond_to_user,5,1.0,1.0,respond_to_user,1.0,1
jev,42/t0/turn1,42,get_user_details,5,1.0,1.0,get_user_details,1.0,1
jev,42/t0/turn10,42,respond_to_user,5,0.0,0.0,cancel_reservation,1.0,1
jev,42/t0/turn11,42,cancel_reservation,5,1.0,1.0,cancel_reservation,1.0,1
jev,42/t0/turn12,42,cancel_reservation,5,1.0,1.0,cancel_reservation,1.0,1
jev,42/t0/turn13,42,respond_to_user,5,1.0,1.0,respond_to_user,1.0,1
jev,42/t0/turn2,42,get_reservation_details,5,1.0,1.0,get_reservation_details,1.0,1
jev,42/t0/turn3,42,get_reservation_details,5,1.0,1.0,get_reservation_details,1.0,1
jev,42/t0/turn4,42,get_reservation_details,5,1.0,1.0,get_reservation_details,1.0,1
jev,42/t0/turn5,42,get_reservation_details,5,1.0,1.0,get_reservation_details,1.0,1
jev,42/t0/turn6,42,get_reservation_details,5,1.0,1.0,get_reservation_details,1.0,1
jev,42/t0/turn7,42,get_reservation_details,5,1.0,1.0,get_reservation_details,1.0,1
jev,42/t0/turn8,42,get_reservation_details,5,1.0,1.0,get_reservation_details,1.0,1
jev,42/t0/turn9,42,respond_to_user,5,1.0,1.0,respond_to_user,1.0,1
jev,42/t1/turn0,42,respond_to_user,5,1.0,1.0,respond_to_user,1.0,1
jev,42/t1/turn1,42,get_user_details,5,1.0,1.0,get_user_details,1.0,1
jev,42/t1/turn10,42,respond_to_user,5,0.0,0.0,cancel_reservation,1.0,1
jev,42/t1/turn11,42,cancel_reservation,5,1.0,1.0,cancel_reservation,1.0,1
jev,42/t1/turn12,42,cancel_reservation,5,1.0,1.0,cancel_reservation,1.0,1
jev,42/t1/turn13,42,respond_to_user,5,1.0,1.0,respond_to_user,1.0,1
jev,42/t1/turn2,42,get_reservation_details,5,1.0,1.0,get_reservation_details,1.0,1
jev,42/t1/turn3,42,get_reservation_details,5,1.0,1.0,get_reservation_details,1.0,1
jev,42/t1/turn4,42,get_reservation_details,5,1.0,1.0,get_reservation_details,1.0,1
jev,42/t1/turn5,42,get_reservation_details,5,1.0,1.0,get_reservation_details,1.0,1
jev,42/t1/turn6,42,get_reservation_details,5,1.0,1.0,get_reservation_details,1.0,1
jev,42/t1/turn7,42,get_reservation_details,5,1.0,1.0,get_reservation_details,1.0,1
jev,42/t1/turn8,42,get_reservation_details,5,1.0,1.0,get_reservation_details,1.0,1
jev,42/t1/turn9,42,respond_to_user,5,1.0,1.0,respond_to_user,1.0,1
jev,42/t2/turn0,42,respond_to_user,5,1.0,1.0,respond_to_user,1.0,1
jev,42/t2/turn1,42,get_user_details,5,1.0,1.0,get_user_details,1.0,1
jev,42/t2/turn10,42,cancel_reservation,5,1.0,1.0,cancel_reservation,1.0,1
jev,42/t2/turn11,42,cancel_reservation,5,1.0,1.0,cancel_reservation,1.0,1
jev,42/t2/turn12,42,respond_to_user,5,1.0,1.0,respond_to_user,1.0,1
jev,42/t2/turn2,42,get_reservation_details,5,1.0,1.0,get_reservation_details,1.0,1
jev,42/t2/turn3,42,get_reservation_details,5,1.0,1.0,get_reservation_details,1.0,1
jev,42/t2/turn4,42,get_reservation_details,5,1.0,1.0,get_reservation_details,1.0,1
jev,42/t2/turn5,42,get_reservation_details,5,1.0,1.0,get_reservation_details,1.0,1
jev,42/t2/turn6,42,get_reservation_details,5,1.0,1.0,get_reservation_details,1.0,1
jev,42/t2/turn7,42,get_reservation_details,5,1.0,1.0,get_reservation_details,1.0,1
jev,42/t2/turn8,42,get_reservation_details,5,1.0,1.0,get_reservation_details,1.0,1
jev,42/t2/turn9,42,respond_to_user,5,1.0,1.0,respond_to_user,1.0,1
jev,43/t0/turn0,43,respond_to_user,5,1.0,1.0,respond_to_user,1.0,1
jev,43/t0/turn1,43,get_user_details,5,1.0,1.0,get_user_details,1.0,1
jev,43/t0/turn10,43,respond_to_user,5,1.0,1.0,respond_to_user,1.0,1
jev,43/t0/turn2,43,get_reservation_details,5,1.0,1.0,get_reservation_details,1.0,1
jev,43/t0/turn3,43,get_reservation_details,5,1.0,1.0,get_reservation_details,1.0,1
jev,43/t0/turn4,43,get_reservation_details,5,1.0,1.0,get_reservation_details,1.0,1
jev,43/t0/turn5,43,get_reservation_details,5,1.0,1.0,get_reservation_details,1.0,1
jev,43/t0/turn6,43,get_reservation_details,5,0.0,0.0,respond_to_user,1.0,1
jev,43/t0/turn7,43,get_reservation_details,5,0.0,0.0,respond_to_user,1.0,1
jev,43/t0/turn8,43,respond_to_user,5,1.0,1.0,respond_to_user,1.0,1
jev,43/t0/turn9,43,respond_to_user,5,1.0,1.0,respond_to_user,1.0,1
jev,43/t1/turn0,43,respond_to_user,5,1.0,1.0,respond_to_user,1.0,1
jev,43/t1/turn1,43,get_user_details,5,1.0,1.0,get_user_details,1.0,1
jev,43/t1/turn2,43,get_reservation_details,5,1.0,1.0,get_reservation_details,1.0,1
jev,43/t1/turn3,43,get_reservation_details,5,1.0,1.0,get_reservation_details,1.0,1
jev,43/t1/turn4,43,get_reservation_details,5,1.0,1.0,get_reservation_details,1.0,1
jev,43/t1/turn5,43,get_reservation_details,5,1.0,1.0,get_reservation_details,1.0,1
jev,43/t1/turn6,43,get_reservation_details,5,0.0,0.0,respond_to_user,1.0,1
jev,43/t1/turn7,43,get_reservation_details,5,0.0,0.0,respond_to_user,1.0,1
jev,43/t1/turn8,43,transfer_to_human_agents,5,0.0,0.0,respond_to_user,1.0,1
jev,43/t1/turn9,43,respond_to_user,5,1.0,1.0,respond_to_user,1.0,1
jev,43/t2/turn0,43,respond_to_user,5,1.0,1.0,respond_to_user,1.0,1
jev,43/t2/turn1,43,get_user_details,5,1.0,1.0,get_user_details,1.0,1
jev,43/t2/turn2,43,get_reservation_details,5,1.0,1.0,get_reservation_details,1.0,1
jev,43/t2/turn3,43,get_reservation_details,5,1.0,1.0,get_reservation_details,1.0,1
jev,43/t2/turn4,43,get_reservation_details,5,1.0,1.0,get_reservation_details,1.0,1
jev,43/t2/turn5,43,get_reservation_details,5,1.0,1.0,get_reservation_details,1.0,1
jev,43/t2/turn6,43,get_flight_status,5,0.0,0.0,respond_to_user,1.0,1
jev,43/t2/turn7,43,respond_to_user,5,1.0,1.0,respond_to_user,1.0,1
jev,43/t2/turn8,43,transfer_to_human_agents,5,0.0,0.0,respond_to_user,1.0,1
jev,43/t2/turn9,43,respond_to_user,5,1.0,1.0,respond_to_user,1.0,1
jev,45/t0/turn0,45,respond_to_user,5,1.0,1.0,respond_to_user,1.0,1
jev,45/t0/turn1,45,get_reservation_details,5,1.0,1.0,get_reservation_details,1.0,1
jev,45/t0/turn2,45,get_flight_status,5,0.0,0.0,respond_to_user,1.0,1
jev,45/t0/turn3,45,respond_to_user,5,1.0,1.0,respond_to_user,1.0,1
jev,45/t0/turn4,45,respond_to_user,5,1.0,1.0,respond_to_user,1.0,1
jev,45/t0/turn5,45,respond_to_user,5,1.0,1.0,respond_to_user,1.0,1
jev,45/t1/turn0,45,respond_to_user,5,1.0,1.0,respond_to_user,1.0,1
jev,45/t1/turn1,45,get_reservation_details,5,1.0,1.0,get_reservation_details,1.0,1
jev,45/t1/turn2,45,get_flight_status,5,0.4,0.4,respond_to_user,0.6,2
jev,45/t1/turn3,45,get_flight_status,5,0.0,0.0,respond_to_user,1.0,1
jev,45/t1/turn4,45,respond_to_user,5,1.0,1.0,respond_to_user,1.0,1
jev,45/t1/turn5,45,respond_to_user,5,0.0,0.0,search_onestop_flight,0.8,2
jev,45/t1/turn6,45,respond_to_user,5,1.0,1.0,respond_to_user,1.0,1
jev,45/t2/turn0,45,respond_to_user,5,1.0,1.0,respond_to_user,1.0,1
jev,45/t2/turn1,45,get_reservation_details,5,1.0,1.0,get_reservation_details,1.0,1
jev,45/t2/turn2,45,respond_to_user,5,1.0,1.0,respond_to_user,1.0,1
jev,45/t2/turn3,45,respond_to_user,5,1.0,1.0,respond_to_user,1.0,1
jev,45/t2/turn4,45,respond_to_user,5,1.0,1.0,respond_to_user,1.0,1
jev,45/t2/turn5,45,respond_to_user,5,1.0,1.0,respond_to_user,1.0,1
jev,46/t0/turn0,46,transfer_to_human_agents,5,0.0,0.0,respond_to_user,1.0,1
jev,46/t0/turn1,46,respond_to_user,5,1.0,1.0,respond_to_user,1.0,1
jev,46/t1/turn0,46,transfer_to_human_agents,5,0.0,0.0,respond_to_user,1.0,1
jev,46/t1/turn1,46,respond_to_user,5,1.0,1.0,respond_to_user,1.0,1
jev,46/t2/turn0,46,transfer_to_human_agents,5,0.0,0.0,respond_to_user,1.0,1
jev,46/t2/turn1,46,respond_to_user,5,1.0,1.0,respond_to_user,1.0,1
jev,47/t0/turn0,47,respond_to_user,5,1.0,1.0,respond_to_user,1.0,1
jev,47/t0/turn1,47,get_reservation_details,5,1.0,1.0,get_reservation_details,1.0,1
jev,47/t0/turn2,47,respond_to_user,5,1.0,1.0,respond_to_user,1.0,1
jev,47/t0/turn3,47,respond_to_user,5,1.0,1.0,respond_to_user,1.0,1
jev,47/t0/turn4,47,respond_to_user,5,1.0,1.0,respond_to_user,1.0,1
jev,47/t0/turn5,47,respond_to_user,5,1.0,1.0,respond_to_user,1.0,1
jev,47/t0/turn6,47,respond_to_user,5,1.0,1.0,respond_to_user,1.0,1
jev,47/t0/turn7,47,respond_to_user,5,1.0,1.0,respond_to_user,1.0,1
jev,47/t1/turn0,47,respond_to_user,5,1.0,1.0,respond_to_user,1.0,1
jev,47/t1/turn1,47,get_user_details,5,0.0,1.0,get_reservation_details,1.0,1
jev,47/t1/turn2,47,get_reservation_details,5,1.0,1.0,get_reservation_details,1.0,1
jev,47/t1/turn3,47,get_flight_status,5,0.4,0.4,respond_to_user,0.6,2
jev,47/t1/turn4,47,respond_to_user,5,1.0,1.0,respond_to_user,1.0,1
jev,47/t1/turn5,47,transfer_to_human_agents,5,0.0,0.0,respond_to_user,1.0,1
jev,47/t1/turn6,47,respond_to_user,5,1.0,1.0,respond_to_user,1.0,1
jev,47/t2/turn0,47,respond_to_user,5,1.0,1.0,respond_to_user,1.0,1
jev,47/t2/turn1,47,get_user_details,5,0.0,1.0,get_reservation_details,1.0,1
jev,47/t2/turn2,47,respond_to_user,5,0.0,0.0,get_flight_status,1.0,1
jev,47/t2/turn3,47,respond_to_user,5,1.0,1.0,respond_to_user,1.0,1
jev,47/t2/turn4,47,respond_to_user,5,1.0,1.0,respond_to_user,1.0,1
jev,47/t2/turn5,47,respond_to_user,5,1.0,1.0,respond_to_user,1.0,1
jev,47/t2/turn6,47,transfer_to_human_agents,5,0.0,0.0,respond_to_user,1.0,1
jev,47/t2/turn7,47,respond_to_user,5,1.0,1.0,respond_to_user,1.0,1
jev,48/t0/turn0,48,respond_to_user,5,1.0,1.0,respond_to_user,1.0,1
jev,48/t0/turn1,48,get_reservation_details,5,1.0,1.0,get_reservation_details,1.0,1
jev,48/t0/turn2,48,respond_to_user,5,1.0,1.0,respond_to_user,1.0,1
jev,48/t0/turn3,48,get_reservation_details,5,0.0,0.0,respond_to_user,1.0,1
jev,48/t0/turn4,48,transfer_to_human_agents,5,0.0,0.0,respond_to_user,1.0,1
jev,48/t0/turn5,48,respond_to_user,5,1.0,1.0,respond_to_user,1.0,1
jev,48/t1/turn0,48,respond_to_user,5,1.0,1.0,respond_to_user,1.0,1
jev,48/t1/turn1,48,get_reservation_details,5,1.0,1.0,get_reservation_details,1.0,1
jev,48/t1/turn2,48,respond_to_user,5,1.0,1.0,respond_to_user,1.0,1
jev,48/t1/turn3,48,get_reservation_details,5,0.0,0.0,respond_to_user,1.0,1
jev,48/t1/turn4,48,transfer_to_human_agents,5,0.0,0.0,respond_to_user,1.0,1
jev,48/t1/turn5,48,respond_to_user,5,1.0,1.0,respond_to_user,1.0,1
jev,48/t2/turn0,48,respond_to_user,5,1.0,1.0,respond_to_user,1.0,1
jev,48/t2/turn1,48,get_reservation_details,5,1.0,1.0,get_reservation_details,1.0,1
jev,48/t2/turn2,48,respond_to_user,5,1.0,1.0,respond_to_user,1.0,1
jev,48/t2/turn3,48,get_reservation_details,5,0.0,0.0,respond_to_user,1.0,1
jev,48/t2/turn4,48,transfer_to_human_agents,5,0.0,0.0,respond_to_user,1.0,1
jev,48/t2/turn5,48,respond_to_user,5,1.0,1.0,respond_to_user,1.0,1
jev,49/t0/turn0,49,respond_to_user,5,1.0,1.0,respond_to_user,1.0,1
jev,49/t0/turn1,49,get_reservation_details,5,1.0,1.0,get_reservation_details,1.0,1
jev,49/t0/turn2,49,transfer_to_human_agents,5,0.0,0.0,respond_to_user,1.0,1
jev,49/t0/turn3,49,respond_to_user,5,1.0,1.0,respond_to_user,1.0,1
jev,49/t1/turn0,49,respond_to_user,5,1.0,1.0,respond_to_user,1.0,1
jev,49/t1/turn1,49,get_reservation_details,5,0.2,0.2,respond_to_user,0.8,2
jev,49/t1/turn2,49,respond_to_user,5,1.0,1.0,respond_to_user,1.0,1
jev,49/t1/turn3,49,get_user_details,5,1.0,1.0,get_user_details,1.0,1
jev,49/t1/turn4,49,transfer_to_human_agents,5,0.0,1.0,get_reservation_details,1.0,1
jev,49/t1/turn5,49,respond_to_user,5,1.0,1.0,respond_to_user,1.0,1
jev,49/t2/turn0,49,respond_to_user,5,1.0,1.0,respond_to_user,1.0,1
jev,49/t2/turn1,49,get_reservation_details,5,1.0,1.0,get_reservation_details,1.0,1
jev,49/t2/turn2,49,respond_to_user,5,1.0,1.0,respond_to_user,1.0,1
jev,49/t2/turn3,49,get_user_details,5,0.0,0.0,respond_to_user,1.0,1
jev,49/t2/turn4,49,transfer_to_human_agents,5,0.0,0.0,respond_to_user,1.0,1
jev,49/t2/turn5,49,respond_to_user,5,1.0,1.0,respond_to_user,1.0,1
jev,5/t0/turn0,5,respond_to_user,5,1.0,1.0,respond_to_user,1.0,1
jev,5/t0/turn1,5,respond_to_user,5,1.0,1.0,respond_to_user,1.0,1
jev,5/t0/turn2,5,respond_to_user,5,1.0,1.0,respond_to_user,1.0,1
jev,5/t1/turn0,5,respond_to_user,5,1.0,1.0,respond_to_user,1.0,1
jev,5/t1/turn1,5,get_user_details,5,1.0,1.0,get_user_details,1.0,1
jev,5/t1/turn10,5,transfer_to_human_agents,5,0.0,0.0,respond_to_user,1.0,1
jev,5/t1/turn11,5,respond_to_user,5,1.0,1.0,respond_to_user,1.0,1
jev,5/t1/turn2,5,get_reservation_details,5,1.0,1.0,get_reservation_details,1.0,1
jev,5/t1/turn3,5,get_reservation_details,5,1.0,1.0,get_reservation_details,1.0,1
jev,5/t1/turn4,5,get_reservation_details,5,1.0,1.0,get_reservation_details,1.0,1
jev,5/t1/turn5,5,get_flight_status,5,1.0,1.0,get_flight_status,1.0,1
jev,5/t1/turn6,5,respond_to_user,5,1.0,1.0,respond_to_user,1.0,1
jev,5/t1/turn7,5,respond_to_user,5,1.0,1.0,respond_to_user,1.0,1
jev,5/t1/turn8,5,get_user_details,5,0.0,0.0,respond_to_user,1.0,1
jev,5/t1/turn9,5,respond_to_user,5,1.0,1.0,respond_to_user,1.0,1
jev,5/t2/turn0,5,respond_to_user,5,1.0,1.0,respond_to_user,1.0,1
jev,5/t2/turn1,5,respond_to_user,5,1.0,1.0,respond_to_user,1.0,1
jev,5/t2/turn2,5,respond_to_user,5,1.0,1.0,respond_to_user,1.0,1
jev,5/t2/turn3,5,respond_to_user,5,1.0,1.0,respond_to_user,1.0,1
jev,6/t0/turn0,6,respond_to_user,5,1.0,1.0,respond_to_user,1.0,1
jev,6/t0/turn1,6,get_reservation_details,5,1.0,1.0,get_reservation_details,1.0,1
jev,6/t0/turn2,6,respond_to_user,5,1.0,1.0,respond_to_user,1.0,1
jev,6/t0/turn3,6,respond_to_user,5,1.0,1.0,respond_to_user,1.0,1
jev,6/t0/turn4,6,transfer_to_human_agents,5,0.0,0.0,respond_to_user,1.0,1
jev,6/t0/turn5,6,respond_to_user,5,1.0,1.0,respond_to_user,1.0,1
jev,6/t1/turn0,6,respond_to_user,5,1.0,1.0,respond_to_user,1.0,1
jev,6/t1/turn1,6,get_reservation_details,5,1.0,1.0,get_reservation_details,1.0,1
jev,6/t1/turn2,6,respond_to_user,5,1.0,1.0,respond_to_user,1.0,1
jev,6/t1/turn3,6,respond_to_user,5,1.0,1.0,respond_to_user,1.0,1
jev,6/t1/turn4,6,get_flight_status,5,0.0,0.0,respond_to_user,1.0,1
jev,6/t1/turn5,6,get_flight_status,5,0.8,0.8,get_flight_status,0.8,2
jev,6/t1/turn6,6,respond_to_user,5,1.0,1.0,respond_to_user,1.0,1
jev,6/t1/turn7,6,respond_to_user,5,1.0,1.0,respond_to_user,1.0,1
jev,6/t1/turn8,6,respond_to_user,5,1.0,1.0,respond_to_user,1.0,1
jev,6/t2/turn0,6,respond_to_user,5,1.0,1.0,respond_to_user,1.0,1
jev,6/t2/turn1,6,get_reservation_details,5,1.0,1.0,get_reservation_details,1.0,1
jev,6/t2/turn2,6,respond_to_user,5,1.0,1.0,respond_to_user,1.0,1
jev,6/t2/turn3,6,respond_to_user,5,1.0,1.0,respond_to_user,1.0,1
jev,6/t2/turn4,6,respond_to_user,5,1.0,1.0,respond_to_user,1.0,1
jev,6/t2/turn5,6,get_flight_status,5,0.0,0.0,respond_to_user,1.0,1
jev,6/t2/turn6,6,get_flight_status,5,0.2,0.2,respond_to_user,0.8,2
jev,6/t2/turn7,6,respond_to_user,5,1.0,1.0,respond_to_user,1.0,1
jev,6/t2/turn8,6,respond_to_user,5,1.0,1.0,respond_to_user,1.0,1
jev,8/t1/turn0,8,respond_to_user,5,1.0,1.0,respond_to_user,1.0,1
jev,8/t1/turn1,8,get_user_details,5,1.0,1.0,get_user_details,1.0,1
jev,8/t1/turn10,8,respond_to_user,5,0.4,0.4,book_reservation,0.6,2
jev,8/t1/turn11,8,book_reservation,5,1.0,1.0,book_reservation,1.0,1
jev,8/t1/turn12,8,respond_to_user,5,1.0,1.0,respond_to_user,1.0,1
jev,8/t1/turn2,8,get_reservation_details,5,1.0,1.0,get_reservation_details,1.0,1
jev,8/t1/turn3,8,get_reservation_details,5,1.0,1.0,get_reservation_details,1.0,1
jev,8/t1/turn4,8,get_reservation_details,5,1.0,1.0,get_reservation_details,1.0,1
jev,8/t1/turn5,8,get_reservation_details,5,1.0,1.0,get_reservation_details,1.0,1
jev,8/t1/turn6,8,get_reservation_details,5,1.0,1.0,get_reservation_details,1.0,1
jev,8/t1/turn7,8,search_direct_flight,5,0.0,0.0,respond_to_user,1.0,1
jev,8/t1/turn8,8,respond_to_user,5,1.0,1.0,respond_to_user,1.0,1
jev,8/t1/turn9,8,respond_to_user,5,1.0,1.0,respond_to_user,1.0,1
jev,8/t2/turn0,8,respond_to_user,5,1.0,1.0,respond_to_user,1.0,1
jev,8/t2/turn1,8,get_user_details,5,1.0,1.0,get_user_details,1.0,1
jev,8/t2/turn10,8,book_reservation,5,1.0,1.0,book_reservation,1.0,1
jev,8/t2/turn11,8,respond_to_user,5,1.0,1.0,respond_to_user,1.0,1
jev,8/t2/turn2,8,get_reservation_details,5,1.0,1.0,get_reservation_details,1.0,1
jev,8/t2/turn3,8,get_reservation_details,5,1.0,1.0,get_reservation_details,1.0,1
jev,8/t2/turn4,8,get_reservation_details,5,1.0,1.0,get_reservation_details,1.0,1
jev,8/t2/turn5,8,get_reservation_details,5,1.0,1.0,get_reservation_details,1.0,1
jev,8/t2/turn6,8,get_reservation_details,5,1.0,1.0,get_reservation_details,1.0,1
jev,8/t2/turn7,8,search_direct_flight,5,1.0,1.0,search_direct_flight,1.0,1
jev,8/t2/turn8,8,respond_to_user,5,1.0,1.0,respond_to_user,1.0,1
jev,8/t2/turn9,8,respond_to_user,5,1.0,1.0,respond_to_user,1.0,1
jev,9/t0/turn0,9,respond_to_user,5,1.0,1.0,respond_to_user,1.0,1
jev,9/t0/turn1,9,get_user_details,5,0.0,0.0,get_reservation_details,1.0,1
jev,9/t0/turn2,9,get_reservation_details,5,1.0,1.0,get_reservation_details,1.0,1
jev,9/t0/turn3,9,get_reservation_details,5,1.0,1.0,get_reservation_details,1.0,1
jev,9/t0/turn4,9,get_reservation_details,5,1.0,1.0,get_reservation_details,1.0,1
jev,9/t0/turn5,9,search_direct_flight,5,0.0,0.0,respond_to_user,1.0,1
jev,9/t0/turn6,9,get_flight_status,5,0.0,0.0,respond_to_user,1.0,1
jev,9/t0/turn7,9,transfer_to_human_agents,5,0.0,0.0,respond_to_user,1.0,1
jev,9/t0/turn8,9,respond_to_user,5,1.0,1.0,respond_to_user,1.0,1
jev,9/t1/turn0,9,respond_to_user,5,1.0,1.0,respond_to_user,1.0,1
jev,9/t1/turn1,9,get_user_details,5,0.0,0.0,get_reservation_details,1.0,1
jev,9/t1/turn10,9,respond_to_user,5,1.0,1.0,respond_to_user,1.0,1
jev,9/t1/turn2,9,get_reservation_details,5,1.0,1.0,get_reservation_details,1.0,1
jev,9/t1/turn3,9,get_reservation_details,5,1.0,1.0,get_reservation_details,1.0,1
jev,9/t1/turn4,9,get_reservation_details,5,1.0,1.0,get_reservation_details,1.0,1
jev,9/t1/turn5,9,get_flight_status,5,0.0,0.0,respond_to_user,1.0,1
jev,9/t1/turn6,9,get_flight_status,5,0.0,0.4,respond_to_user,0.6,2
jev,9/t1/turn7,9,get_flight_status,5,0.0,0.8,search_direct_flight,0.8,2
jev,9/t1/turn8,9,search_direct_flight,5,0.0,0.0,get_flight_status,0.6,2
jev,9/t1/turn9,9,transfer_to_human_agents,5,0.0,0.0,respond_to_user,1.0,1
jev,9/t2/turn0,9,respond_to_user,5,1.0,1.0,respond_to_user,1.0,1
jev,9/t2/turn1,9,get_user_details,5,0.0,0.0,get_reservation_details,1.0,1
jev,9/t2/turn2,9,get_reservation_details,5,1.0,1.0,get_reservation_details,1.0,1
jev,9/t2/turn3,9,get_reservation_details,5,1.0,1.0,get_reservation_details,1.0,1
jev,9/t2/turn4,9,get_reservation_details,5,1.0,1.0,get_reservation_details,1.0,1
jev,9/t2/turn5,9,get_flight_status,5,0.0,0.0,respond_to_user,1.0,1
jev,9/t2/turn6,9,search_direct_flight,5,0.0,0.0,respond_to_user,1.0,1
jev,9/t2/turn7,9,transfer_to_human_agents,5,0.0,0.0,respond_to_user,1.0,1
jev,9/t2/turn8,9,respond_to_user,5,1.0,1.0,respond_to_user,1.0,1
kev-0.8b,0/t0/turn0,0,respond_to_user,5,0.0,0.0,cancel_reservation,1.0,1
kev-0.8b,0/t0/turn1,0,get_reservation_details,5,1.0,1.0,get_reservation_details,1.0,1
kev-0.8b,0/t0/turn2,0,respond_to_user,5,0.0,0.0,get_reservation_details,1.0,1
kev-0.8b,0/t0/turn3,0,transfer_to_human_agents,5,1.0,1.0,transfer_to_human_agents,1.0,1
kev-0.8b,0/t0/turn4,0,respond_to_user,5,0.0,0.0,transfer_to_human_agents,1.0,1
kev-0.8b,0/t1/turn0,0,respond_to_user,5,0.0,0.0,get_reservation_details,1.0,1
kev-0.8b,0/t1/turn1,0,get_user_details,5,0.0,0.0,get_reservation_details,1.0,1
kev-0.8b,0/t1/turn2,0,respond_to_user,5,0.0,0.0,get_reservation_details,1.0,1
kev-0.8b,0/t1/turn3,0,respond_to_user,5,0.0,0.0,transfer_to_human_agents,1.0,1
kev-0.8b,0/t2/turn0,0,respond_to_user,5,0.0,0.0,get_reservation_details,1.0,1
kev-0.8b,0/t2/turn1,0,get_user_details,5,0.0,0.0,get_reservation_details,1.0,1
kev-0.8b,0/t2/turn2,0,get_reservation_details,5,1.0,1.0,get_reservation_details,1.0,1
kev-0.8b,0/t2/turn3,0,get_flight_status,5,0.0,0.0,get_reservation_details,1.0,1
kev-0.8b,0/t2/turn4,0,respond_to_user,5,0.0,0.0,cancel_reservation,1.0,1
kev-0.8b,0/t2/turn5,0,respond_to_user,5,0.0,0.0,transfer_to_human_agents,1.0,1
kev-0.8b,1/t0/turn0,1,respond_to_user,5,0.0,0.0,cancel_reservation,1.0,1
kev-0.8b,1/t0/turn1,1,get_user_details,5,0.0,0.0,cancel_reservation,1.0,1
kev-0.8b,1/t0/turn10,1,respond_to_user,5,0.0,1.0,get_reservation_details,1.0,1
kev-0.8b,1/t0/turn11,1,transfer_to_human_agents,5,1.0,1.0,transfer_to_human_agents,1.0,1
kev-0.8b,1/t0/turn12,1,respond_to_user,5,0.0,0.0,transfer_to_human_agents,1.0,1
kev-0.8b,1/t0/turn2,1,get_reservation_details,5,0.0,0.0,cancel_reservation,1.0,1
kev-0.8b,1/t0/turn3,1,get_reservation_details,5,1.0,1.0,get_reservation_details,1.0,1
kev-0.8b,1/t0/turn4,1,get_reservation_details,5,1.0,1.0,get_reservation_details,1.0,1
kev-0.8b,1/t0/turn5,1,get_reservation_details,5,1.0,1.0,get_reservation_details,1.0,1
kev-0.8b,1/t0/turn6,1,get_reservation_details,5,1.0,1.0,get_reservation_details,1.0,1
kev-0.8b,1/t0/turn7,1,get_flight_status,5,0.0,1.0,get_reservation_details,1.0,1
kev-0.8b,1/t0/turn8,1,get_flight_status,5,0.0,1.0,get_reservation_details,1.0,1
kev-0.8b,1/t0/turn9,1,get_flight_status,5,0.0,1.0,get_reservation_details,1.0,1
kev-0.8b,1/t1/turn0,1,respond_to_user,5,0.0,1.0,get_reservation_details,1.0,1
kev-0.8b,1/t1/turn1,1,get_user_details,5,0.0,0.0,cancel_reservation,1.0,1
kev-0.8b,1/t1/turn10,1,get_flight_status,5,0.0,0.0,cancel_reservation,1.0,1
kev-0.8b,1/t1/turn11,1,respond_to_user,5,0.0,0.0,cancel_reservation,1.0,1
kev-0.8b,1/t1/turn2,1,get_reservation_details,5,0.0,0.0,cancel_reservation,1.0,1
kev-0.8b,1/t1/turn3,1,get_reservation_details,5,0.0,0.0,cancel_reservation,1.0,1
kev-0.8b,1/t1/turn4,1,get_reservation_details,5,0.0,0.0,cancel_reservation,1.0,1
kev-0.8b,1/t1/turn5,1,get_reservation_details,5,0.0,0.0,cancel_reservation,1.0,1
kev-0.8b,1/t1/turn6,1,get_reservation_details,5,1.0,1.0,get_reservation_details,1.0,1
kev-0.8b,1/t1/turn7,1,respond_to_user,5,0.0,0.0,cancel_reservation,1.0,1
kev-0.8b,1/t1/turn8,1,get_flight_status,5,0.0,0.0,cancel_reservation,1.0,1
kev-0.8b,1/t1/turn9,1,get_flight_status,5,0.0,0.0,cancel_reservation,1.0,1
kev-0.8b,1/t2/turn0,1,respond_to_user,5,0.0,0.0,cancel_reservation,1.0,1
kev-0.8b,1/t2/turn1,1,get_user_details,5,0.0,1.0,get_reservation_details,1.0,1
kev-0.8b,1/t2/turn2,1,get_reservation_details,5,1.0,1.0,get_reservation_details,1.0,1
kev-0.8b,1/t2/turn3,1,get_reservation_details,5,1.0,1.0,get_reservation_details,1.0,1
kev-0.8b,1/t2/turn4,1,get_reservation_details,5,1.0,1.0,get_reservation_details,1.0,1
kev-0.8b,1/t2/turn5,1,get_reservation_details,5,1.0,1.0,get_reservation_details,1.0,1
kev-0.8b,1/t2/turn6,1,get_reservation_details,5,1.0,1.0,get_reservation_details,1.0,1
kev-0.8b,1/t2/turn7,1,respond_to_user,5,0.0,1.0,get_reservation_details,1.0,1
kev-0.8b,10/t0/turn0,10,respond_to_user,5,1.0,1.0,respond_to_user,1.0,1
kev-0.8b,10/t0/turn1,10,get_user_details,5,0.0,0.0,get_reservation_details,1.0,1
kev-0.8b,10/t0/turn10,10,respond_to_user,5,0.0,0.0,transfer_to_human_agents,1.0,1
kev-0.8b,10/t0/turn11,10,respond_to_user,5,0.0,0.0,transfer_to_human_agents,1.0,1
kev-0.8b,10/t0/turn2,10,get_reservation_details,5,1.0,1.0,get_reservation_details,1.0,1
kev-0.8b,10/t0/turn3,10,search_onestop_flight,5,0.0,0.0,get_reservation_details,1.0,1
kev-0.8b,10/t0/turn4,10,search_direct_flight,5,1.0,1.0,search_direct_flight,1.0,1
kev-0.8b,10/t0/turn5,10,search_direct_flight,5,1.0,1.0,search_direct_flight,1.0,1
kev-0.8b,10/t0/turn6,10,search_direct_flight,5,0.0,0.0,update_reservation_flights,1.0,1
kev-0.8b,10/t0/turn7,10,respond_to_user,5,0.0,0.0,update_reservation_flights,1.0,1
kev-0.8b,10/t0/turn8,10,respond_to_user,5,0.0,0.0,transfer_to_human_agents,1.0,1
kev-0.8b,10/t0/turn9,10,respond_to_user,5,0.0,0.0,transfer_to_human_agents,1.0,1
kev-0.8b,10/t1/turn0,10,respond_to_user,5,0.0,0.0,update_reservation_flights,1.0,1
kev-0.8b,10/t1/turn1,10,get_user_details,5,0.0,0.0,get_reservation_details,1.0,1
kev-0.8b,10/t1/turn10,10,respond_to_user,5,0.0,0.0,transfer_to_human_agents,1.0,1
kev-0.8b,10/t1/turn2,10,get_reservation_details,5,1.0,1.0,get_reservation_details,1.0,1
kev-0.8b,10/t1/turn3,10,respond_to_user,5,0.0,0.0,get_reservation_details,1.0,1
kev-0.8b,10/t1/turn4,10,search_direct_flight,5,0.0,0.0,get_reservation_details,1.0,1
kev-0.8b,10/t1/turn5,10,search_onestop_flight,5,0.0,0.0,get_reservation_details,1.0,1
kev-0.8b,10/t1/turn6,10,search_direct_flight,5,1.0,1.0,search_direct_flight,1.0,1
kev-0.8b,10/t1/turn7,10,search_direct_flight,5,0.0,0.0,respond_to_user,1.0,1
kev-0.8b,10/t1/turn8,10,respond_to_user,5,1.0,1.0,respond_to_user,1.0,1
kev-0.8b,10/t1/turn9,10,respond_to_user,5,0.0,0.0,transfer_to_human_agents,1.0,1
kev-0.8b,10/t2/turn0,10,respond_to_user,5,1.0,1.0,respond_to_user,1.0,1
kev-0.8b,10/t2/turn1,10,get_user_details,5,0.0,0.0,get_reservation_details,1.0,1
kev-0.8b,10/t2/turn2,10,get_reservation_details,5,1.0,1.0,get_reservation_details,1.0,1
kev-0.8b,10/t2/turn3,10,search_direct_flight,5,0.0,0.0,get_reservation_details,1.0,1
kev-0.8b,10/t2/turn4,10,search_onestop_flight,5,0.0,0.0,get_reservation_details,1.0,1
kev-0.8b,10/t2/turn5,10,search_direct_flight,5,0.0,0.0,search_onestop_flight,1.0,1
kev-0.8b,10/t2/turn6,10,search_direct_flight,5,0.0,0.0,respond_to_user,1.0,1
kev-0.8b,10/t2/turn7,10,respond_to_user,5,1.0,1.0,respond_to_user,1.0,1
kev-0.8b,10/t2/turn8,10,respond_to_user,5,0.0,0.0,transfer_to_human_agents,1.0,1
kev-0.8b,10/t2/turn9,10,respond_to_user,5,0.0,0.0,transfer_to_human_agents,1.0,1
kev-0.8b,11/t0/turn0,11,respond_to_user,5,0.0,0.0,update_reservation_passengers,1.0,1
kev-0.8b,11/t0/turn1,11,get_user_details,5,0.0,0.0,transfer_to_human_agents,1.0,1
kev-0.8b,11/t0/turn2,11,get_reservation_details,5,1.0,1.0,get_reservation_details,1.0,1
kev-0.8b,11/t0/turn3,11,get_reservation_details,5,0.0,0.0,transfer_to_human_agents,1.0,1
kev-0.8b,11/t0/turn4,11,get_reservation_details,5,0.0,0.0,transfer_to_human_agents,1.0,1
kev-0.8b,11/t0/turn5,11,search_direct_flight,5,0.0,0.0,transfer_to_human_agents,1.0,1
kev-0.8b,11/t0/turn6,11,respond_to_user,5,0.0,0.0,transfer_to_human_agents,1.0,1
kev-0.8b,11/t0/turn7,11,update_reservation_flights,5,0.0,1.0,get_reservation_details,1.0,1
kev-0.8b,11/t0/turn8,11,respond_to_user,5,0.0,0.0,update_reservation_flights,1.0,1
kev-0.8b,11/t1/turn0,11,respond_to_user,5,0.0,0.0,update_reservation_passengers,1.0,1
kev-0.8b,11/t1/turn1,11,get_user_details,5,0.0,0.0,get_reservation_details,1.0,1
kev-0.8b,11/t1/turn2,11,get_reservation_details,5,1.0,1.0,get_reservation_details,1.0,1
kev-0.8b,11/t1/turn3,11,get_reservation_details,5,0.0,0.0,transfer_to_human_agents,1.0,1
kev-0.8b,11/t1/turn4,11,get_reservation_details,5,0.0,0.0,transfer_to_human_agents,1.0,1
kev-0.8b,11/t1/turn5,11,search_direct_flight,5,0.0,0.0,get_reservation_details,1.0,1
kev-0.8b,11/t1/turn6,11,search_direct_flight,5,0.0,0.0,get_reservation_details,1.0,1
kev-0.8b,11/t1/turn7,11,respond_to_user,5,0.0,0.0,get_reservation_details,1.0,1
kev-0.8b,11/t1/turn8,11,update_reservation_flights,5,0.0,1.0,get_reservation_details,1.0,1
kev-0.8b,11/t1/turn9,11,respond_to_user,5,0.0,0.0,update_reservation_passengers,1.0,1
kev-0.8b,11/t2/turn0,11,respond_to_user,5,0.0,0.0,update_reservation_passengers,1.0,1
kev-0.8b,11/t2/turn1,11,respond_to_user,5,1.0,1.0,respond_to_user,1.0,1
kev-0.8b,11/t2/turn10,11,respond_to_user,5,0.0,0.0,update_reservation_passengers,1.0,1
kev-0.8b,11/t2/turn11,11,update_reservation_flights,5,0.0,1.0,get_reservation_details,1.0,1
kev-0.8b,11/t2/turn12,11,respond_to_user,5,0.0,0.0,get_reservation_details,1.0,1
kev-0.8b,11/t2/turn2,11,get_user_details,5,0.0,0.0,update_reservation_passengers,1.0,1
kev-0.8b,11/t2/turn3,11,get_reservation_details,5,1.0,1.0,get_reservation_details,1.0,1
kev-0.8b,11/t2/turn4,11,get_reservation_details,5,0.0,0.0,update_reservation_passengers,1.0,1
kev-0.8b,11/t2/turn5,11,get_reservation_details,5,0.0,0.0,update_reservation_passengers,1.0,1
kev-0.8b,11/t2/turn6,11,get_flight_status,5,0.0,0.0,get_reservation_details,1.0,1
kev-0.8b,11/t2/turn7,11,get_flight_status,5,0.0,0.0,get_reservation_details,1.0,1
kev-0.8b,11/t2/turn8,11,search_direct_flight,5,0.0,0.0,get_reservation_details,1.0,1
kev-0.8b,11/t2/turn9,11,search_direct_flight,5,0.0,0.0,get_reservation_details,1.0,1
kev-0.8b,12/t0/turn0,12,respond_to_user,5,0.0,0.0,get_user_details,1.0,1
kev-0.8b,12/t0/turn1,12,get_reservation_details,5,0.0,0.0,get_user_details,1.0,1
kev-0.8b,12/t0/turn2,12,search_direct_flight,5,0.0,1.0,get_reservation_details,1.0,1
kev-0.8b,12/t0/turn3,12,search_direct_flight,5,0.0,1.0,get_reservation_details,1.0,1
kev-0.8b,12/t0/turn4,12,get_user_details,5,0.0,1.0,get_reservation_details,1.0,1
kev-0.8b,12/t0/turn5,12,respond_to_user,5,0.0,1.0,get_reservation_details,1.0,1
kev-0.8b,12/t0/turn6,12,update_reservation_baggages,5,0.0,1.0,get_reservation_details,1.0,1
kev-0.8b,12/t0/turn7,12,respond_to_user,5,1.0,1.0,respond_to_user,1.0,1
kev-0.8b,12/t1/turn0,12,respond_to_user,5,0.0,0.0,update_reservation_passengers,1.0,1
kev-0.8b,12/t1/turn1,12,get_reservation_details,5,0.0,0.0,update_reservation_passengers,1.0,1
kev-0.8b,12/t1/turn2,12,search_direct_flight,5,0.0,1.0,get_reservation_details,1.0,1
kev-0.8b,12/t1/turn3,12,search_direct_flight,5,0.0,0.0,update_reservation_passengers,1.0,1
kev-0.8b,12/t1/turn4,12,get_user_details,5,0.0,0.0,update_reservation_passengers,1.0,1
kev-0.8b,12/t1/turn5,12,respond_to_user,5,0.0,1.0,get_reservation_details,1.0,1
kev-0.8b,12/t1/turn6,12,respond_to_user,5,0.0,0.0,update_reservation_passengers,1.0,1
kev-0.8b,12/t1/turn7,12,update_reservation_baggages,5,1.0,1.0,update_reservation_baggages,1.0,1
kev-0.8b,12/t1/turn8,12,respond_to_user,5,0.0,1.0,get_reservation_details,1.0,1
kev-0.8b,12/t2/turn0,12,respond_to_user,5,0.0,1.0,get_reservation_details,1.0,1
kev-0.8b,12/t2/turn1,12,get_user_details,5,1.0,1.0,get_user_details,1.0,1
kev-0.8b,12/t2/turn2,12,search_direct_flight,5,0.0,1.0,get_reservation_details,1.0,1
kev-0.8b,12/t2/turn3,12,search_direct_flight,5,0.0,1.0,get_reservation_details,1.0,1
kev-0.8b,12/t2/turn4,12,respond_to_user,5,0.0,1.0,get_reservation_details,1.0,1
kev-0.8b,12/t2/turn5,12,update_reservation_baggages,5,0.0,0.0,update_reservation_passengers,1.0,1
kev-0.8b,12/t2/turn6,12,respond_to_user,5,0.0,0.0,update_reservation_passengers,1.0,1
kev-0.8b,13/t0/turn0,13,respond_to_user,5,0.0,0.0,update_reservation_flights,1.0,1
kev-0.8b,13/t0/turn1,13,transfer_to_human_agents,5,1.0,1.0,transfer_to_human_agents,1.0,1
kev-0.8b,13/t0/turn2,13,respond_to_user,5,0.0,0.0,transfer_to_human_agents,1.0,1
kev-0.8b,13/t1/turn0,13,respond_to_user,5,0.0,0.0,update_reservation_flights,1.0,1
kev-0.8b,13/t1/turn1,13,transfer_to_human_agents,5,1.0,1.0,transfer_to_human_agents,1.0,1
kev-0.8b,13/t1/turn2,13,respond_to_user,5,0.0,0.0,transfer_to_human_agents,1.0,1
kev-0.8b,13/t2/turn0,13,respond_to_user,5,0.0,0.0,get_reservation_details,1.0,1
kev-0.8b,13/t2/turn1,13,get_user_details,5,0.0,0.0,get_reservation_details,1.0,1
kev-0.8b,13/t2/turn2,13,transfer_to_human_agents,5,0.0,0.0,get_reservation_details,1.0,1
kev-0.8b,13/t2/turn3,13,respond_to_user,5,0.0,0.0,transfer_to_human_agents,1.0,1
kev-0.8b,14/t1/turn0,14,respond_to_user,5,0.0,0.0,calculate,1.0,1
kev-0.8b,14/t1/turn1,14,get_user_details,5,1.0,1.0,get_user_details,1.0,1
kev-0.8b,14/t1/turn10,14,respond_to_user,5,0.0,0.0,cancel_reservation,1.0,1
kev-0.8b,14/t1/turn2,14,respond_to_user,5,0.0,0.0,get_user_details,1.0,1
kev-0.8b,14/t1/turn3,14,get_reservation_details,5,0.0,0.0,respond_to_user,1.0,1
kev-0.8b,14/t1/turn4,14,search_direct_flight,5,0.0,0.0,get_reservation_details,1.0,1
kev-0.8b,14/t1/turn5,14,search_onestop_flight,5,0.0,0.0,get_reservation_details,1.0,1
kev-0.8b,14/t1/turn6,14,search_direct_flight,5,0.0,0.0,get_reservation_details,1.0,1
kev-0.8b,14/t1/turn7,14,search_onestop_flight,5,0.0,0.0,get_reservation_details,1.0,1
kev-0.8b,14/t1/turn8,14,respond_to_user,5,0.0,0.0,get_reservation_details,1.0,1
kev-0.8b,14/t1/turn9,14,respond_to_user,5,0.0,0.0,cancel_reservation,1.0,1
kev-0.8b,14/t2/turn0,14,respond_to_user,5,0.0,0.0,calculate,1.0,1
kev-0.8b,14/t2/turn1,14,get_user_details,5,1.0,1.0,get_user_details,1.0,1
kev-0.8b,14/t2/turn10,14,cancel_reservation,5,0.0,0.0,respond_to_user,1.0,1
kev-0.8b,14/t2/turn2,14,respond_to_user,5,0.0,0.0,get_user_details,1.0,1
kev-0.8b,14/t2/turn3,14,get_reservation_details,5,0.0,0.0,respond_to_user,1.0,1
kev-0.8b,14/t2/turn4,14,search_direct_flight,5,0.0,0.0,get_reservation_details,1.0,1
kev-0.8b,14/t2/turn5,14,search_onestop_flight,5,0.0,0.0,get_reservation_details,1.0,1
kev-0.8b,14/t2/turn6,14,search_direct_flight,5,0.0,0.0,get_reservation_details,1.0,1
kev-0.8b,14/t2/turn7,14,search_onestop_flight,5,0.0,0.0,get_reservation_details,1.0,1
kev-0.8b,14/t2/turn8,14,respond_to_user,5,0.0,0.0,get_reservation_details,1.0,1
kev-0.8b,14/t2/turn9,14,respond_to_user,5,0.0,0.0,cancel_reservation,1.0,1
kev-0.8b,15/t0/turn0,15,respond_to_user,5,0.0,0.0,get_reservation_details,1.0,1
kev-0.8b,15/t0/turn1,15,get_user_details,5,0.0,0.0,get_reservation_details,1.0,1
kev-0.8b,15/t0/turn2,15,get_reservation_details,5,1.0,1.0,get_reservation_details,1.0,1
kev-0.8b,15/t0/turn3,15,search_direct_flight,5,0.0,0.0,get_reservation_details,1.0,1
kev-0.8b,15/t0/turn4,15,search_onestop_flight,5,0.0,0.0,respond_to_user,1.0,1
kev-0.8b,15/t0/turn5,15,respond_to_user,5,0.0,0.0,search_onestop_flight,1.0,1
kev-0.8b,15/t0/turn6,15,update_reservation_flights,5,1.0,1.0,update_reservation_flights,1.0,1
kev-0.8b,15/t0/turn7,15,respond_to_user,5,0.0,0.0,update_reservation_flights,1.0,1
kev-0.8b,15/t1/turn0,15,respond_to_user,5,1.0,1.0,respond_to_user,1.0,1
kev-0.8b,15/t1/turn1,15,get_user_details,5,0.0,0.0,get_reservation_details,1.0,1
kev-0.8b,15/t1/turn2,15,get_reservation_details,5,1.0,1.0,get_reservation_details,1.0,1
kev-0.8b,15/t1/turn3,15,get_reservation_details,5,1.0,1.0,get_reservation_details,1.0,1
kev-0.8b,15/t1/turn4,15,search_direct_flight,5,0.0,0.0,get_reservation_details,1.0,1
kev-0.8b,15/t1/turn5,15,search_onestop_flight,5,0.0,0.0,respond_to_user,1.0,1
kev-0.8b,15/t1/turn6,15,search_direct_flight,5,0.0,0.0,search_onestop_flight,1.0,1
kev-0.8b,15/t1/turn7,15,search_onestop_flight,5,0.0,0.0,search_direct_flight,1.0,1
kev-0.8b,15/t2/turn0,15,respond_to_user,5,1.0,1.0,respond_to_user,1.0,1
kev-0.8b,15/t2/turn1,15,get_user_details,5,0.0,0.0,get_reservation_details,1.0,1
kev-0.8b,15/t2/turn2,15,get_reservation_details,5,1.0,1.0,get_reservation_details,1.0,1
kev-0.8b,15/t2/turn3,15,search_direct_flight,5,0.0,0.0,get_reservation_details,1.0,1
kev-0.8b,15/t2/turn4,15,search_onestop_flight,5,1.0,1.0,search_onestop_flight,1.0,1
kev-0.8b,15/t2/turn5,15,respond_to_user,5,0.0,0.0,search_onestop_flight,1.0,1
kev-0.8b,15/t2/turn6,15,update_reservation_flights,5,1.0,1.0,update_reservation_flights,1.0,1
kev-0.8b,15/t2/turn7,15,respond_to_user,5,0.0,0.0,update_reservation_flights,1.0,1
kev-0.8b,16/t0/turn0,16,respond_to_user,5,0.0,0.0,update_reservation_flights,1.0,1
kev-0.8b,16/t0/turn1,16,get_user_details,5,0.0,0.0,get_reservation_details,1.0,1
kev-0.8b,16/t0/turn2,16,get_reservation_details,5,1.0,1.0,get_reservation_details,1.0,1
kev-0.8b,16/t0/turn3,16,search_direct_flight,5,0.0,0.0,get_reservation_details,1.0,1
kev-0.8b,16/t0/turn4,16,search_onestop_flight,5,1.0,1.0,search_onestop_flight,1.0,1
kev-0.8b,16/t0/turn5,16,respond_to_user,5,0.0,0.0,search_direct_flight,1.0,1
kev-0.8b,16/t0/turn6,16,respond_to_user,5,1.0,1.0,respond_to_user,1.0,1
kev-0.8b,16/t0/turn7,16,update_reservation_flights,5,0.0,1.0,get_reservation_details,1.0,1
kev-0.8b,16/t0/turn8,16,respond_to_user,5,0.0,0.0,update_reservation_flights,1.0,1
kev-0.8b,16/t1/turn0,16,respond_to_user,5,0.0,0.0,update_reservation_flights,1.0,1
kev-0.8b,16/t1/turn1,16,get_user_details,5,0.0,0.0,get_reservation_details,1.0,1
kev-0.8b,16/t1/turn2,16,get_reservation_details,5,1.0,1.0,get_reservation_details,1.0,1
kev-0.8b,16/t1/turn3,16,search_direct_flight,5,0.0,0.0,get_reservation_details,1.0,1
kev-0.8b,16/t1/turn4,16,search_onestop_flight,5,1.0,1.0,search_onestop_flight,1.0,1
kev-0.8b,16/t1/turn5,16,respond_to_user,5,0.0,0.0,search_direct_flight,1.0,1
kev-0.8b,16/t1/turn6,16,respond_to_user,5,1.0,1.0,respond_to_user,1.0,1
kev-0.8b,16/t1/turn7,16,update_reservation_flights,5,0.0,1.0,get_reservation_details,1.0,1
kev-0.8b,16/t1/turn8,16,respond_to_user,5,0.0,0.0,update_reservation_flights,1.0,1
kev-0.8b,16/t2/turn0,16,respond_to_user,5,1.0,1.0,respond_to_user,1.0,1
kev-0.8b,16/t2/turn1,16,get_user_details,5,0.0,0.0,get_reservation_details,1.0,1
kev-0.8b,16/t2/turn2,16,get_reservation_details,5,1.0,1.0,get_reservation_details,1.0,1
kev-0.8b,16/t2/turn3,16,search_direct_flight,5,0.0,0.0,get_reservation_details,1.0,1
kev-0.8b,16/t2/turn4,16,search_onestop_flight,5,0.0,0.0,respond_to_user,1.0,1
kev-0.8b,16/t2/turn5,16,respond_to_user,5,0.0,0.0,search_onestop_flight,1.0,1
kev-0.8b,16/t2/turn6,16,respond_to_user,5,0.0,0.0,update_reservation_flights,1.0,1
kev-0.8b,16/t2/turn7,16,update_reservation_flights,5,0.0,1.0,get_reservation_details,1.0,1
kev-0.8b,16/t2/turn8,16,respond_to_user,5,0.0,0.0,update_reservation_flights,1.0,1
kev-0.8b,17/t0/turn0,17,respond_to_user,5,1.0,1.0,respond_to_user,1.0,1
kev-0.8b,17/t0/turn1,17,get_user_details,5,0.0,0.0,get_reservation_details,1.0,1
kev-0.8b,17/t0/turn10,17,update_reservation_baggages,5,0.0,0.0,update_reservation_passengers,1.0,1
kev-0.8b,17/t0/turn2,17,get_reservation_details,5,1.0,1.0,get_reservation_details,1.0,1
kev-0.8b,17/t0/turn3,17,get_reservation_details,5,1.0,1.0,get_reservation_details,1.0,1
kev-0.8b,17/t0/turn4,17,get_reservation_details,5,1.0,1.0,get_reservation_details,1.0,1
kev-0.8b,17/t0/turn5,17,search_onestop_flight,5,0.0,0.0,get_reservation_details,1.0,1
kev-0.8b,17/t0/turn6,17,respond_to_user,5,0.0,0.0,search_direct_flight,1.0,1
kev-0.8b,17/t0/turn7,17,respond_to_user,5,0.0,0.0,get_reservation_details,1.0,1
kev-0.8b,17/t0/turn8,17,update_reservation_flights,5,0.0,1.0,get_reservation_details,1.0,1
kev-0.8b,17/t0/turn9,17,update_reservation_passengers,5,0.0,0.0,update_reservation_flights,1.0,1
kev-0.8b,17/t1/turn0,17,respond_to_user,5,1.0,1.0,respond_to_user,1.0,1
kev-0.8b,17/t1/turn1,17,get_user_details,5,0.0,0.0,get_reservation_details,1.0,1
kev-0.8b,17/t1/turn10,17,update_reservation_passengers,5,0.0,1.0,get_reservation_details,1.0,1
kev-0.8b,17/t1/turn11,17,update_reservation_baggages,5,0.0,1.0,get_reservation_details,1.0,1
kev-0.8b,17/t1/turn12,17,respond_to_user,5,0.0,0.0,update_reservation_baggages,1.0,1
kev-0.8b,17/t1/turn2,17,get_reservation_details,5,1.0,1.0,get_reservation_details,1.0,1
kev-0.8b,17/t1/turn3,17,get_reservation_details,5,1.0,1.0,get_reservation_details,1.0,1
kev-0.8b,17/t1/turn4,17,get_reservation_details,5,1.0,1.0,get_reservation_details,1.0,1
kev-0.8b,17/t1/turn5,17,get_reservation_details,5,1.0,1.0,get_reservation_details,1.0,1
kev-0.8b,17/t1/turn6,17,search_direct_flight,5,0.0,0.0,get_reservation_details,1.0,1
kev-0.8b,17/t1/turn7,17,search_direct_flight,5,0.0,0.0,get_reservation_details,1.0,1
kev-0.8b,17/t1/turn8,17,respond_to_user,5,0.0,0.0,get_reservation_details,1.0,1
kev-0.8b,17/t1/turn9,17,update_reservation_flights,5,0.0,1.0,get_reservation_details,1.0,1
kev-0.8b,17/t2/turn0,17,respond_to_user,5,1.0,1.0,respond_to_user,1.0,1
kev-0.8b,17/t2/turn1,17,get_user_details,5,0.0,0.0,get_reservation_details,1.0,1
kev-0.8b,17/t2/turn10,17,update_reservation_passengers,5,0.0,0.0,update_reservation_flights,1.0,1
kev-0.8b,17/t2/turn11,17,update_reservation_flights,5,0.0,0.0,update_reservation_passengers,1.0,1
kev-0.8b,17/t2/turn12,17,update_reservation_baggages,5,0.0,0.0,update_reservation_flights,1.0,1
kev-0.8b,17/t2/turn13,17,respond_to_user,5,0.0,0.0,update_reservation_flights,1.0,1
kev-0.8b,17/t2/turn2,17,get_reservation_details,5,1.0,1.0,get_reservation_details,1.0,1
kev-0.8b,17/t2/turn3,17,get_reservation_details,5,1.0,1.0,get_reservation_details,1.0,1
kev-0.8b,17/t2/turn4,17,get_reservation_details,5,1.0,1.0,get_reservation_details,1.0,1
kev-0.8b,17/t2/turn5,17,get_reservation_details,5,1.0,1.0,get_reservation_details,1.0,1
kev-0.8b,17/t2/turn6,17,search_direct_flight,5,0.0,0.0,get_reservation_details,1.0,1
kev-0.8b,17/t2/turn7,17,search_direct_flight,5,0.0,0.0,get_reservation_details,1.0,1
kev-0.8b,17/t2/turn8,17,respond_to_user,5,0.0,0.0,get_reservation_details,1.0,1
kev-0.8b,17/t2/turn9,17,respond_to_user,5,0.0,0.0,get_reservation_details,1.0,1
kev-0.8b,19/t0/turn0,19,respond_to_user,5,0.0,0.0,get_reservation_details,1.0,1
kev-0.8b,19/t0/turn1,19,get_user_details,5,0.0,0.0,get_reservation_details,1.0,1
kev-0.8b,19/t0/turn2,19,get_reservation_details,5,1.0,1.0,get_reservation_details,1.0,1
kev-0.8b,19/t0/turn3,19,get_reservation_details,5,1.0,1.0,get_reservation_details,1.0,1
kev-0.8b,19/t0/turn4,19,get_reservation_details,5,1.0,1.0,get_reservation_details,1.0,1
kev-0.8b,19/t0/turn5,19,respond_to_user,5,0.0,0.0,get_reservation_details,1.0,1
kev-0.8b,19/t0/turn6,19,respond_to_user,5,0.0,0.0,transfer_to_human_agents,1.0,1
kev-0.8b,19/t0/turn7,19,cancel_reservation,5,1.0,1.0,cancel_reservation,1.0,1
kev-0.8b,19/t0/turn8,19,respond_to_user,5,0.0,0.0,cancel_reservation,1.0,1
kev-0.8b,19/t1/turn0,19,respond_to_user,5,0.0,0.0,get_reservation_details,1.0,1
kev-0.8b,19/t1/turn1,19,get_user_details,5,0.0,0.0,get_reservation_details,1.0,1
kev-0.8b,19/t1/turn2,19,get_reservation_details,5,1.0,1.0,get_reservation_details,1.0,1
kev-0.8b,19/t1/turn3,19,respond_to_user,5,0.0,0.0,get_reservation_details,1.0,1
kev-0.8b,19/t1/turn4,19,respond_to_user,5,0.0,0.0,transfer_to_human_agents,1.0,1
kev-0.8b,19/t1/turn5,19,cancel_reservation,5,1.0,1.0,cancel_reservation,1.0,1
kev-0.8b,19/t1/turn6,19,respond_to_user,5,0.0,0.0,cancel_reservation,1.0,1
kev-0.8b,19/t2/turn0,19,respond_to_user,5,0.0,0.0,get_reservation_details,1.0,1
kev-0.8b,19/t2/turn1,19,get_user_details,5,0.0,0.0,get_reservation_details,1.0,1
kev-0.8b,19/t2/turn2,19,get_reservation_details,5,1.0,1.0,get_reservation_details,1.0,1
kev-0.8b,19/t2/turn3,19,respond_to_user,5,0.0,0.0,get_reservation_details,1.0,1
kev-0.8b,19/t2/turn4,19,respond_to_user,5,0.0,0.0,get_reservation_details,1.0,1
kev-0.8b,19/t2/turn5,19,cancel_reservation,5,1.0,1.0,cancel_reservation,1.0,1
kev-0.8b,19/t2/turn6,19,respond_to_user,5,0.0,0.0,cancel_reservation,1.0,1
kev-0.8b,2/t0/turn0,2,respond_to_user,5,0.0,0.0,book_reservation,1.0,1
kev-0.8b,2/t0/turn1,2,get_user_details,5,0.0,0.0,respond_to_user,1.0,1
kev-0.8b,2/t0/turn10,2,transfer_to_human_agents,5,1.0,1.0,transfer_to_human_agents,1.0,1
kev-0.8b,2/t0/turn11,2,respond_to_user,5,0.0,0.0,transfer_to_human_agents,1.0,1
kev-0.8b,2/t0/turn2,2,get_reservation_details,5,0.0,1.0,get_user_details,1.0,1
kev-0.8b,2/t0/turn3,2,get_reservation_details,5,1.0,1.0,get_reservation_details,1.0,1
kev-0.8b,2/t0/turn4,2,respond_to_user,5,0.0,1.0,get_reservation_details,1.0,1
kev-0.8b,2/t0/turn5,2,get_flight_status,5,1.0,1.0,get_flight_status,1.0,1
kev-0.8b,2/t0/turn6,2,get_flight_status,5,1.0,1.0,get_flight_status,1.0,1
kev-0.8b,2/t0/turn7,2,get_flight_status,5,1.0,1.0,get_flight_status,1.0,1
kev-0.8b,2/t0/turn8,2,get_flight_status,5,1.0,1.0,get_flight_status,1.0,1
kev-0.8b,2/t0/turn9,2,respond_to_user,5,0.0,0.0,get_flight_status,1.0,1
kev-0.8b,2/t2/turn0,2,respond_to_user,5,0.0,0.0,book_reservation,1.0,1
kev-0.8b,2/t2/turn1,2,get_user_details,5,0.0,1.0,get_reservation_details,1.0,1
kev-0.8b,2/t2/turn10,2,transfer_to_human_agents,5,0.0,1.0,get_reservation_details,1.0,1
kev-0.8b,2/t2/turn11,2,respond_to_user,5,0.0,0.0,transfer_to_human_agents,1.0,1
kev-0.8b,2/t2/turn2,2,get_reservation_details,5,1.0,1.0,get_reservation_details,1.0,1
kev-0.8b,2/t2/turn3,2,get_reservation_details,5,1.0,1.0,get_reservation_details,1.0,1
kev-0.8b,2/t2/turn4,2,respond_to_user,5,0.0,1.0,get_reservation_details,1.0,1
kev-0.8b,2/t2/turn5,2,get_flight_status,5,0.0,1.0,get_reservation_details,1.0,1
kev-0.8b,2/t2/turn6,2,get_flight_status,5,0.0,0.0,respond_to_user,1.0,1
kev-0.8b,2/t2/turn7,2,get_flight_status,5,0.0,0.0,respond_to_user,1.0,1
kev-0.8b,2/t2/turn8,2,get_flight_status,5,0.0,0.0,respond_to_user,1.0,1
kev-0.8b,2/t2/turn9,2,respond_to_user,5,1.0,1.0,respond_to_user,1.0,1
kev-0.8b,20/t2/turn0,20,respond_to_user,5,0.0,0.0,search_direct_flight,1.0,1
kev-0.8b,20/t2/turn1,20,get_user_details,5,0.0,0.0,book_reservation,1.0,1
kev-0.8b,20/t2/turn2,20,respond_to_user,5,0.0,0.0,book_reservation,1.0,1
kev-0.8b,20/t2/turn3,20,list_all_airports,5,0.0,0.0,book_reservation,1.0,1
kev-0.8b,20/t2/turn4,20,search_direct_flight,5,0.0,0.0,book_reservation,1.0,1
kev-0.8b,20/t2/turn5,20,respond_to_user,5,0.0,0.0,book_reservation,1.0,1
kev-0.8b,20/t2/turn6,20,search_onestop_flight,5,0.0,0.0,book_reservation,1.0,1
kev-0.8b,21/t1/turn0,21,respond_to_user,5,0.0,0.0,get_reservation_details,1.0,1
kev-0.8b,21/t1/turn1,21,get_user_details,5,0.0,0.0,get_reservation_details,1.0,1
kev-0.8b,21/t1/turn10,21,get_flight_status,5,0.0,0.0,get_reservation_details,1.0,1
kev-0.8b,21/t1/turn11,21,search_direct_flight,5,1.0,1.0,search_direct_flight,1.0,1
kev-0.8b,21/t1/turn12,21,search_direct_flight,5,0.0,0.0,get_reservation_details,1.0,1
kev-0.8b,21/t1/turn13,21,respond_to_user,5,0.0,0.0,get_reservation_details,1.0,1
kev-0.8b,21/t1/turn14,21,update_reservation_flights,5,1.0,1.0,update_reservation_flights,1.0,1
kev-0.8b,21/t1/turn15,21,respond_to_user,5,0.0,0.0,update_reservation_flights,1.0,1
kev-0.8b,21/t1/turn16,21,respond_to_user,5,0.0,0.0,update_reservation_flights,1.0,1
kev-0.8b,21/t1/turn17,21,update_reservation_baggages,5,1.0,1.0,update_reservation_baggages,1.0,1
kev-0.8b,21/t1/turn2,21,get_reservation_details,5,1.0,1.0,get_reservation_details,1.0,1
kev-0.8b,21/t1/turn3,21,get_reservation_details,5,1.0,1.0,get_reservation_details,1.0,1
kev-0.8b,21/t1/turn4,21,get_reservation_details,5,1.0,1.0,get_reservation_details,1.0,1
kev-0.8b,21/t1/turn5,21,get_reservation_details,5,1.0,1.0,get_reservation_details,1.0,1
kev-0.8b,21/t1/turn6,21,get_reservation_details,5,1.0,1.0,get_reservation_details,1.0,1
kev-0.8b,21/t1/turn7,21,respond_to_user,5,0.0,0.0,get_reservation_details,1.0,1
kev-0.8b,21/t1/turn8,21,search_direct_flight,5,0.0,0.0,get_reservation_details,1.0,1
kev-0.8b,21/t1/turn9,21,search_onestop_flight,5,0.0,0.0,get_reservation_details,1.0,1
kev-0.8b,21/t2/turn0,21,respond_to_user,5,0.0,0.0,get_reservation_details,1.0,1
kev-0.8b,21/t2/turn1,21,get_user_details,5,0.0,0.0,get_reservation_details,1.0,1
kev-0.8b,21/t2/turn10,21,respond_to_user,5,0.0,0.0,get_reservation_details,1.0,1
kev-0.8b,21/t2/turn11,21,update_reservation_flights,5,1.0,1.0,update_reservation_flights,1.0,1
kev-0.8b,21/t2/turn12,21,respond_to_user,5,0.0,0.0,update_reservation_flights,1.0,1
kev-0.8b,21/t2/turn13,21,update_reservation_flights,5,1.0,1.0,update_reservation_flights,1.0,1
kev-0.8b,21/t2/turn14,21,respond_to_user,5,0.0,0.0,update_reservation_flights,1.0,1
kev-0.8b,21/t2/turn15,21,respond_to_user,5,0.0,0.0,update_reservation_flights,1.0,1
kev-0.8b,21/t2/turn16,21,update_reservation_baggages,5,1.0,1.0,update_reservation_baggages,1.0,1
kev-0.8b,21/t2/turn17,21,respond_to_user,5,0.0,0.0,update_reservation_flights,1.0,1
kev-0.8b,21/t2/turn2,21,get_reservation_details,5,1.0,1.0,get_reservation_details,1.0,1
kev-0.8b,21/t2/turn3,21,get_reservation_details,5,1.0,1.0,get_reservation_details,1.0,1
kev-0.8b,21/t2/turn4,21,get_reservation_details,5,1.0,1.0,get_reservation_details,1.0,1
kev-0.8b,21/t2/turn5,21,get_reservation_details,5,1.0,1.0,get_reservation_details,1.0,1
kev-0.8b,21/t2/turn6,21,get_reservation_details,5,1.0,1.0,get_reservation_details,1.0,1
kev-0.8b,21/t2/turn7,21,respond_to_user,5,0.0,0.0,get_reservation_details,1.0,1
kev-0.8b,21/t2/turn8,21,search_direct_flight,5,0.0,0.0,update_reservation_flights,1.0,1
kev-0.8b,21/t2/turn9,21,search_onestop_flight,5,0.0,0.0,update_reservation_flights,1.0,1
kev-0.8b,22/t0/turn0,22,respond_to_user,5,0.0,0.0,update_reservation_passengers,1.0,1
kev-0.8b,22/t0/turn1,22,get_user_details,5,0.0,0.0,get_reservation_details,1.0,1
kev-0.8b,22/t0/turn10,22,update_reservation_baggages,5,0.0,0.0,update_reservation_passengers,1.0,1
kev-0.8b,22/t0/turn11,22,respond_to_user,5,0.0,0.0,update_reservation_baggages,1.0,1
kev-0.8b,22/t0/turn2,22,get_reservation_details,5,1.0,1.0,get_reservation_details,1.0,1
kev-0.8b,22/t0/turn3,22,get_reservation_details,5,1.0,1.0,get_reservation_details,1.0,1
kev-0.8b,22/t0/turn4,22,get_reservation_details,5,1.0,1.0,get_reservation_details,1.0,1
kev-0.8b,22/t0/turn5,22,search_direct_flight,5,0.0,0.0,get_reservation_details,1.0,1
kev-0.8b,22/t0/turn6,22,search_direct_flight,5,0.0,0.0,update_reservation_passengers,1.0,1
kev-0.8b,22/t0/turn7,22,respond_to_user,5,0.0,0.0,get_reservation_details,1.0,1
kev-0.8b,22/t0/turn8,22,update_reservation_flights,5,0.0,0.0,update_reservation_passengers,1.0,1
kev-0.8b,22/t0/turn9,22,update_reservation_passengers,5,0.0,0.0,update_reservation_flights,1.0,1
kev-0.8b,22/t1/turn0,22,respond_to_user,5,0.0,0.0,update_reservation_passengers,1.0,1
kev-0.8b,22/t1/turn1,22,get_user_details,5,0.0,0.0,update_reservation_passengers,1.0,1
kev-0.8b,22/t1/turn10,22,update_reservation_passengers,5,1.0,1.0,update_reservation_passengers,1.0,1
kev-0.8b,22/t1/turn11,22,update_reservation_flights,5,0.0,0.0,update_reservation_passengers,1.0,1
kev-0.8b,22/t1/turn12,22,update_reservation_baggages,5,0.0,0.0,update_reservation_flights,1.0,1
kev-0.8b,22/t1/turn13,22,respond_to_user,5,0.0,0.0,update_reservation_flights,1.0,1
kev-0.8b,22/t1/turn2,22,get_reservation_details,5,0.0,0.0,update_reservation_passengers,1.0,1
kev-0.8b,22/t1/turn3,22,get_reservation_details,5,0.0,0.0,update_reservation_passengers,1.0,1
kev-0.8b,22/t1/turn4,22,get_reservation_details,5,1.0,1.0,get_reservation_details,1.0,1
kev-0.8b,22/t1/turn5,22,get_reservation_details,5,1.0,1.0,get_reservation_details,1.0,1
kev-0.8b,22/t1/turn6,22,search_direct_flight,5,0.0,0.0,get_reservation_details,1.0,1
kev-0.8b,22/t1/turn7,22,search_direct_flight,5,0.0,0.0,update_reservation_passengers,1.0,1
kev-0.8b,22/t1/turn8,22,calculate,5,0.0,0.0,get_reservation_details,1.0,1
kev-0.8b,22/t1/turn9,22,respond_to_user,5,0.0,0.0,update_reservation_passengers,1.0,1
kev-0.8b,22/t2/turn0,22,respond_to_user,5,0.0,0.0,update_reservation_passengers,1.0,1
kev-0.8b,22/t2/turn1,22,get_user_details,5,0.0,0.0,update_reservation_passengers,1.0,1
kev-0.8b,22/t2/turn10,22,update_reservation_flights,5,0.0,0.0,update_reservation_passengers,1.0,1
kev-0.8b,22/t2/turn11,22,update_reservation_baggages,5,0.0,0.0,update_reservation_flights,1.0,1
kev-0.8b,22/t2/turn12,22,respond_to_user,5,0.0,0.0,update_reservation_flights,1.0,1
kev-0.8b,22/t2/turn2,22,get_reservation_details,5,0.0,0.0,update_reservation_passengers,1.0,1
kev-0.8b,22/t2/turn3,22,get_reservation_details,5,0.0,0.0,update_reservation_passengers,1.0,1
kev-0.8b,22/t2/turn4,22,get_reservation_details,5,1.0,1.0,get_reservation_details,1.0,1
kev-0.8b,22/t2/turn5,22,search_direct_flight,5,0.0,0.0,get_reservation_details,1.0,1
kev-0.8b,22/t2/turn6,22,search_direct_flight,5,0.0,0.0,update_reservation_passengers,1.0,1
kev-0.8b,22/t2/turn7,22,respond_to_user,5,0.0,0.0,update_reservation_passengers,1.0,1
kev-0.8b,22/t2/turn8,22,respond_to_user,5,0.0,0.0,update_reservation_baggages,1.0,1
kev-0.8b,22/t2/turn9,22,update_reservation_passengers,5,0.0,0.0,update_reservation_flights,1.0,1
kev-0.8b,23/t0/turn0,23,respond_to_user,5,0.0,0.0,get_user_details,1.0,1
kev-0.8b,23/t0/turn1,23,get_user_details,5,1.0,1.0,get_user_details,1.0,1
kev-0.8b,23/t0/turn2,23,get_reservation_details,5,0.0,0.0,get_user_details,1.0,1
kev-0.8b,23/t0/turn3,23,search_direct_flight,5,0.0,0.0,get_reservation_details,1.0,1
kev-0.8b,23/t0/turn4,23,search_direct_flight,5,0.0,0.0,search_onestop_flight,1.0,1
kev-0.8b,23/t0/turn5,23,search_onestop_flight,5,0.0,0.0,respond_to_user,1.0,1
kev-0.8b,23/t0/turn6,23,respond_to_user,5,0.0,0.0,get_reservation_details,1.0,1
kev-0.8b,23/t0/turn7,23,search_onestop_flight,5,0.0,0.0,respond_to_user,1.0,1
kev-0.8b,23/t0/turn8,23,respond_to_user,5,0.0,0.0,transfer_to_human_agents,1.0,1
kev-0.8b,23/t1/turn0,23,respond_to_user,5,1.0,1.0,respond_to_user,1.0,1
kev-0.8b,23/t1/turn1,23,get_user_details,5,0.0,0.0,get_reservation_details,1.0,1
kev-0.8b,23/t1/turn2,23,get_reservation_details,5,1.0,1.0,get_reservation_details,1.0,1
kev-0.8b,23/t1/turn3,23,search_direct_flight,5,0.0,0.0,get_reservation_details,1.0,1
kev-0.8b,23/t1/turn4,23,search_onestop_flight,5,1.0,1.0,search_onestop_flight,1.0,1
kev-0.8b,23/t1/turn5,23,search_direct_flight,5,1.0,1.0,search_direct_flight,1.0,1
kev-0.8b,23/t1/turn6,23,search_onestop_flight,5,0.0,0.0,respond_to_user,1.0,1
kev-0.8b,23/t1/turn7,23,respond_to_user,5,0.0,0.0,search_onestop_flight,1.0,1
kev-0.8b,23/t1/turn8,23,respond_to_user,5,1.0,1.0,respond_to_user,1.0,1
kev-0.8b,23/t1/turn9,23,respond_to_user,5,0.0,0.0,cancel_reservation,1.0,1
kev-0.8b,23/t2/turn0,23,respond_to_user,5,0.0,0.0,get_user_details,1.0,1
kev-0.8b,23/t2/turn1,23,get_user_details,5,0.0,0.0,get_reservation_details,1.0,1
kev-0.8b,23/t2/turn2,23,get_reservation_details,5,1.0,1.0,get_reservation_details,1.0,1
kev-0.8b,23/t2/turn3,23,search_direct_flight,5,0.0,0.0,respond_to_user,1.0,1
kev-0.8b,23/t2/turn4,23,search_onestop_flight,5,1.0,1.0,search_onestop_flight,1.0,1
kev-0.8b,23/t2/turn5,23,search_direct_flight,5,0.0,0.0,search_onestop_flight,1.0,1
kev-0.8b,23/t2/turn6,23,search_onestop_flight,5,0.0,0.0,respond_to_user,1.0,1
kev-0.8b,23/t2/turn7,23,respond_to_user,5,0.0,0.0,search_onestop_flight,1.0,1
kev-0.8b,23/t2/turn8,23,respond_to_user,5,0.0,0.0,update_reservation_flights,1.0,1
kev-0.8b,24/t2/turn0,24,respond_to_user,5,0.0,0.0,update_reservation_passengers,1.0,1
kev-0.8b,24/t2/turn1,24,respond_to_user,5,0.0,0.0,cancel_reservation,1.0,1
kev-0.8b,24/t2/turn10,24,search_direct_flight,5,0.0,0.0,cancel_reservation,1.0,1
kev-0.8b,24/t2/turn11,24,search_direct_flight,5,0.0,0.0,get_reservation_details,1.0,1
kev-0.8b,24/t2/turn12,24,search_direct_flight,5,0.0,0.0,get_reservation_details,1.0,1
kev-0.8b,24/t2/turn13,24,search_direct_flight,5,0.0,0.0,get_reservation_details,1.0,1
kev-0.8b,24/t2/turn14,24,respond_to_user,5,0.0,0.0,cancel_reservation,1.0,1
kev-0.8b,24/t2/turn15,24,get_user_details,5,0.0,0.0,book_reservation,1.0,1
kev-0.8b,24/t2/turn16,24,respond_to_user,5,0.0,0.0,get_reservation_details,1.0,1
kev-0.8b,24/t2/turn17,24,book_reservation,5,1.0,1.0,book_reservation,1.0,1
kev-0.8b,24/t2/turn18,24,respond_to_user,5,0.0,0.0,book_reservation,1.0,1
kev-0.8b,24/t2/turn2,24,get_reservation_details,5,0.0,0.0,cancel_reservation,1.0,1
kev-0.8b,24/t2/turn3,24,respond_to_user,5,0.0,0.0,get_reservation_details,1.0,1
kev-0.8b,24/t2/turn4,24,list_all_airports,5,0.0,0.0,get_reservation_details,1.0,1
kev-0.8b,24/t2/turn5,24,search_direct_flight,5,0.0,0.0,get_reservation_details,1.0,1
kev-0.8b,24/t2/turn6,24,search_direct_flight,5,0.0,0.0,get_reservation_details,1.0,1
kev-0.8b,24/t2/turn7,24,search_direct_flight,5,0.0,0.0,transfer_to_human_agents,1.0,1
kev-0.8b,24/t2/turn8,24,search_direct_flight,5,0.0,0.0,cancel_reservation,1.0,1
kev-0.8b,24/t2/turn9,24,search_direct_flight,5,0.0,0.0,get_reservation_details,1.0,1
kev-0.8b,25/t0/turn0,25,respond_to_user,5,0.0,0.0,get_user_details,1.0,1
kev-0.8b,25/t0/turn1,25,get_user_details,5,0.0,0.0,get_reservation_details,1.0,1
kev-0.8b,25/t0/turn2,25,get_reservation_details,5,1.0,1.0,get_reservation_details,1.0,1
kev-0.8b,25/t0/turn3,25,search_direct_flight,5,0.0,0.0,get_reservation_details,1.0,1
kev-0.8b,25/t0/turn4,25,search_direct_flight,5,0.0,0.0,get_reservation_details,1.0,1
kev-0.8b,25/t0/turn5,25,respond_to_user,5,0.0,0.0,get_reservation_details,1.0,1
kev-0.8b,25/t0/turn6,25,respond_to_user,5,0.0,0.0,book_reservation,1.0,1
kev-0.8b,25/t0/turn7,25,book_reservation,5,1.0,1.0,book_reservation,1.0,1
kev-0.8b,25/t0/turn8,25,respond_to_user,5,0.0,0.0,book_reservation,1.0,1
kev-0.8b,25/t1/turn0,25,respond_to_user,5,1.0,1.0,respond_to_user,1.0,1
kev-0.8b,25/t1/turn1,25,get_user_details,5,0.0,0.0,get_reservation_details,1.0,1
kev-0.8b,25/t1/turn2,25,get_reservation_details,5,1.0,1.0,get_reservation_details,1.0,1
kev-0.8b,25/t1/turn3,25,search_onestop_flight,5,0.0,0.0,get_reservation_details,1.0,1
kev-0.8b,25/t1/turn4,25,respond_to_user,5,0.0,0.0,search_direct_flight,1.0,1
kev-0.8b,25/t1/turn5,25,respond_to_user,5,0.0,0.0,book_reservation,1.0,1
kev-0.8b,25/t1/turn6,25,respond_to_user,5,0.0,0.0,book_reservation,1.0,1
kev-0.8b,25/t1/turn7,25,book_reservation,5,1.0,1.0,book_reservation,1.0,1
kev-0.8b,25/t1/turn8,25,respond_to_user,5,0.0,0.0,book_reservation,1.0,1
kev-0.8b,25/t2/turn0,25,respond_to_user,5,1.0,1.0,respond_to_user,1.0,1
kev-0.8b,25/t2/turn1,25,get_user_details,5,0.0,0.0,get_reservation_details,1.0,1
kev-0.8b,25/t2/turn2,25,get_reservation_details,5,1.0,1.0,get_reservation_details,1.0,1
kev-0.8b,25/t2/turn3,25,respond_to_user,5,0.0,0.0,get_reservation_details,1.0,1
kev-0.8b,25/t2/turn4,25,search_onestop_flight,5,0.0,0.0,update_reservation_passengers,1.0,1
kev-0.8b,25/t2/turn5,25,respond_to_user,5,0.0,0.0,update_reservation_passengers,1.0,1
kev-0.8b,25/t2/turn6,25,respond_to_user,5,0.0,0.0,update_reservation_passengers,1.0,1
kev-0.8b,25/t2/turn7,25,book_reservation,5,1.0,1.0,book_reservation,1.0,1
kev-0.8b,25/t2/turn8,25,respond_to_user,5,0.0,0.0,book_reservation,1.0,1
kev-0.8b,26/t0/turn0,26,respond_to_user,5,0.0,0.0,cancel_reservation,1.0,1
kev-0.8b,26/t0/turn1,26,get_user_details,5,0.0,0.0,get_reservation_details,1.0,1
kev-0.8b,26/t0/turn2,26,get_reservation_details,5,1.0,1.0,get_reservation_details,1.0,1
kev-0.8b,26/t0/turn3,26,respond_to_user,5,0.0,0.0,get_reservation_details,1.0,1
kev-0.8b,26/t0/turn4,26,respond_to_user,5,0.0,0.0,cancel_reservation,1.0,1
kev-0.8b,26/t0/turn5,26,respond_to_user,5,0.0,0.0,cancel_reservation,1.0,1
kev-0.8b,26/t0/turn6,26,transfer_to_human_agents,5,1.0,1.0,transfer_to_human_agents,1.0,1
kev-0.8b,26/t0/turn7,26,respond_to_user,5,0.0,0.0,transfer_to_human_agents,1.0,1
kev-0.8b,26/t1/turn0,26,respond_to_user,5,0.0,0.0,cancel_reservation,1.0,1
kev-0.8b,26/t1/turn1,26,get_user_details,5,0.0,0.0,get_reservation_details,1.0,1
kev-0.8b,26/t1/turn2,26,get_reservation_details,5,1.0,1.0,get_reservation_details,1.0,1
kev-0.8b,26/t1/turn3,26,get_flight_status,5,0.0,0.0,cancel_reservation,1.0,1
kev-0.8b,26/t1/turn4,26,get_flight_status,5,0.0,0.0,cancel_reservation,1.0,1
kev-0.8b,26/t1/turn5,26,transfer_to_human_agents,5,0.0,0.0,cancel_reservation,1.0,1
kev-0.8b,26/t1/turn6,26,respond_to_user,5,0.0,0.0,transfer_to_human_agents,1.0,1
kev-0.8b,26/t2/turn0,26,respond_to_user,5,0.0,0.0,cancel_reservation,1.0,1
kev-0.8b,26/t2/turn1,26,get_user_details,5,0.0,0.0,get_reservation_details,1.0,1
kev-0.8b,26/t2/turn2,26,get_reservation_details,5,1.0,1.0,get_reservation_details,1.0,1
kev-0.8b,26/t2/turn3,26,respond_to_user,5,0.0,0.0,get_reservation_details,1.0,1
kev-0.8b,26/t2/turn4,26,respond_to_user,5,0.0,0.0,cancel_reservation,1.0,1
kev-0.8b,26/t2/turn5,26,transfer_to_human_agents,5,1.0,1.0,transfer_to_human_agents,1.0,1
kev-0.8b,26/t2/turn6,26,respond_to_user,5,0.0,0.0,transfer_to_human_agents,1.0,1
kev-0.8b,27/t0/turn0,27,respond_to_user,5,0.0,0.0,get_flight_status,1.0,1
kev-0.8b,27/t0/turn1,27,get_user_details,5,0.0,0.0,transfer_to_human_agents,1.0,1
kev-0.8b,27/t0/turn10,27,get_reservation_details,5,0.0,0.0,transfer_to_human_agents,1.0,1
kev-0.8b,27/t0/turn11,27,get_flight_status,5,0.0,0.0,transfer_to_human_agents,1.0,1
kev-0.8b,27/t0/turn12,27,respond_to_user,5,0.0,0.0,get_flight_status,1.0,1
kev-0.8b,27/t0/turn13,27,transfer_to_human_agents,5,1.0,1.0,transfer_to_human_agents,1.0,1
kev-0.8b,27/t0/turn14,27,respond_to_user,5,0.0,0.0,transfer_to_human_agents,1.0,1
kev-0.8b,27/t0/turn2,27,get_reservation_details,5,0.0,0.0,transfer_to_human_agents,1.0,1
kev-0.8b,27/t0/turn3,27,get_reservation_details,5,0.0,0.0,transfer_to_human_agents,1.0,1
kev-0.8b,27/t0/turn4,27,get_reservation_details,5,0.0,0.0,transfer_to_human_agents,1.0,1
kev-0.8b,27/t0/turn5,27,get_reservation_details,5,0.0,0.0,transfer_to_human_agents,1.0,1
kev-0.8b,27/t0/turn6,27,get_reservation_details,5,0.0,0.0,transfer_to_human_agents,1.0,1
kev-0.8b,27/t0/turn7,27,get_reservation_details,5,0.0,0.0,transfer_to_human_agents,1.0,1
kev-0.8b,27/t0/turn8,27,get_reservation_details,5,0.0,0.0,transfer_to_human_agents,1.0,1
kev-0.8b,27/t0/turn9,27,get_reservation_details,5,0.0,0.0,transfer_to_human_agents,1.0,1
kev-0.8b,27/t1/turn0,27,respond_to_user,5,0.0,0.0,get_flight_status,1.0,1
kev-0.8b,27/t1/turn1,27,get_user_details,5,0.0,0.0,get_reservation_details,1.0,1
kev-0.8b,27/t1/turn10,27,get_reservation_details,5,1.0,1.0,get_reservation_details,1.0,1
kev-0.8b,27/t1/turn11,27,get_flight_status,5,0.0,0.0,get_reservation_details,1.0,1
kev-0.8b,27/t1/turn12,27,respond_to_user,5,0.0,0.0,get_flight_status,1.0,1
kev-0.8b,27/t1/turn13,27,transfer_to_human_agents,5,0.0,0.0,get_flight_status,1.0,1
kev-0.8b,27/t1/turn14,27,respond_to_user,5,0.0,0.0,transfer_to_human_agents,1.0,1
kev-0.8b,27/t1/turn2,27,get_reservation_details,5,1.0,1.0,get_reservation_details,1.0,1
kev-0.8b,27/t1/turn3,27,get_reservation_details,5,1.0,1.0,get_reservation_details,1.0,1
kev-0.8b,27/t1/turn4,27,get_reservation_details,5,1.0,1.0,get_reservation_details,1.0,1
kev-0.8b,27/t1/turn5,27,get_reservation_details,5,1.0,1.0,get_reservation_details,1.0,1
kev-0.8b,27/t1/turn6,27,get_reservation_details,5,1.0,1.0,get_reservation_details,1.0,1
kev-0.8b,27/t1/turn7,27,get_reservation_details,5,1.0,1.0,get_reservation_details,1.0,1
kev-0.8b,27/t1/turn8,27,get_reservation_details,5,1.0,1.0,get_reservation_details,1.0,1
kev-0.8b,27/t1/turn9,27,get_reservation_details,5,1.0,1.0,get_reservation_details,1.0,1
kev-0.8b,27/t2/turn0,27,respond_to_user,5,1.0,1.0,respond_to_user,1.0,1
kev-0.8b,28/t0/turn0,28,respond_to_user,5,0.0,0.0,cancel_reservation,1.0,1
kev-0.8b,28/t0/turn1,28,get_reservation_details,5,1.0,1.0,get_reservation_details,1.0,1
kev-0.8b,28/t0/turn2,28,respond_to_user,5,0.0,0.0,get_reservation_details,1.0,1
kev-0.8b,28/t0/turn3,28,transfer_to_human_agents,5,1.0,1.0,transfer_to_human_agents,1.0,1
kev-0.8b,28/t0/turn4,28,respond_to_user,5,0.0,0.0,transfer_to_human_agents,1.0,1
kev-0.8b,28/t1/turn0,28,respond_to_user,5,0.0,0.0,get_reservation_details,1.0,1
kev-0.8b,28/t1/turn1,28,get_reservation_details,5,1.0,1.0,get_reservation_details,1.0,1
kev-0.8b,28/t1/turn2,28,get_flight_status,5,0.0,0.0,get_reservation_details,1.0,1
kev-0.8b,28/t1/turn3,28,respond_to_user,5,0.0,0.0,get_reservation_details,1.0,1
kev-0.8b,28/t1/turn4,28,transfer_to_human_agents,5,1.0,1.0,transfer_to_human_agents,1.0,1
kev-0.8b,28/t1/turn5,28,respond_to_user,5,0.0,0.0,transfer_to_human_agents,1.0,1
kev-0.8b,28/t2/turn0,28,respond_to_user,5,0.0,0.0,cancel_reservation,1.0,1
kev-0.8b,28/t2/turn1,28,get_reservation_details,5,1.0,1.0,get_reservation_details,1.0,1
kev-0.8b,28/t2/turn2,28,respond_to_user,5,0.0,0.0,get_reservation_details,1.0,1
kev-0.8b,28/t2/turn3,28,transfer_to_human_agents,5,1.0,1.0,transfer_to_human_agents,1.0,1
kev-0.8b,28/t2/turn4,28,respond_to_user,5,0.0,0.0,transfer_to_human_agents,1.0,1
kev-0.8b,3/t0/turn0,3,respond_to_user,5,0.0,1.0,get_reservation_details,1.0,1
kev-0.8b,3/t0/turn1,3,get_reservation_details,5,1.0,1.0,get_reservation_details,1.0,1
kev-0.8b,3/t0/turn2,3,get_user_details,5,0.0,1.0,get_reservation_details,1.0,1
kev-0.8b,3/t0/turn3,3,respond_to_user,5,0.0,1.0,get_reservation_details,1.0,1
kev-0.8b,3/t0/turn4,3,transfer_to_human_agents,5,0.0,0.0,respond_to_user,1.0,1
kev-0.8b,3/t0/turn5,3,respond_to_user,5,1.0,1.0,respond_to_user,1.0,1
kev-0.8b,3/t1/turn0,3,respond_to_user,5,0.0,1.0,get_reservation_details,1.0,1
kev-0.8b,3/t1/turn1,3,get_reservation_details,5,1.0,1.0,get_reservation_details,1.0,1
kev-0.8b,3/t1/turn2,3,get_user_details,5,0.0,1.0,get_reservation_details,1.0,1
kev-0.8b,3/t1/turn3,3,respond_to_user,5,0.0,1.0,get_reservation_details,1.0,1
kev-0.8b,3/t1/turn4,3,transfer_to_human_agents,5,0.0,0.0,respond_to_user,1.0,1
kev-0.8b,3/t1/turn5,3,respond_to_user,5,0.0,0.0,transfer_to_human_agents,1.0,1
kev-0.8b,3/t2/turn0,3,respond_to_user,5,0.0,1.0,get_reservation_details,1.0,1
kev-0.8b,3/t2/turn1,3,get_user_details,5,0.0,1.0,get_reservation_details,1.0,1
kev-0.8b,3/t2/turn2,3,respond_to_user,5,0.0,1.0,get_reservation_details,1.0,1
kev-0.8b,3/t2/turn3,3,transfer_to_human_agents,5,0.0,0.0,respond_to_user,1.0,1
kev-0.8b,3/t2/turn4,3,respond_to_user,5,1.0,1.0,respond_to_user,1.0,1
kev-0.8b,30/t0/turn0,30,respond_to_user,5,0.0,1.0,get_reservation_details,1.0,1
kev-0.8b,30/t0/turn1,30,get_user_details,5,0.0,1.0,get_reservation_details,1.0,1
kev-0.8b,30/t0/turn2,30,search_direct_flight,5,0.0,1.0,get_reservation_details,1.0,1
kev-0.8b,30/t0/turn3,30,respond_to_user,5,0.0,1.0,get_reservation_details,1.0,1
kev-0.8b,30/t0/turn4,30,respond_to_user,5,0.0,1.0,search_direct_flight,1.0,1
kev-0.8b,30/t0/turn5,30,update_reservation_flights,5,1.0,1.0,update_reservation_flights,1.0,1
kev-0.8b,30/t0/turn6,30,respond_to_user,5,0.0,0.0,update_reservation_flights,1.0,1
kev-0.8b,30/t1/turn0,30,respond_to_user,5,0.0,0.0,update_reservation_flights,1.0,1
kev-0.8b,30/t1/turn1,30,get_reservation_details,5,1.0,1.0,get_reservation_details,1.0,1
kev-0.8b,30/t1/turn2,30,search_direct_flight,5,0.0,1.0,get_reservation_details,1.0,1
kev-0.8b,30/t1/turn3,30,respond_to_user,5,0.0,1.0,get_reservation_details,1.0,1
kev-0.8b,30/t1/turn4,30,get_user_details,5,0.0,1.0,search_direct_flight,1.0,1
kev-0.8b,30/t1/turn5,30,respond_to_user,5,0.0,0.0,update_reservation_flights,1.0,1
kev-0.8b,30/t1/turn6,30,update_reservation_flights,5,1.0,1.0,update_reservation_flights,1.0,1
kev-0.8b,30/t1/turn7,30,respond_to_user,5,0.0,0.0,update_reservation_flights,1.0,1
kev-0.8b,30/t2/turn0,30,respond_to_user,5,0.0,1.0,get_reservation_details,1.0,1
kev-0.8b,30/t2/turn1,30,get_reservation_details,5,1.0,1.0,get_reservation_details,1.0,1
kev-0.8b,30/t2/turn2,30,search_direct_flight,5,0.0,1.0,get_reservation_details,1.0,1
kev-0.8b,30/t2/turn3,30,respond_to_user,5,0.0,1.0,get_reservation_details,1.0,1
kev-0.8b,30/t2/turn4,30,respond_to_user,5,0.0,1.0,search_direct_flight,1.0,1
kev-0.8b,30/t2/turn5,30,update_reservation_flights,5,1.0,1.0,update_reservation_flights,1.0,1
kev-0.8b,30/t2/turn6,30,respond_to_user,5,0.0,0.0,update_reservation_flights,1.0,1
kev-0.8b,31/t0/turn0,31,respond_to_user,5,0.0,0.0,search_direct_flight,1.0,1
kev-0.8b,31/t0/turn1,31,get_user_details,5,0.0,0.0,get_reservation_details,1.0,1
kev-0.8b,31/t0/turn2,31,get_reservation_details,5,1.0,1.0,get_reservation_details,1.0,1
kev-0.8b,31/t0/turn3,31,respond_to_user,5,0.0,0.0,get_reservation_details,1.0,1
kev-0.8b,31/t0/turn4,31,transfer_to_human_agents,5,1.0,1.0,transfer_to_human_agents,1.0,1
kev-0.8b,31/t0/turn5,31,respond_to_user,5,0.0,0.0,transfer_to_human_agents,1.0,1
kev-0.8b,31/t1/turn0,31,respond_to_user,5,0.0,0.0,search_onestop_flight,1.0,1
kev-0.8b,31/t1/turn1,31,get_user_details,5,0.0,0.0,get_reservation_details,1.0,1
kev-0.8b,31/t1/turn2,31,get_reservation_details,5,1.0,1.0,get_reservation_details,1.0,1
kev-0.8b,31/t1/turn3,31,respond_to_user,5,0.0,0.0,get_reservation_details,1.0,1
kev-0.8b,31/t1/turn4,31,search_direct_flight,5,0.0,0.0,update_reservation_flights,1.0,1
kev-0.8b,31/t1/turn5,31,transfer_to_human_agents,5,0.0,0.0,update_reservation_flights,1.0,1
kev-0.8b,31/t1/turn6,31,respond_to_user,5,0.0,0.0,transfer_to_human_agents,1.0,1
kev-0.8b,33/t0/turn0,33,respond_to_user,5,0.0,0.0,update_reservation_flights,1.0,1
kev-0.8b,33/t0/turn1,33,get_reservation_details,5,0.0,0.0,get_user_details,1.0,1
kev-0.8b,33/t0/turn10,33,respond_to_user,5,0.0,0.0,update_reservation_flights,1.0,1
kev-0.8b,33/t0/turn11,33,respond_to_user,5,1.0,1.0,respond_to_user,1.0,1
kev-0.8b,33/t0/turn12,33,update_reservation_baggages,5,0.0,0.0,update_reservation_flights,1.0,1
kev-0.8b,33/t0/turn13,33,respond_to_user,5,0.0,0.0,update_reservation_flights,1.0,1
kev-0.8b,33/t0/turn2,33,search_direct_flight,5,0.0,1.0,get_reservation_details,1.0,1
kev-0.8b,33/t0/turn3,33,search_direct_flight,5,0.0,0.0,update_reservation_flights,1.0,1
kev-0.8b,33/t0/turn4,33,respond_to_user,5,0.0,0.0,update_reservation_flights,1.0,1
kev-0.8b,33/t0/turn5,33,respond_to_user,5,0.0,0.0,update_reservation_flights,1.0,1
kev-0.8b,33/t0/turn6,33,search_direct_flight,5,0.0,0.0,update_reservation_flights,1.0,1
kev-0.8b,33/t0/turn7,33,respond_to_user,5,0.0,0.0,update_reservation_flights,1.0,1
kev-0.8b,33/t0/turn8,33,update_reservation_flights,5,1.0,1.0,update_reservation_flights,1.0,1
kev-0.8b,33/t0/turn9,33,respond_to_user,5,0.0,0.0,update_reservation_flights,1.0,1
kev-0.8b,33/t1/turn0,33,respond_to_user,5,0.0,0.0,update_reservation_flights,1.0,1
kev-0.8b,33/t1/turn1,33,get_user_details,5,1.0,1.0,get_user_details,1.0,1
kev-0.8b,33/t1/turn10,33,update_reservation_baggages,5,0.0,0.0,update_reservation_flights,1.0,1
kev-0.8b,33/t1/turn11,33,respond_to_user,5,0.0,0.0,update_reservation_flights,1.0,1
kev-0.8b,33/t1/turn2,33,search_direct_flight,5,0.0,1.0,get_reservation_details,1.0,1
kev-0.8b,33/t1/turn3,33,respond_to_user,5,0.0,0.0,update_reservation_flights,1.0,1
kev-0.8b,33/t1/turn4,33,update_reservation_flights,5,1.0,1.0,update_reservation_flights,1.0,1
kev-0.8b,33/t1/turn5,33,respond_to_user,5,0.0,0.0,update_reservation_flights,1.0,1
kev-0.8b,33/t1/turn6,33,search_direct_flight,5,0.0,0.0,update_reservation_flights,1.0,1
kev-0.8b,33/t1/turn7,33,search_direct_flight,5,0.0,0.0,update_reservation_flights,1.0,1
kev-0.8b,33/t1/turn8,33,respond_to_user,5,0.0,0.0,update_reservation_flights,1.0,1
kev-0.8b,33/t1/turn9,33,respond_to_user,5,0.0,0.0,update_reservation_baggages,1.0,1
kev-0.8b,33/t2/turn0,33,respond_to_user,5,0.0,0.0,update_reservation_flights,1.0,1
kev-0.8b,33/t2/turn1,33,get_user_details,5,0.0,1.0,get_reservation_details,1.0,1
kev-0.8b,33/t2/turn10,33,respond_to_user,5,0.0,0.0,update_reservation_flights,1.0,1
kev-0.8b,33/t2/turn11,33,respond_to_user,5,0.0,0.0,update_reservation_flights,1.0,1
kev-0.8b,33/t2/turn12,33,update_reservation_baggages,5,0.0,0.0,update_reservation_flights,1.0,1
kev-0.8b,33/t2/turn13,33,respond_to_user,5,0.0,0.0,update_reservation_flights,1.0,1
kev-0.8b,33/t2/turn2,33,search_direct_flight,5,0.0,1.0,get_reservation_details,1.0,1
kev-0.8b,33/t2/turn3,33,search_direct_flight,5,0.0,0.0,update_reservation_flights,1.0,1
kev-0.8b,33/t2/turn4,33,respond_to_user,5,0.0,0.0,update_reservation_flights,1.0,1
kev-0.8b,33/t2/turn5,33,search_direct_flight,5,0.0,0.0,update_reservation_flights,1.0,1
kev-0.8b,33/t2/turn6,33,respond_to_user,5,0.0,0.0,update_reservation_flights,1.0,1
kev-0.8b,33/t2/turn7,33,update_reservation_flights,5,1.0,1.0,update_reservation_flights,1.0,1
kev-0.8b,33/t2/turn8,33,respond_to_user,5,0.0,0.0,update_reservation_flights,1.0,1
kev-0.8b,33/t2/turn9,33,respond_to_user,5,0.0,0.0,update_reservation_flights,1.0,1
kev-0.8b,34/t2/turn0,34,respond_to_user,5,0.0,0.0,update_reservation_flights,1.0,1
kev-0.8b,34/t2/turn1,34,get_reservation_details,5,0.0,0.0,update_reservation_flights,1.0,1
kev-0.8b,34/t2/turn2,34,respond_to_user,5,0.0,0.0,get_reservation_details,1.0,1
kev-0.8b,34/t2/turn3,34,search_direct_flight,5,0.0,0.0,update_reservation_flights,1.0,1
kev-0.8b,34/t2/turn4,34,search_direct_flight,5,0.0,0.0,update_reservation_flights,1.0,1
kev-0.8b,34/t2/turn5,34,get_user_details,5,0.0,0.0,update_reservation_flights,1.0,1
kev-0.8b,34/t2/turn6,34,respond_to_user,5,0.0,0.0,update_reservation_flights,1.0,1
kev-0.8b,34/t2/turn7,34,respond_to_user,5,0.0,0.0,update_reservation_flights,1.0,1
kev-0.8b,36/t0/turn0,36,respond_to_user,5,0.0,0.0,update_reservation_flights,1.0,1
kev-0.8b,36/t0/turn1,36,get_reservation_details,5,1.0,1.0,get_reservation_details,1.0,1
kev-0.8b,36/t0/turn2,36,transfer_to_human_agents,5,0.0,1.0,get_reservation_details,1.0,1
kev-0.8b,36/t0/turn3,36,respond_to_user,5,0.0,0.0,transfer_to_human_agents,1.0,1
kev-0.8b,36/t1/turn0,36,respond_to_user,5,0.0,0.0,update_reservation_flights,1.0,1
kev-0.8b,36/t1/turn1,36,get_reservation_details,5,1.0,1.0,get_reservation_details,1.0,1
kev-0.8b,36/t1/turn2,36,transfer_to_human_agents,5,0.0,1.0,get_reservation_details,1.0,1
kev-0.8b,36/t1/turn3,36,respond_to_user,5,0.0,0.0,transfer_to_human_agents,1.0,1
kev-0.8b,36/t2/turn0,36,respond_to_user,5,0.0,0.0,update_reservation_flights,1.0,1
kev-0.8b,36/t2/turn1,36,get_reservation_details,5,0.0,0.0,get_user_details,1.0,1
kev-0.8b,36/t2/turn2,36,transfer_to_human_agents,5,0.0,1.0,get_reservation_details,1.0,1
kev-0.8b,36/t2/turn3,36,respond_to_user,5,0.0,0.0,transfer_to_human_agents,1.0,1
kev-0.8b,37/t0/turn0,37,respond_to_user,5,1.0,1.0,respond_to_user,1.0,1
kev-0.8b,37/t0/turn1,37,get_user_details,5,0.0,1.0,get_reservation_details,1.0,1
kev-0.8b,37/t0/turn10,37,transfer_to_human_agents,5,1.0,1.0,transfer_to_human_agents,1.0,1
kev-0.8b,37/t0/turn11,37,respond_to_user,5,0.0,0.0,transfer_to_human_agents,1.0,1
kev-0.8b,37/t0/turn2,37,get_reservation_details,5,1.0,1.0,get_reservation_details,1.0,1
kev-0.8b,37/t0/turn3,37,get_reservation_details,5,1.0,1.0,get_reservation_details,1.0,1
kev-0.8b,37/t0/turn4,37,get_reservation_details,5,1.0,1.0,get_reservation_details,1.0,1
kev-0.8b,37/t0/turn5,37,get_flight_status,5,0.0,1.0,get_reservation_details,1.0,1
kev-0.8b,37/t0/turn6,37,search_direct_flight,5,0.0,0.0,cancel_reservation,1.0,1
kev-0.8b,37/t0/turn7,37,search_direct_flight,5,0.0,0.0,respond_to_user,1.0,1
kev-0.8b,37/t0/turn8,37,respond_to_user,5,0.0,0.0,cancel_reservation,1.0,1
kev-0.8b,37/t0/turn9,37,update_reservation_flights,5,0.0,0.0,respond_to_user,1.0,1
kev-0.8b,37/t2/turn0,37,respond_to_user,5,0.0,0.0,cancel_reservation,1.0,1
kev-0.8b,37/t2/turn1,37,get_user_details,5,0.0,0.0,cancel_reservation,1.0,1
kev-0.8b,37/t2/turn10,37,transfer_to_human_agents,5,1.0,1.0,transfer_to_human_agents,1.0,1
kev-0.8b,37/t2/turn11,37,respond_to_user,5,0.0,0.0,transfer_to_human_agents,1.0,1
kev-0.8b,37/t2/turn2,37,get_reservation_details,5,0.0,0.0,cancel_reservation,1.0,1
kev-0.8b,37/t2/turn3,37,get_reservation_details,5,0.0,0.0,cancel_reservation,1.0,1
kev-0.8b,37/t2/turn4,37,get_flight_status,5,0.0,0.0,cancel_reservation,1.0,1
kev-0.8b,37/t2/turn5,37,get_reservation_details,5,0.0,0.0,cancel_reservation,1.0,1
kev-0.8b,37/t2/turn6,37,search_direct_flight,5,0.0,0.0,cancel_reservation,1.0,1
kev-0.8b,37/t2/turn7,37,search_direct_flight,5,0.0,0.0,cancel_reservation,1.0,1
kev-0.8b,37/t2/turn8,37,respond_to_user,5,0.0,0.0,cancel_reservation,1.0,1
kev-0.8b,37/t2/turn9,37,update_reservation_flights,5,0.0,0.0,transfer_to_human_agents,1.0,1
kev-0.8b,38/t0/turn0,38,respond_to_user,5,0.0,1.0,get_reservation_details,1.0,1
kev-0.8b,38/t0/turn1,38,get_user_details,5,0.0,1.0,get_reservation_details,1.0,1
kev-0.8b,38/t0/turn10,38,respond_to_user,5,0.0,0.0,transfer_to_human_agents,1.0,1
kev-0.8b,38/t0/turn11,38,respond_to_user,5,1.0,1.0,respond_to_user,1.0,1
kev-0.8b,38/t0/turn2,38,get_reservation_details,5,1.0,1.0,get_reservation_details,1.0,1
kev-0.8b,38/t0/turn3,38,get_flight_status,5,0.0,1.0,get_reservation_details,1.0,1
kev-0.8b,38/t0/turn4,38,get_flight_status,5,0.0,1.0,get_reservation_details,1.0,1
kev-0.8b,38/t0/turn5,38,respond_to_user,5,0.0,0.0,get_flight_status,1.0,1
kev-0.8b,38/t0/turn6,38,respond_to_user,5,0.0,1.0,get_reservation_details,1.0,1
kev-0.8b,38/t0/turn7,38,get_reservation_details,5,0.0,0.0,respond_to_user,1.0,1
kev-0.8b,38/t0/turn8,38,respond_to_user,5,0.0,1.0,get_reservation_details,1.0,1
kev-0.8b,38/t0/turn9,38,get_reservation_details,5,1.0,1.0,get_reservation_details,1.0,1
kev-0.8b,38/t1/turn0,38,respond_to_user,5,0.0,1.0,get_reservation_details,1.0,1
kev-0.8b,38/t1/turn1,38,get_user_details,5,0.0,1.0,get_reservation_details,1.0,1
kev-0.8b,38/t1/turn10,38,respond_to_user,5,0.0,0.0,transfer_to_human_agents,1.0,1
kev-0.8b,38/t1/turn11,38,transfer_to_human_agents,5,1.0,1.0,transfer_to_human_agents,1.0,1
kev-0.8b,38/t1/turn12,38,respond_to_user,5,0.0,0.0,transfer_to_human_agents,1.0,1
kev-0.8b,38/t1/turn2,38,get_reservation_details,5,1.0,1.0,get_reservation_details,1.0,1
kev-0.8b,38/t1/turn3,38,get_reservation_details,5,1.0,1.0,get_reservation_details,1.0,1
kev-0.8b,38/t1/turn4,38,respond_to_user,5,0.0,1.0,get_reservation_details,1.0,1
kev-0.8b,38/t1/turn5,38,get_flight_status,5,0.0,1.0,get_reservation_details,1.0,1
kev-0.8b,38/t1/turn6,38,get_flight_status,5,0.0,1.0,get_reservation_details,1.0,1
kev-0.8b,38/t1/turn7,38,get_flight_status,5,0.0,1.0,get_reservation_details,1.0,1
kev-0.8b,38/t1/turn8,38,get_flight_status,5,0.0,1.0,get_reservation_details,1.0,1
kev-0.8b,38/t1/turn9,38,respond_to_user,5,0.0,1.0,get_reservation_details,1.0,1
kev-0.8b,38/t2/turn0,38,respond_to_user,5,0.0,1.0,get_reservation_details,1.0,1
kev-0.8b,38/t2/turn1,38,get_user_details,5,0.0,0.0,respond_to_user,1.0,1
kev-0.8b,38/t2/turn2,38,get_reservation_details,5,0.0,1.0,get_user_details,1.0,1
kev-0.8b,38/t2/turn3,38,get_reservation_details,5,1.0,1.0,get_reservation_details,1.0,1
kev-0.8b,38/t2/turn4,38,get_flight_status,5,0.0,1.0,get_reservation_details,1.0,1
kev-0.8b,38/t2/turn5,38,get_flight_status,5,0.0,1.0,get_reservation_details,1.0,1
kev-0.8b,38/t2/turn6,38,respond_to_user,5,1.0,1.0,respond_to_user,1.0,1
kev-0.8b,38/t2/turn7,38,respond_to_user,5,0.0,0.0,transfer_to_human_agents,1.0,1
kev-0.8b,4/t0/turn0,4,respond_to_user,5,0.0,1.0,get_reservation_details,1.0,1
kev-0.8b,4/t0/turn1,4,get_user_details,5,0.0,1.0,get_reservation_details,1.0,1
kev-0.8b,4/t0/turn10,4,transfer_to_human_agents,5,1.0,1.0,transfer_to_human_agents,1.0,1
kev-0.8b,4/t0/turn11,4,respond_to_user,5,0.0,0.0,transfer_to_human_agents,1.0,1
kev-0.8b,4/t0/turn2,4,get_reservation_details,5,1.0,1.0,get_reservation_details,1.0,1
kev-0.8b,4/t0/turn3,4,get_reservation_details,5,1.0,1.0,get_reservation_details,1.0,1
kev-0.8b,4/t0/turn4,4,get_reservation_details,5,1.0,1.0,get_reservation_details,1.0,1
kev-0.8b,4/t0/turn5,4,get_reservation_details,5,1.0,1.0,get_reservation_details,1.0,1
kev-0.8b,4/t0/turn6,4,get_reservation_details,5,1.0,1.0,get_reservation_details,1.0,1
kev-0.8b,4/t0/turn7,4,get_flight_status,5,0.0,1.0,get_reservation_details,1.0,1
kev-0.8b,4/t0/turn8,4,get_flight_status,5,0.0,1.0,get_reservation_details,1.0,1
kev-0.8b,4/t0/turn9,4,respond_to_user,5,0.0,1.0,get_reservation_details,1.0,1
kev-0.8b,4/t1/turn0,4,respond_to_user,5,0.0,1.0,get_reservation_details,1.0,1
kev-0.8b,4/t1/turn1,4,get_user_details,5,0.0,1.0,get_reservation_details,1.0,1
kev-0.8b,4/t1/turn10,4,transfer_to_human_agents,5,1.0,1.0,transfer_to_human_agents,1.0,1
kev-0.8b,4/t1/turn11,4,respond_to_user,5,0.0,0.0,transfer_to_human_agents,1.0,1
kev-0.8b,4/t1/turn2,4,get_reservation_details,5,1.0,1.0,get_reservation_details,1.0,1
kev-0.8b,4/t1/turn3,4,get_reservation_details,5,1.0,1.0,get_reservation_details,1.0,1
kev-0.8b,4/t1/turn4,4,get_reservation_details,5,1.0,1.0,get_reservation_details,1.0,1
kev-0.8b,4/t1/turn5,4,get_reservation_details,5,1.0,1.0,get_reservation_details,1.0,1
kev-0.8b,4/t1/turn6,4,get_reservation_details,5,1.0,1.0,get_reservation_details,1.0,1
kev-0.8b,4/t1/turn7,4,get_flight_status,5,0.0,1.0,get_reservation_details,1.0,1
kev-0.8b,4/t1/turn8,4,get_flight_status,5,0.0,1.0,get_reservation_details,1.0,1
kev-0.8b,4/t1/turn9,4,respond_to_user,5,0.0,1.0,get_reservation_details,1.0,1
kev-0.8b,4/t2/turn0,4,respond_to_user,5,0.0,1.0,get_reservation_details,1.0,1
kev-0.8b,4/t2/turn1,4,get_user_details,5,0.0,0.0,respond_to_user,1.0,1
kev-0.8b,4/t2/turn10,4,transfer_to_human_agents,5,1.0,1.0,transfer_to_human_agents,1.0,1
kev-0.8b,4/t2/turn11,4,respond_to_user,5,0.0,0.0,transfer_to_human_agents,1.0,1
kev-0.8b,4/t2/turn2,4,get_reservation_details,5,1.0,1.0,get_reservation_details,1.0,1
kev-0.8b,4/t2/turn3,4,get_reservation_details,5,1.0,1.0,get_reservation_details,1.0,1
kev-0.8b,4/t2/turn4,4,get_reservation_details,5,1.0,1.0,get_reservation_details,1.0,1
kev-0.8b,4/t2/turn5,4,get_reservation_details,5,1.0,1.0,get_reservation_details,1.0,1
kev-0.8b,4/t2/turn6,4,get_reservation_details,5,1.0,1.0,get_reservation_details,1.0,1
kev-0.8b,4/t2/turn7,4,get_flight_status,5,0.0,1.0,get_reservation_details,1.0,1
kev-0.8b,4/t2/turn8,4,get_flight_status,5,0.0,1.0,get_reservation_details,1.0,1
kev-0.8b,4/t2/turn9,4,respond_to_user,5,0.0,1.0,get_reservation_details,1.0,1
kev-0.8b,40/t0/turn0,40,respond_to_user,5,0.0,0.0,update_reservation_passengers,1.0,1
kev-0.8b,40/t0/turn1,40,get_user_details,5,0.0,0.0,update_reservation_passengers,1.0,1
kev-0.8b,40/t0/turn2,40,respond_to_user,5,0.0,0.0,update_reservation_passengers,1.0,1
kev-0.8b,40/t0/turn3,40,update_reservation_passengers,5,1.0,1.0,update_reservation_passengers,1.0,1
kev-0.8b,40/t0/turn4,40,respond_to_user,5,0.0,0.0,update_reservation_passengers,1.0,1
kev-0.8b,40/t1/turn0,40,respond_to_user,5,0.0,0.0,update_reservation_passengers,1.0,1
kev-0.8b,40/t1/turn1,40,get_reservation_details,5,0.0,0.0,update_reservation_passengers,1.0,1
kev-0.8b,40/t1/turn2,40,respond_to_user,5,0.0,1.0,get_reservation_details,1.0,1
kev-0.8b,40/t1/turn3,40,update_reservation_passengers,5,1.0,1.0,update_reservation_passengers,1.0,1
kev-0.8b,40/t1/turn4,40,respond_to_user,5,0.0,0.0,update_reservation_passengers,1.0,1
kev-0.8b,40/t2/turn0,40,respond_to_user,5,0.0,0.0,update_reservation_passengers,1.0,1
kev-0.8b,40/t2/turn1,40,get_user_details,5,0.0,0.0,update_reservation_passengers,1.0,1
kev-0.8b,40/t2/turn2,40,respond_to_user,5,0.0,0.0,update_reservation_passengers,1.0,1
kev-0.8b,40/t2/turn3,40,update_reservation_passengers,5,1.0,1.0,update_reservation_passengers,1.0,1
kev-0.8b,40/t2/turn4,40,respond_to_user,5,0.0,0.0,update_reservation_passengers,1.0,1
kev-0.8b,41/t0/turn0,41,respond_to_user,5,0.0,0.0,cancel_reservation,1.0,1
kev-0.8b,41/t0/turn1,41,get_user_details,5,0.0,0.0,cancel_reservation,1.0,1
kev-0.8b,41/t0/turn10,41,respond_to_user,5,0.0,0.0,transfer_to_human_agents,1.0,1
kev-0.8b,41/t0/turn11,41,transfer_to_human_agents,5,1.0,1.0,transfer_to_human_agents,1.0,1
kev-0.8b,41/t0/turn12,41,respond_to_user,5,0.0,0.0,transfer_to_human_agents,1.0,1
kev-0.8b,41/t0/turn2,41,get_reservation_details,5,0.0,0.0,cancel_reservation,1.0,1
kev-0.8b,41/t0/turn3,41,get_reservation_details,5,0.0,0.0,cancel_reservation,1.0,1
kev-0.8b,41/t0/turn4,41,get_reservation_details,5,0.0,0.0,cancel_reservation,1.0,1
kev-0.8b,41/t0/turn5,41,get_reservation_details,5,0.0,0.0,cancel_reservation,1.0,1
kev-0.8b,41/t0/turn6,41,get_reservation_details,5,0.0,0.0,cancel_reservation,1.0,1
kev-0.8b,41/t0/turn7,41,get_reservation_details,5,0.0,0.0,cancel_reservation,1.0,1
kev-0.8b,41/t0/turn8,41,get_reservation_details,5,0.0,0.0,cancel_reservation,1.0,1
kev-0.8b,41/t0/turn9,41,respond_to_user,5,0.0,0.0,cancel_reservation,1.0,1
kev-0.8b,41/t1/turn0,41,respond_to_user,5,0.0,0.0,cancel_reservation,1.0,1
kev-0.8b,41/t1/turn1,41,get_user_details,5,1.0,1.0,get_user_details,1.0,1
kev-0.8b,41/t1/turn10,41,respond_to_user,5,0.0,0.0,cancel_reservation,1.0,1
kev-0.8b,41/t1/turn11,41,respond_to_user,5,0.0,0.0,cancel_reservation,1.0,1
kev-0.8b,41/t1/turn12,41,transfer_to_human_agents,5,1.0,1.0,transfer_to_human_agents,1.0,1
kev-0.8b,41/t1/turn13,41,respond_to_user,5,0.0,0.0,transfer_to_human_agents,1.0,1
kev-0.8b,41/t1/turn2,41,get_reservation_details,5,0.0,0.0,cancel_reservation,1.0,1
kev-0.8b,41/t1/turn3,41,get_reservation_details,5,0.0,0.0,cancel_reservation,1.0,1
kev-0.8b,41/t1/turn4,41,get_reservation_details,5,0.0,0.0,cancel_reservation,1.0,1
kev-0.8b,41/t1/turn5,41,get_reservation_details,5,0.0,0.0,cancel_reservation,1.0,1
kev-0.8b,41/t1/turn6,41,get_reservation_details,5,0.0,0.0,cancel_reservation,1.0,1
kev-0.8b,41/t1/turn7,41,get_reservation_details,5,0.0,0.0,cancel_reservation,1.0,1
kev-0.8b,41/t1/turn8,41,get_reservation_details,5,0.0,0.0,cancel_reservation,1.0,1
kev-0.8b,41/t1/turn9,41,get_flight_status,5,0.0,0.0,cancel_reservation,1.0,1
kev-0.8b,41/t2/turn0,41,respond_to_user,5,0.0,0.0,cancel_reservation,1.0,1
kev-0.8b,41/t2/turn1,41,get_user_details,5,0.0,0.0,cancel_reservation,1.0,1
kev-0.8b,41/t2/turn10,41,respond_to_user,5,0.0,0.0,cancel_reservation,1.0,1
kev-0.8b,41/t2/turn11,41,transfer_to_human_agents,5,1.0,1.0,transfer_to_human_agents,1.0,1
kev-0.8b,41/t2/turn12,41,respond_to_user,5,0.0,0.0,transfer_to_human_agents,1.0,1
kev-0.8b,41/t2/turn2,41,get_reservation_details,5,0.0,0.0,cancel_reservation,1.0,1
kev-0.8b,41/t2/turn3,41,get_reservation_details,5,0.0,0.0,cancel_reservation,1.0,1
kev-0.8b,41/t2/turn4,41,get_reservation_details,5,0.0,0.0,cancel_reservation,1.0,1
kev-0.8b,41/t2/turn5,41,get_reservation_details,5,0.0,0.0,cancel_reservation,1.0,1
kev-0.8b,41/t2/turn6,41,get_reservation_details,5,0.0,0.0,cancel_reservation,1.0,1
kev-0.8b,41/t2/turn7,41,get_reservation_details,5,0.0,0.0,cancel_reservation,1.0,1
kev-0.8b,41/t2/turn8,41,get_reservation_details,5,0.0,0.0,cancel_reservation,1.0,1
kev-0.8b,41/t2/turn9,41,respond_to_user,5,0.0,0.0,cancel_reservation,1.0,1
kev-0.8b,42/t0/turn0,42,respond_to_user,5,0.0,1.0,get_user_details,1.0,1
kev-0.8b,42/t0/turn1,42,get_user_details,5,1.0,1.0,get_user_details,1.0,1
kev-0.8b,42/t0/turn10,42,respond_to_user,5,0.0,1.0,get_reservation_details,1.0,1
kev-0.8b,42/t0/turn11,42,cancel_reservation,5,1.0,1.0,cancel_reservation,1.0,1
kev-0.8b,42/t0/turn12,42,cancel_reservation,5,1.0,1.0,cancel_reservation,1.0,1
kev-0.8b,42/t0/turn13,42,respond_to_user,5,0.0,0.0,cancel_reservation,1.0,1
kev-0.8b,42/t0/turn2,42,get_reservation_details,5,1.0,1.0,get_reservation_details,1.0,1
kev-0.8b,42/t0/turn3,42,get_reservation_details,5,1.0,1.0,get_reservation_details,1.0,1
kev-0.8b,42/t0/turn4,42,get_reservation_details,5,1.0,1.0,get_reservation_details,1.0,1
kev-0.8b,42/t0/turn5,42,get_reservation_details,5,1.0,1.0,get_reservation_details,1.0,1
kev-0.8b,42/t0/turn6,42,get_reservation_details,5,1.0,1.0,get_reservation_details,1.0,1
kev-0.8b,42/t0/turn7,42,get_reservation_details,5,1.0,1.0,get_reservation_details,1.0,1
kev-0.8b,42/t0/turn8,42,get_reservation_details,5,1.0,1.0,get_reservation_details,1.0,1
kev-0.8b,42/t0/turn9,42,respond_to_user,5,0.0,1.0,get_reservation_details,1.0,1
kev-0.8b,42/t1/turn0,42,respond_to_user,5,0.0,1.0,get_user_details,1.0,1
kev-0.8b,42/t1/turn1,42,get_user_details,5,1.0,1.0,get_user_details,1.0,1
kev-0.8b,42/t1/turn10,42,respond_to_user,5,0.0,0.0,cancel_reservation,1.0,1
kev-0.8b,42/t1/turn11,42,cancel_reservation,5,1.0,1.0,cancel_reservation,1.0,1
kev-0.8b,42/t1/turn12,42,cancel_reservation,5,1.0,1.0,cancel_reservation,1.0,1
kev-0.8b,42/t1/turn13,42,respond_to_user,5,0.0,0.0,cancel_reservation,1.0,1
kev-0.8b,42/t1/turn2,42,get_reservation_details,5,1.0,1.0,get_reservation_details,1.0,1
kev-0.8b,42/t1/turn3,42,get_reservation_details,5,1.0,1.0,get_reservation_details,1.0,1
kev-0.8b,42/t1/turn4,42,get_reservation_details,5,1.0,1.0,get_reservation_details,1.0,1
kev-0.8b,42/t1/turn5,42,get_reservation_details,5,1.0,1.0,get_reservation_details,1.0,1
kev-0.8b,42/t1/turn6,42,get_reservation_details,5,1.0,1.0,get_reservation_details,1.0,1
kev-0.8b,42/t1/turn7,42,get_reservation_details,5,1.0,1.0,get_reservation_details,1.0,1
kev-0.8b,42/t1/turn8,42,get_reservation_details,5,1.0,1.0,get_reservation_details,1.0,1
kev-0.8b,42/t1/turn9,42,respond_to_user,5,0.0,1.0,get_reservation_details,1.0,1
kev-0.8b,42/t2/turn0,42,respond_to_user,5,0.0,1.0,get_user_details,1.0,1
kev-0.8b,42/t2/turn1,42,get_user_details,5,1.0,1.0,get_user_details,1.0,1
kev-0.8b,42/t2/turn10,42,cancel_reservation,5,0.0,1.0,get_reservation_details,1.0,1
kev-0.8b,42/t2/turn11,42,cancel_reservation,5,1.0,1.0,cancel_reservation,1.0,1
kev-0.8b,42/t2/turn12,42,respond_to_user,5,0.0,0.0,cancel_reservation,1.0,1
kev-0.8b,42/t2/turn2,42,get_reservation_details,5,0.0,1.0,get_user_details,1.0,1
kev-0.8b,42/t2/turn3,42,get_reservation_details,5,1.0,1.0,get_reservation_details,1.0,1
kev-0.8b,42/t2/turn4,42,get_reservation_details,5,1.0,1.0,get_reservation_details,1.0,1
kev-0.8b,42/t2/turn5,42,get_reservation_details,5,1.0,1.0,get_reservation_details,1.0,1
kev-0.8b,42/t2/turn6,42,get_reservation_details,5,1.0,1.0,get_reservation_details,1.0,1
kev-0.8b,42/t2/turn7,42,get_reservation_details,5,1.0,1.0,get_reservation_details,1.0,1
kev-0.8b,42/t2/turn8,42,get_reservation_details,5,1.0,1.0,get_reservation_details,1.0,1
kev-0.8b,42/t2/turn9,42,respond_to_user,5,0.0,1.0,get_reservation_details,1.0,1
kev-0.8b,43/t0/turn0,43,respond_to_user,5,0.0,0.0,cancel_reservation,1.0,1
kev-0.8b,43/t0/turn1,43,get_user_details,5,0.0,1.0,get_reservation_details,1.0,1
kev-0.8b,43/t0/turn10,43,respond_to_user,5,0.0,1.0,get_reservation_details,1.0,1
kev-0.8b,43/t0/turn2,43,get_reservation_details,5,1.0,1.0,get_reservation_details,1.0,1
kev-0.8b,43/t0/turn3,43,get_reservation_details,5,1.0,1.0,get_reservation_details,1.0,1
kev-0.8b,43/t0/turn4,43,get_reservation_details,5,1.0,1.0,get_reservation_details,1.0,1
kev-0.8b,43/t0/turn5,43,get_reservation_details,5,1.0,1.0,get_reservation_details,1.0,1
kev-0.8b,43/t0/turn6,43,get_reservation_details,5,1.0,1.0,get_reservation_details,1.0,1
kev-0.8b,43/t0/turn7,43,get_reservation_details,5,1.0,1.0,get_reservation_details,1.0,1
kev-0.8b,43/t0/turn8,43,respond_to_user,5,0.0,1.0,get_reservation_details,1.0,1
kev-0.8b,43/t0/turn9,43,respond_to_user,5,0.0,0.0,cancel_reservation,1.0,1
kev-0.8b,43/t1/turn0,43,respond_to_user,5,0.0,0.0,cancel_reservation,1.0,1
kev-0.8b,43/t1/turn1,43,get_user_details,5,0.0,0.0,cancel_reservation,1.0,1
kev-0.8b,43/t1/turn2,43,get_reservation_details,5,1.0,1.0,get_reservation_details,1.0,1
kev-0.8b,43/t1/turn3,43,get_reservation_details,5,1.0,1.0,get_reservation_details,1.0,1
kev-0.8b,43/t1/turn4,43,get_reservation_details,5,1.0,1.0,get_reservation_details,1.0,1
kev-0.8b,43/t1/turn5,43,get_reservation_details,5,1.0,1.0,get_reservation_details,1.0,1
kev-0.8b,43/t1/turn6,43,get_reservation_details,5,1.0,1.0,get_reservation_details,1.0,1
kev-0.8b,43/t1/turn7,43,get_reservation_details,5,1.0,1.0,get_reservation_details,1.0,1
kev-0.8b,43/t1/turn8,43,transfer_to_human_agents,5,0.0,0.0,cancel_reservation,1.0,1
kev-0.8b,43/t1/turn9,43,respond_to_user,5,0.0,0.0,cancel_reservation,1.0,1
kev-0.8b,43/t2/turn0,43,respond_to_user,5,0.0,0.0,cancel_reservation,1.0,1
kev-0.8b,43/t2/turn1,43,get_user_details,5,0.0,1.0,get_reservation_details,1.0,1
kev-0.8b,43/t2/turn2,43,get_reservation_details,5,1.0,1.0,get_reservation_details,1.0,1
kev-0.8b,43/t2/turn3,43,get_reservation_details,5,1.0,1.0,get_reservation_details,1.0,1
kev-0.8b,43/t2/turn4,43,get_reservation_details,5,1.0,1.0,get_reservation_details,1.0,1
kev-0.8b,43/t2/turn5,43,get_reservation_details,5,1.0,1.0,get_reservation_details,1.0,1
kev-0.8b,43/t2/turn6,43,get_flight_status,5,0.0,1.0,get_reservation_details,1.0,1
kev-0.8b,43/t2/turn7,43,respond_to_user,5,0.0,1.0,get_reservation_details,1.0,1
kev-0.8b,43/t2/turn8,43,transfer_to_human_agents,5,0.0,0.0,cancel_reservation,1.0,1
kev-0.8b,43/t2/turn9,43,respond_to_user,5,1.0,1.0,respond_to_user,1.0,1
kev-0.8b,45/t0/turn0,45,respond_to_user,5,0.0,0.0,cancel_reservation,1.0,1
kev-0.8b,45/t0/turn1,45,get_reservation_details,5,0.0,0.0,cancel_reservation,1.0,1
kev-0.8b,45/t0/turn2,45,get_flight_status,5,0.0,1.0,get_reservation_details,1.0,1
kev-0.8b,45/t0/turn3,45,respond_to_user,5,0.0,1.0,get_reservation_details,1.0,1
kev-0.8b,45/t0/turn4,45,respond_to_user,5,0.0,0.0,transfer_to_human_agents,1.0,1
kev-0.8b,45/t0/turn5,45,respond_to_user,5,0.0,0.0,transfer_to_human_agents,1.0,1
kev-0.8b,45/t1/turn0,45,respond_to_user,5,0.0,0.0,cancel_reservation,1.0,1
kev-0.8b,45/t1/turn1,45,get_reservation_details,5,1.0,1.0,get_reservation_details,1.0,1
kev-0.8b,45/t1/turn2,45,get_flight_status,5,0.0,1.0,get_reservation_details,1.0,1
kev-0.8b,45/t1/turn3,45,get_flight_status,5,0.0,1.0,get_reservation_details,1.0,1
kev-0.8b,45/t1/turn4,45,respond_to_user,5,0.0,1.0,get_reservation_details,1.0,1
kev-0.8b,45/t1/turn5,45,respond_to_user,5,0.0,0.0,transfer_to_human_agents,1.0,1
kev-0.8b,45/t1/turn6,45,respond_to_user,5,0.0,0.0,transfer_to_human_agents,1.0,1
kev-0.8b,45/t2/turn0,45,respond_to_user,5,0.0,0.0,cancel_reservation,1.0,1
kev-0.8b,45/t2/turn1,45,get_reservation_details,5,1.0,1.0,get_reservation_details,1.0,1
kev-0.8b,45/t2/turn2,45,respond_to_user,5,0.0,1.0,get_reservation_details,1.0,1
kev-0.8b,45/t2/turn3,45,respond_to_user,5,0.0,0.0,transfer_to_human_agents,1.0,1
kev-0.8b,45/t2/turn4,45,respond_to_user,5,1.0,1.0,respond_to_user,1.0,1
kev-0.8b,45/t2/turn5,45,respond_to_user,5,0.0,0.0,transfer_to_human_agents,1.0,1
kev-0.8b,46/t0/turn0,46,transfer_to_human_agents,5,0.0,0.0,get_reservation_details,1.0,1
kev-0.8b,46/t0/turn1,46,respond_to_user,5,0.0,0.0,transfer_to_human_agents,1.0,1
kev-0.8b,46/t1/turn0,46,transfer_to_human_agents,5,0.0,0.0,get_reservation_details,1.0,1
kev-0.8b,46/t1/turn1,46,respond_to_user,5,0.0,0.0,transfer_to_human_agents,1.0,1
kev-0.8b,46/t2/turn0,46,transfer_to_human_agents,5,0.0,0.0,get_reservation_details,1.0,1
kev-0.8b,46/t2/turn1,46,respond_to_user,5,0.0,0.0,transfer_to_human_agents,1.0,1
kev-0.8b,47/t0/turn0,47,respond_to_user,5,0.0,0.0,cancel_reservation,1.0,1
kev-0.8b,47/t0/turn1,47,get_reservation_details,5,1.0,1.0,get_reservation_details,1.0,1
kev-0.8b,47/t0/turn2,47,respond_to_user,5,0.0,1.0,get_reservation_details,1.0,1
kev-0.8b,47/t0/turn3,47,respond_to_user,5,0.0,0.0,transfer_to_human_agents,1.0,1
kev-0.8b,47/t0/turn4,47,respond_to_user,5,0.0,0.0,transfer_to_human_agents,1.0,1
kev-0.8b,47/t0/turn5,47,respond_to_user,5,0.0,0.0,transfer_to_human_agents,1.0,1
kev-0.8b,47/t0/turn6,47,respond_to_user,5,0.0,0.0,transfer_to_human_agents,1.0,1
kev-0.8b,47/t0/turn7,47,respond_to_user,5,0.0,0.0,transfer_to_human_agents,1.0,1
kev-0.8b,47/t1/turn0,47,respond_to_user,5,0.0,0.0,cancel_reservation,1.0,1
kev-0.8b,47/t1/turn1,47,get_user_details,5,0.0,0.0,cancel_reservation,1.0,1
kev-0.8b,47/t1/turn2,47,get_reservation_details,5,0.0,0.0,cancel_reservation,1.0,1
kev-0.8b,47/t1/turn3,47,get_flight_status,5,0.0,0.0,cancel_reservation,1.0,1
kev-0.8b,47/t1/turn4,47,respond_to_user,5,0.0,0.0,cancel_reservation,1.0,1
kev-0.8b,47/t1/turn5,47,transfer_to_human_agents,5,1.0,1.0,transfer_to_human_agents,1.0,1
kev-0.8b,47/t1/turn6,47,respond_to_user,5,0.0,0.0,transfer_to_human_agents,1.0,1
kev-0.8b,47/t2/turn0,47,respond_to_user,5,0.0,0.0,cancel_reservation,1.0,1
kev-0.8b,47/t2/turn1,47,get_user_details,5,0.0,0.0,cancel_reservation,1.0,1
kev-0.8b,47/t2/turn2,47,respond_to_user,5,0.0,0.0,cancel_reservation,1.0,1
kev-0.8b,47/t2/turn3,47,respond_to_user,5,0.0,0.0,transfer_to_human_agents,1.0,1
kev-0.8b,47/t2/turn4,47,respond_to_user,5,0.0,0.0,transfer_to_human_agents,1.0,1
kev-0.8b,47/t2/turn5,47,respond_to_user,5,0.0,0.0,transfer_to_human_agents,1.0,1
kev-0.8b,47/t2/turn6,47,transfer_to_human_agents,5,1.0,1.0,transfer_to_human_agents,1.0,1
kev-0.8b,47/t2/turn7,47,respond_to_user,5,0.0,0.0,transfer_to_human_agents,1.0,1
kev-0.8b,48/t0/turn0,48,respond_to_user,5,0.0,0.0,cancel_reservation,1.0,1
kev-0.8b,48/t0/turn1,48,get_reservation_details,5,1.0,1.0,get_reservation_details,1.0,1
kev-0.8b,48/t0/turn2,48,respond_to_user,5,0.0,1.0,get_reservation_details,1.0,1
kev-0.8b,48/t0/turn3,48,get_reservation_details,5,0.0,0.0,respond_to_user,1.0,1
kev-0.8b,48/t0/turn4,48,transfer_to_human_agents,5,0.0,0.0,cancel_reservation,1.0,1
kev-0.8b,48/t0/turn5,48,respond_to_user,5,0.0,0.0,transfer_to_human_agents,1.0,1
kev-0.8b,48/t1/turn0,48,respond_to_user,5,0.0,0.0,cancel_reservation,1.0,1
kev-0.8b,48/t1/turn1,48,get_reservation_details,5,0.0,0.0,cancel_reservation,1.0,1
kev-0.8b,48/t1/turn2,48,respond_to_user,5,0.0,1.0,get_reservation_details,1.0,1
kev-0.8b,48/t1/turn3,48,get_reservation_details,5,0.0,0.0,respond_to_user,1.0,1
kev-0.8b,48/t1/turn4,48,transfer_to_human_agents,5,0.0,0.0,cancel_reservation,1.0,1
kev-0.8b,48/t1/turn5,48,respond_to_user,5,0.0,0.0,transfer_to_human_agents,1.0,1
kev-0.8b,48/t2/turn0,48,respond_to_user,5,0.0,0.0,cancel_reservation,1.0,1
kev-0.8b,48/t2/turn1,48,get_reservation_details,5,0.0,0.0,cancel_reservation,1.0,1
kev-0.8b,48/t2/turn2,48,respond_to_user,5,0.0,1.0,get_reservation_details,1.0,1
kev-0.8b,48/t2/turn3,48,get_reservation_details,5,0.0,0.0,respond_to_user,1.0,1
kev-0.8b,48/t2/turn4,48,transfer_to_human_agents,5,0.0,1.0,get_reservation_details,1.0,1
kev-0.8b,48/t2/turn5,48,respond_to_user,5,0.0,0.0,transfer_to_human_agents,1.0,1
kev-0.8b,49/t0/turn0,49,respond_to_user,5,0.0,0.0,cancel_reservation,1.0,1
kev-0.8b,49/t0/turn1,49,get_reservation_details,5,1.0,1.0,get_reservation_details,1.0,1
kev-0.8b,49/t0/turn2,49,transfer_to_human_agents,5,0.0,1.0,get_reservation_details,1.0,1
kev-0.8b,49/t0/turn3,49,respond_to_user,5,0.0,0.0,transfer_to_human_agents,1.0,1
kev-0.8b,49/t1/turn0,49,respond_to_user,5,0.0,0.0,cancel_reservation,1.0,1
kev-0.8b,49/t1/turn1,49,get_reservation_details,5,1.0,1.0,get_reservation_details,1.0,1
kev-0.8b,49/t1/turn2,49,respond_to_user,5,0.0,1.0,get_reservation_details,1.0,1
kev-0.8b,49/t1/turn3,49,get_user_details,5,0.0,0.0,respond_to_user,1.0,1
kev-0.8b,49/t1/turn4,49,transfer_to_human_agents,5,0.0,1.0,get_reservation_details,1.0,1
kev-0.8b,49/t1/turn5,49,respond_to_user,5,0.0,0.0,transfer_to_human_agents,1.0,1
kev-0.8b,49/t2/turn0,49,respond_to_user,5,0.0,0.0,cancel_reservation,1.0,1
kev-0.8b,49/t2/turn1,49,get_reservation_details,5,1.0,1.0,get_reservation_details,1.0,1
kev-0.8b,49/t2/turn2,49,respond_to_user,5,0.0,1.0,get_reservation_details,1.0,1
kev-0.8b,49/t2/turn3,49,get_user_details,5,0.0,1.0,get_reservation_details,1.0,1
kev-0.8b,49/t2/turn4,49,transfer_to_human_agents,5,0.0,1.0,get_reservation_details,1.0,1
kev-0.8b,49/t2/turn5,49,respond_to_user,5,0.0,0.0,transfer_to_human_agents,1.0,1
kev-0.8b,5/t0/turn0,5,respond_to_user,5,1.0,1.0,respond_to_user,1.0,1
kev-0.8b,5/t0/turn1,5,respond_to_user,5,1.0,1.0,respond_to_user,1.0,1
kev-0.8b,5/t0/turn2,5,respond_to_user,5,0.0,0.0,transfer_to_human_agents,1.0,1
kev-0.8b,5/t1/turn0,5,respond_to_user,5,0.0,0.0,get_reservation_details,1.0,1
kev-0.8b,5/t1/turn1,5,get_user_details,5,0.0,0.0,get_reservation_details,1.0,1
kev-0.8b,5/t1/turn10,5,transfer_to_human_agents,5,1.0,1.0,transfer_to_human_agents,1.0,1
kev-0.8b,5/t1/turn11,5,respond_to_user,5,0.0,0.0,transfer_to_human_agents,1.0,1
kev-0.8b,5/t1/turn2,5,get_reservation_details,5,1.0,1.0,get_reservation_details,1.0,1
kev-0.8b,5/t1/turn3,5,get_reservation_details,5,0.0,0.0,transfer_to_human_agents,1.0,1
kev-0.8b,5/t1/turn4,5,get_reservation_details,5,0.0,0.0,transfer_to_human_agents,1.0,1
kev-0.8b,5/t1/turn5,5,get_flight_status,5,0.0,0.0,get_reservation_details,1.0,1
kev-0.8b,5/t1/turn6,5,respond_to_user,5,0.0,0.0,get_flight_status,1.0,1
kev-0.8b,5/t1/turn7,5,respond_to_user,5,0.0,0.0,transfer_to_human_agents,1.0,1
kev-0.8b,5/t1/turn8,5,get_user_details,5,0.0,0.0,respond_to_user,1.0,1
kev-0.8b,5/t1/turn9,5,respond_to_user,5,0.0,0.0,transfer_to_human_agents,1.0,1
kev-0.8b,5/t2/turn0,5,respond_to_user,5,1.0,1.0,respond_to_user,1.0,1
kev-0.8b,5/t2/turn1,5,respond_to_user,5,1.0,1.0,respond_to_user,1.0,1
kev-0.8b,5/t2/turn2,5,respond_to_user,5,0.0,0.0,transfer_to_human_agents,1.0,1
kev-0.8b,5/t2/turn3,5,respond_to_user,5,0.0,0.0,transfer_to_human_agents,1.0,1
kev-0.8b,6/t0/turn0,6,respond_to_user,5,0.0,1.0,get_reservation_details,1.0,1
kev-0.8b,6/t0/turn1,6,get_reservation_details,5,1.0,1.0,get_reservation_details,1.0,1
kev-0.8b,6/t0/turn2,6,respond_to_user,5,0.0,1.0,get_reservation_details,1.0,1
kev-0.8b,6/t0/turn3,6,respond_to_user,5,0.0,1.0,get_reservation_details,1.0,1
kev-0.8b,6/t0/turn4,6,transfer_to_human_agents,5,1.0,1.0,transfer_to_human_agents,1.0,1
kev-0.8b,6/t0/turn5,6,respond_to_user,5,0.0,0.0,transfer_to_human_agents,1.0,1
kev-0.8b,6/t1/turn0,6,respond_to_user,5,0.0,1.0,get_reservation_details,1.0,1
kev-0.8b,6/t1/turn1,6,get_reservation_details,5,1.0,1.0,get_reservation_details,1.0,1
kev-0.8b,6/t1/turn2,6,respond_to_user,5,0.0,1.0,get_reservation_details,1.0,1
kev-0.8b,6/t1/turn3,6,respond_to_user,5,0.0,1.0,get_reservation_details,1.0,1
kev-0.8b,6/t1/turn4,6,get_flight_status,5,0.0,1.0,get_reservation_details,1.0,1
kev-0.8b,6/t1/turn5,6,get_flight_status,5,0.0,1.0,get_reservation_details,1.0,1
kev-0.8b,6/t1/turn6,6,respond_to_user,5,0.0,1.0,get_reservation_details,1.0,1
kev-0.8b,6/t1/turn7,6,respond_to_user,5,0.0,0.0,transfer_to_human_agents,1.0,1
kev-0.8b,6/t1/turn8,6,respond_to_user,5,0.0,0.0,transfer_to_human_agents,1.0,1
kev-0.8b,6/t2/turn0,6,respond_to_user,5,0.0,1.0,get_reservation_details,1.0,1
kev-0.8b,6/t2/turn1,6,get_reservation_details,5,1.0,1.0,get_reservation_details,1.0,1
kev-0.8b,6/t2/turn2,6,respond_to_user,5,0.0,1.0,get_reservation_details,1.0,1
kev-0.8b,6/t2/turn3,6,respond_to_user,5,0.0,1.0,get_reservation_details,1.0,1
kev-0.8b,6/t2/turn4,6,respond_to_user,5,0.0,0.0,transfer_to_human_agents,1.0,1
kev-0.8b,6/t2/turn5,6,get_flight_status,5,0.0,0.0,transfer_to_human_agents,1.0,1
kev-0.8b,6/t2/turn6,6,get_flight_status,5,0.0,0.0,transfer_to_human_agents,1.0,1
kev-0.8b,6/t2/turn7,6,respond_to_user,5,0.0,0.0,transfer_to_human_agents,1.0,1
kev-0.8b,6/t2/turn8,6,respond_to_user,5,0.0,0.0,transfer_to_human_agents,1.0,1
kev-0.8b,8/t1/turn0,8,respond_to_user,5,0.0,1.0,get_reservation_details,1.0,1
kev-0.8b,8/t1/turn1,8,get_user_details,5,0.0,1.0,get_reservation_details,1.0,1
kev-0.8b,8/t1/turn10,8,respond_to_user,5,0.0,0.0,book_reservation,1.0,1
kev-0.8b,8/t1/turn11,8,book_reservation,5,1.0,1.0,book_reservation,1.0,1
kev-0.8b,8/t1/turn12,8,respond_to_user,5,0.0,0.0,book_reservation,1.0,1
kev-0.8b,8/t1/turn2,8,get_reservation_details,5,1.0,1.0,get_reservation_details,1.0,1
kev-0.8b,8/t1/turn3,8,get_reservation_details,5,1.0,1.0,get_reservation_details,1.0,1
kev-0.8b,8/t1/turn4,8,get_reservation_details,5,1.0,1.0,get_reservation_details,1.0,1
kev-0.8b,8/t1/turn5,8,get_reservation_details,5,1.0,1.0,get_reservation_details,1.0,1
kev-0.8b,8/t1/turn6,8,get_reservation_details,5,1.0,1.0,get_reservation_details,1.0,1
kev-0.8b,8/t1/turn7,8,search_direct_flight,5,0.0,1.0,get_reservation_details,1.0,1
kev-0.8b,8/t1/turn8,8,respond_to_user,5,0.0,0.0,search_onestop_flight,1.0,1
kev-0.8b,8/t1/turn9,8,respond_to_user,5,0.0,1.0,get_reservation_details,1.0,1
kev-0.8b,8/t2/turn0,8,respond_to_user,5,0.0,1.0,search_direct_flight,1.0,1
kev-0.8b,8/t2/turn1,8,get_user_details,5,1.0,1.0,get_user_details,1.0,1
kev-0.8b,8/t2/turn10,8,book_reservation,5,0.0,1.0,get_reservation_details,1.0,1
kev-0.8b,8/t2/turn11,8,respond_to_user,5,0.0,0.0,book_reservation,1.0,1
kev-0.8b,8/t2/turn2,8,get_reservation_details,5,0.0,1.0,get_user_details,1.0,1
kev-0.8b,8/t2/turn3,8,get_reservation_details,5,1.0,1.0,get_reservation_details,1.0,1
kev-0.8b,8/t2/turn4,8,get_reservation_details,5,1.0,1.0,get_reservation_details,1.0,1
kev-0.8b,8/t2/turn5,8,get_reservation_details,5,1.0,1.0,get_reservation_details,1.0,1
kev-0.8b,8/t2/turn6,8,get_reservation_details,5,1.0,1.0,get_reservation_details,1.0,1
kev-0.8b,8/t2/turn7,8,search_direct_flight,5,0.0,1.0,get_reservation_details,1.0,1
kev-0.8b,8/t2/turn8,8,respond_to_user,5,0.0,1.0,search_direct_flight,1.0,1
kev-0.8b,8/t2/turn9,8,respond_to_user,5,0.0,0.0,book_reservation,1.0,1
kev-0.8b,9/t0/turn0,9,respond_to_user,5,0.0,0.0,cancel_reservation,1.0,1
kev-0.8b,9/t0/turn1,9,get_user_details,5,0.0,0.0,get_reservation_details,1.0,1
kev-0.8b,9/t0/turn2,9,get_reservation_details,5,1.0,1.0,get_reservation_details,1.0,1
kev-0.8b,9/t0/turn3,9,get_reservation_details,5,1.0,1.0,get_reservation_details,1.0,1
kev-0.8b,9/t0/turn4,9,get_reservation_details,5,1.0,1.0,get_reservation_details,1.0,1
kev-0.8b,9/t0/turn5,9,search_direct_flight,5,0.0,0.0,get_reservation_details,1.0,1
kev-0.8b,9/t0/turn6,9,get_flight_status,5,0.0,0.0,search_onestop_flight,1.0,1
kev-0.8b,9/t0/turn7,9,transfer_to_human_agents,5,0.0,0.0,search_onestop_flight,1.0,1
kev-0.8b,9/t0/turn8,9,respond_to_user,5,0.0,0.0,transfer_to_human_agents,1.0,1
kev-0.8b,9/t1/turn0,9,respond_to_user,5,0.0,0.0,cancel_reservation,1.0,1
kev-0.8b,9/t1/turn1,9,get_user_details,5,0.0,0.0,get_reservation_details,1.0,1
kev-0.8b,9/t1/turn10,9,respond_to_user,5,0.0,0.0,transfer_to_human_agents,1.0,1
kev-0.8b,9/t1/turn2,9,get_reservation_details,5,0.0,0.0,cancel_reservation,1.0,1
kev-0.8b,9/t1/turn3,9,get_reservation_details,5,0.0,0.0,cancel_reservation,1.0,1
kev-0.8b,9/t1/turn4,9,get_reservation_details,5,0.0,0.0,cancel_reservation,1.0,1
kev-0.8b,9/t1/turn5,9,get_flight_status,5,0.0,0.0,cancel_reservation,1.0,1
kev-0.8b,9/t1/turn6,9,get_flight_status,5,0.0,0.0,search_onestop_flight,1.0,1
kev-0.8b,9/t1/turn7,9,get_flight_status,5,0.0,0.0,search_onestop_flight,1.0,1
kev-0.8b,9/t1/turn8,9,search_direct_flight,5,0.0,0.0,search_onestop_flight,1.0,1
kev-0.8b,9/t1/turn9,9,transfer_to_human_agents,5,0.0,0.0,cancel_reservation,1.0,1
kev-0.8b,9/t2/turn0,9,respond_to_user,5,0.0,0.0,cancel_reservation,1.0,1
kev-0.8b,9/t2/turn1,9,get_user_details,5,0.0,0.0,get_reservation_details,1.0,1
kev-0.8b,9/t2/turn2,9,get_reservation_details,5,0.0,0.0,cancel_reservation,1.0,1
kev-0.8b,9/t2/turn3,9,get_reservation_details,5,1.0,1.0,get_reservation_details,1.0,1
kev-0.8b,9/t2/turn4,9,get_reservation_details,5,1.0,1.0,get_reservation_details,1.0,1
kev-0.8b,9/t2/turn5,9,get_flight_status,5,0.0,0.0,get_reservation_details,1.0,1
kev-0.8b,9/t2/turn6,9,search_direct_flight,5,0.0,0.0,cancel_reservation,1.0,1
kev-0.8b,9/t2/turn7,9,transfer_to_human_agents,5,0.0,0.0,cancel_reservation,1.0,1
kev-0.8b,9/t2/turn8,9,respond_to_user,5,0.0,0.0,transfer_to_human_agents,1.0,1
kev-4b,0/t0/turn0,0,respond_to_user,5,0.0,0.0,cancel_reservation,1.0,1
kev-4b,0/t0/turn1,0,get_reservation_details,5,0.0,0.0,cancel_reservation,1.0,1
kev-4b,0/t0/turn2,0,respond_to_user,5,0.0,0.0,get_reservation_details,1.0,1
kev-4b,0/t0/turn3,0,transfer_to_human_agents,5,1.0,1.0,transfer_to_human_agents,1.0,1
kev-4b,0/t0/turn4,0,respond_to_user,5,0.0,0.0,transfer_to_human_agents,1.0,1
kev-4b,0/t1/turn0,0,respond_to_user,5,0.0,0.0,get_reservation_details,1.0,1
kev-4b,0/t1/turn1,0,get_user_details,5,0.0,0.0,get_reservation_details,1.0,1
kev-4b,0/t1/turn2,0,respond_to_user,5,0.0,0.0,get_reservation_details,1.0,1
kev-4b,0/t1/turn3,0,respond_to_user,5,1.0,1.0,respond_to_user,1.0,1
kev-4b,0/t2/turn0,0,respond_to_user,5,0.0,0.0,cancel_reservation,1.0,1
kev-4b,0/t2/turn1,0,get_user_details,5,0.0,0.0,cancel_reservation,1.0,1
kev-4b,0/t2/turn2,0,get_reservation_details,5,0.0,0.0,get_user_details,1.0,1
kev-4b,0/t2/turn3,0,get_flight_status,5,0.0,0.0,get_reservation_details,1.0,1
kev-4b,0/t2/turn4,0,respond_to_user,5,0.0,0.0,cancel_reservation,1.0,1
kev-4b,0/t2/turn5,0,respond_to_user,5,1.0,1.0,respond_to_user,1.0,1
kev-4b,1/t0/turn0,1,respond_to_user,5,1.0,1.0,respond_to_user,1.0,1
kev-4b,1/t0/turn1,1,get_user_details,5,1.0,1.0,get_user_details,1.0,1
kev-4b,1/t0/turn10,1,respond_to_user,5,0.0,0.0,cancel_reservation,1.0,1
kev-4b,1/t0/turn11,1,transfer_to_human_agents,5,1.0,1.0,transfer_to_human_agents,1.0,1
kev-4b,1/t0/turn12,1,respond_to_user,5,0.0,0.0,transfer_to_human_agents,1.0,1
kev-4b,1/t0/turn2,1,get_reservation_details,5,0.0,1.0,get_user_details,1.0,1
kev-4b,1/t0/turn3,1,get_reservation_details,5,1.0,1.0,get_reservation_details,1.0,1
kev-4b,1/t0/turn4,1,get_reservation_details,5,1.0,1.0,get_reservation_details,1.0,1
kev-4b,1/t0/turn5,1,get_reservation_details,5,1.0,1.0,get_reservation_details,1.0,1
kev-4b,1/t0/turn6,1,get_reservation_details,5,1.0,1.0,get_reservation_details,1.0,1
kev-4b,1/t0/turn7,1,get_flight_status,5,0.0,1.0,get_reservation_details,1.0,1
kev-4b,1/t0/turn8,1,get_flight_status,5,0.0,0.0,cancel_reservation,1.0,1
kev-4b,1/t0/turn9,1,get_flight_status,5,0.0,0.0,cancel_reservation,1.0,1
kev-4b,1/t1/turn0,1,respond_to_user,5,1.0,1.0,respond_to_user,1.0,1
kev-4b,1/t1/turn1,1,get_user_details,5,1.0,1.0,get_user_details,1.0,1
kev-4b,1/t1/turn10,1,get_flight_status,5,0.0,0.0,respond_to_user,1.0,1
kev-4b,1/t1/turn11,1,respond_to_user,5,0.0,0.0,transfer_to_human_agents,1.0,1
kev-4b,1/t1/turn2,1,get_reservation_details,5,0.0,1.0,get_user_details,1.0,1
kev-4b,1/t1/turn3,1,get_reservation_details,5,1.0,1.0,get_reservation_details,1.0,1
kev-4b,1/t1/turn4,1,get_reservation_details,5,1.0,1.0,get_reservation_details,1.0,1
kev-4b,1/t1/turn5,1,get_reservation_details,5,1.0,1.0,get_reservation_details,1.0,1
kev-4b,1/t1/turn6,1,get_reservation_details,5,1.0,1.0,get_reservation_details,1.0,1
kev-4b,1/t1/turn7,1,respond_to_user,5,0.0,1.0,get_reservation_details,1.0,1
kev-4b,1/t1/turn8,1,get_flight_status,5,0.0,0.0,respond_to_user,1.0,1
kev-4b,1/t1/turn9,1,get_flight_status,5,0.0,0.0,respond_to_user,1.0,1
kev-4b,1/t2/turn0,1,respond_to_user,5,0.0,0.0,cancel_reservation,1.0,1
kev-4b,1/t2/turn1,1,get_user_details,5,1.0,1.0,get_user_details,1.0,1
kev-4b,1/t2/turn2,1,get_reservation_details,5,0.0,1.0,get_user_details,1.0,1
kev-4b,1/t2/turn3,1,get_reservation_details,5,1.0,1.0,get_reservation_details,1.0,1
kev-4b,1/t2/turn4,1,get_reservation_details,5,1.0,1.0,get_reservation_details,1.0,1
kev-4b,1/t2/turn5,1,get_reservation_details,5,1.0,1.0,get_reservation_details,1.0,1
kev-4b,1/t2/turn6,1,get_reservation_details,5,1.0,1.0,get_reservation_details,1.0,1
kev-4b,1/t2/turn7,1,respond_to_user,5,0.0,1.0,get_reservation_details,1.0,1
kev-4b,10/t0/turn0,10,respond_to_user,5,0.0,0.0,update_reservation_flights,1.0,1
kev-4b,10/t0/turn1,10,get_user_details,5,1.0,1.0,get_user_details,1.0,1
kev-4b,10/t0/turn10,10,respond_to_user,5,1.0,1.0,respond_to_user,1.0,1
kev-4b,10/t0/turn11,10,respond_to_user,5,1.0,1.0,respond_to_user,1.0,1
kev-4b,10/t0/turn2,10,get_reservation_details,5,0.0,0.0,get_user_details,1.0,1
kev-4b,10/t0/turn3,10,search_onestop_flight,5,0.0,0.0,update_reservation_flights,1.0,1
kev-4b,10/t0/turn4,10,search_direct_flight,5,0.0,0.0,search_onestop_flight,1.0,1
kev-4b,10/t0/turn5,10,search_direct_flight,5,0.0,0.0,search_onestop_flight,1.0,1
kev-4b,10/t0/turn6,10,search_direct_flight,5,0.0,0.0,update_reservation_flights,1.0,1
kev-4b,10/t0/turn7,10,respond_to_user,5,0.0,0.0,update_reservation_flights,1.0,1
kev-4b,10/t0/turn8,10,respond_to_user,5,1.0,1.0,respond_to_user,1.0,1
kev-4b,10/t0/turn9,10,respond_to_user,5,1.0,1.0,respond_to_user,1.0,1
kev-4b,10/t1/turn0,10,respond_to_user,5,0.0,0.0,update_reservation_flights,1.0,1
kev-4b,10/t1/turn1,10,get_user_details,5,1.0,1.0,get_user_details,1.0,1
kev-4b,10/t1/turn10,10,respond_to_user,5,1.0,1.0,respond_to_user,1.0,1
kev-4b,10/t1/turn2,10,get_reservation_details,5,0.0,0.0,get_user_details,1.0,1
kev-4b,10/t1/turn3,10,respond_to_user,5,0.0,0.0,update_reservation_flights,1.0,1
kev-4b,10/t1/turn4,10,search_direct_flight,5,0.0,0.0,respond_to_user,1.0,1
kev-4b,10/t1/turn5,10,search_onestop_flight,5,0.0,0.0,search_direct_flight,1.0,1
kev-4b,10/t1/turn6,10,search_direct_flight,5,0.0,0.0,search_onestop_flight,1.0,1
kev-4b,10/t1/turn7,10,search_direct_flight,5,0.0,0.0,search_onestop_flight,1.0,1
kev-4b,10/t1/turn8,10,respond_to_user,5,0.0,0.0,search_onestop_flight,1.0,1
kev-4b,10/t1/turn9,10,respond_to_user,5,0.0,0.0,search_onestop_flight,1.0,1
kev-4b,10/t2/turn0,10,respond_to_user,5,0.0,0.0,update_reservation_flights,1.0,1
kev-4b,10/t2/turn1,10,get_user_details,5,1.0,1.0,get_user_details,1.0,1
kev-4b,10/t2/turn2,10,get_reservation_details,5,0.0,0.0,get_user_details,1.0,1
kev-4b,10/t2/turn3,10,search_direct_flight,5,0.0,0.0,update_reservation_flights,1.0,1
kev-4b,10/t2/turn4,10,search_onestop_flight,5,0.0,0.0,search_direct_flight,1.0,1
kev-4b,10/t2/turn5,10,search_direct_flight,5,0.0,0.0,search_onestop_flight,1.0,1
kev-4b,10/t2/turn6,10,search_direct_flight,5,0.0,0.0,update_reservation_flights,1.0,1
kev-4b,10/t2/turn7,10,respond_to_user,5,0.0,0.0,update_reservation_flights,1.0,1
kev-4b,10/t2/turn8,10,respond_to_user,5,1.0,1.0,respond_to_user,1.0,1
kev-4b,10/t2/turn9,10,respond_to_user,5,1.0,1.0,respond_to_user,1.0,1
kev-4b,11/t0/turn0,11,respond_to_user,5,0.0,0.0,update_reservation_passengers,1.0,1
kev-4b,11/t0/turn1,11,get_user_details,5,1.0,1.0,get_user_details,1.0,1
kev-4b,11/t0/turn2,11,get_reservation_details,5,0.0,0.0,get_user_details,1.0,1
kev-4b,11/t0/turn3,11,get_reservation_details,5,0.0,0.0,get_user_details,1.0,1
kev-4b,11/t0/turn4,11,get_reservation_details,5,0.0,0.0,get_user_details,1.0,1
kev-4b,11/t0/turn5,11,search_direct_flight,5,0.0,0.0,get_user_details,1.0,1
kev-4b,11/t0/turn6,11,respond_to_user,5,1.0,1.0,respond_to_user,1.0,1
kev-4b,11/t0/turn7,11,update_reservation_flights,5,0.0,0.0,respond_to_user,1.0,1
kev-4b,11/t0/turn8,11,respond_to_user,5,0.0,0.0,update_reservation_flights,1.0,1
kev-4b,11/t1/turn0,11,respond_to_user,5,0.0,0.0,update_reservation_passengers,1.0,1
kev-4b,11/t1/turn1,11,get_user_details,5,1.0,1.0,get_user_details,1.0,1
kev-4b,11/t1/turn2,11,get_reservation_details,5,0.0,0.0,get_user_details,1.0,1
kev-4b,11/t1/turn3,11,get_reservation_details,5,0.0,0.0,get_user_details,1.0,1
kev-4b,11/t1/turn4,11,get_reservation_details,5,0.0,0.0,get_user_details,1.0,1
kev-4b,11/t1/turn5,11,search_direct_flight,5,0.0,0.0,get_user_details,1.0,1
kev-4b,11/t1/turn6,11,search_direct_flight,5,0.0,0.0,get_user_details,1.0,1
kev-4b,11/t1/turn7,11,respond_to_user,5,0.0,0.0,get_user_details,1.0,1
kev-4b,11/t1/turn8,11,update_reservation_flights,5,1.0,1.0,update_reservation_flights,1.0,1
kev-4b,11/t1/turn9,11,respond_to_user,5,0.0,0.0,update_reservation_flights,1.0,1
kev-4b,11/t2/turn0,11,respond_to_user,5,0.0,0.0,update_reservation_passengers,1.0,1
kev-4b,11/t2/turn1,11,respond_to_user,5,0.0,0.0,get_user_details,1.0,1
kev-4b,11/t2/turn10,11,respond_to_user,5,1.0,1.0,respond_to_user,1.0,1
kev-4b,11/t2/turn11,11,update_reservation_flights,5,0.0,0.0,respond_to_user,1.0,1
kev-4b,11/t2/turn12,11,respond_to_user,5,0.0,0.0,update_reservation_flights,1.0,1
kev-4b,11/t2/turn2,11,get_user_details,5,1.0,1.0,get_user_details,1.0,1
kev-4b,11/t2/turn3,11,get_reservation_details,5,0.0,0.0,get_user_details,1.0,1
kev-4b,11/t2/turn4,11,get_reservation_details,5,0.0,0.0,get_user_details,1.0,1
kev-4b,11/t2/turn5,11,get_reservation_details,5,0.0,0.0,get_user_details,1.0,1
kev-4b,11/t2/turn6,11,get_flight_status,5,0.0,0.0,get_user_details,1.0,1
kev-4b,11/t2/turn7,11,get_flight_status,5,0.0,0.0,respond_to_user,1.0,1
kev-4b,11/t2/turn8,11,search_direct_flight,5,0.0,0.0,respond_to_user,1.0,1
kev-4b,11/t2/turn9,11,search_direct_flight,5,0.0,0.0,respond_to_user,1.0,1
kev-4b,12/t0/turn0,12,respond_to_user,5,0.0,0.0,update_reservation_flights,1.0,1
kev-4b,12/t0/turn1,12,get_reservation_details,5,0.0,0.0,get_user_details,1.0,1
kev-4b,12/t0/turn2,12,search_direct_flight,5,0.0,1.0,get_reservation_details,1.0,1
kev-4b,12/t0/turn3,12,search_direct_flight,5,0.0,0.0,update_reservation_flights,1.0,1
kev-4b,12/t0/turn4,12,get_user_details,5,0.0,0.0,update_reservation_flights,1.0,1
kev-4b,12/t0/turn5,12,respond_to_user,5,0.0,0.0,get_user_details,1.0,1
kev-4b,12/t0/turn6,12,update_reservation_baggages,5,0.0,0.0,respond_to_user,1.0,1
kev-4b,12/t0/turn7,12,respond_to_user,5,0.0,0.0,update_reservation_baggages,1.0,1
kev-4b,12/t1/turn0,12,respond_to_user,5,0.0,1.0,get_reservation_details,1.0,1
kev-4b,12/t1/turn1,12,get_reservation_details,5,0.0,0.0,respond_to_user,1.0,1
kev-4b,12/t1/turn2,12,search_direct_flight,5,0.0,1.0,get_reservation_details,1.0,1
kev-4b,12/t1/turn3,12,search_direct_flight,5,0.0,1.0,get_reservation_details,1.0,1
kev-4b,12/t1/turn4,12,get_user_details,5,0.0,1.0,get_reservation_details,1.0,1
kev-4b,12/t1/turn5,12,respond_to_user,5,0.0,0.0,get_user_details,1.0,1
kev-4b,12/t1/turn6,12,respond_to_user,5,1.0,1.0,respond_to_user,1.0,1
kev-4b,12/t1/turn7,12,update_reservation_baggages,5,1.0,1.0,update_reservation_baggages,1.0,1
kev-4b,12/t1/turn8,12,respond_to_user,5,0.0,0.0,update_reservation_baggages,1.0,1
kev-4b,12/t2/turn0,12,respond_to_user,5,0.0,0.0,update_reservation_flights,1.0,1
kev-4b,12/t2/turn1,12,get_user_details,5,1.0,1.0,get_user_details,1.0,1
kev-4b,12/t2/turn2,12,search_direct_flight,5,0.0,0.0,update_reservation_flights,1.0,1
kev-4b,12/t2/turn3,12,search_direct_flight,5,0.0,0.0,update_reservation_flights,1.0,1
kev-4b,12/t2/turn4,12,respond_to_user,5,0.0,0.0,update_reservation_flights,1.0,1
kev-4b,12/t2/turn5,12,update_reservation_baggages,5,0.0,0.0,respond_to_user,1.0,1
kev-4b,12/t2/turn6,12,respond_to_user,5,0.0,0.0,update_reservation_baggages,1.0,1
kev-4b,13/t0/turn0,13,respond_to_user,5,0.0,0.0,update_reservation_flights,1.0,1
kev-4b,13/t0/turn1,13,transfer_to_human_agents,5,1.0,1.0,transfer_to_human_agents,1.0,1
kev-4b,13/t0/turn2,13,respond_to_user,5,0.0,0.0,transfer_to_human_agents,1.0,1
kev-4b,13/t1/turn0,13,respond_to_user,5,0.0,0.0,update_reservation_flights,1.0,1
kev-4b,13/t1/turn1,13,transfer_to_human_agents,5,1.0,1.0,transfer_to_human_agents,1.0,1
kev-4b,13/t1/turn2,13,respond_to_user,5,0.0,0.0,transfer_to_human_agents,1.0,1
kev-4b,13/t2/turn0,13,respond_to_user,5,0.0,0.0,update_reservation_flights,1.0,1
kev-4b,13/t2/turn1,13,get_user_details,5,0.0,0.0,update_reservation_flights,1.0,1
kev-4b,13/t2/turn2,13,transfer_to_human_agents,5,0.0,0.0,update_reservation_flights,1.0,1
kev-4b,13/t2/turn3,13,respond_to_user,5,0.0,0.0,transfer_to_human_agents,1.0,1
kev-4b,14/t1/turn0,14,respond_to_user,5,0.0,0.0,get_user_details,1.0,1
kev-4b,14/t1/turn1,14,get_user_details,5,1.0,1.0,get_user_details,1.0,1
kev-4b,14/t1/turn10,14,respond_to_user,5,0.0,0.0,cancel_reservation,1.0,1
kev-4b,14/t1/turn2,14,respond_to_user,5,0.0,0.0,get_user_details,1.0,1
kev-4b,14/t1/turn3,14,get_reservation_details,5,1.0,1.0,get_reservation_details,1.0,1
kev-4b,14/t1/turn4,14,search_direct_flight,5,0.0,0.0,get_reservation_details,1.0,1
kev-4b,14/t1/turn5,14,search_onestop_flight,5,0.0,0.0,search_direct_flight,1.0,1
kev-4b,14/t1/turn6,14,search_direct_flight,5,0.0,0.0,search_onestop_flight,1.0,1
kev-4b,14/t1/turn7,14,search_onestop_flight,5,1.0,1.0,search_onestop_flight,1.0,1
kev-4b,14/t1/turn8,14,respond_to_user,5,0.0,0.0,search_onestop_flight,1.0,1
kev-4b,14/t1/turn9,14,respond_to_user,5,0.0,0.0,cancel_reservation,1.0,1
kev-4b,14/t2/turn0,14,respond_to_user,5,0.0,0.0,get_user_details,1.0,1
kev-4b,14/t2/turn1,14,get_user_details,5,1.0,1.0,get_user_details,1.0,1
kev-4b,14/t2/turn10,14,cancel_reservation,5,1.0,1.0,cancel_reservation,1.0,1
kev-4b,14/t2/turn2,14,respond_to_user,5,0.0,0.0,get_user_details,1.0,1
kev-4b,14/t2/turn3,14,get_reservation_details,5,1.0,1.0,get_reservation_details,1.0,1
kev-4b,14/t2/turn4,14,search_direct_flight,5,0.0,0.0,get_reservation_details,1.0,1
kev-4b,14/t2/turn5,14,search_onestop_flight,5,0.0,0.0,search_direct_flight,1.0,1
kev-4b,14/t2/turn6,14,search_direct_flight,5,0.0,0.0,search_onestop_flight,1.0,1
kev-4b,14/t2/turn7,14,search_onestop_flight,5,1.0,1.0,search_onestop_flight,1.0,1
kev-4b,14/t2/turn8,14,respond_to_user,5,0.0,0.0,search_onestop_flight,1.0,1
kev-4b,14/t2/turn9,14,respond_to_user,5,0.0,0.0,cancel_reservation,1.0,1
kev-4b,15/t0/turn0,15,respond_to_user,5,0.0,0.0,get_user_details,1.0,1
kev-4b,15/t0/turn1,15,get_user_details,5,1.0,1.0,get_user_details,1.0,1
kev-4b,15/t0/turn2,15,get_reservation_details,5,0.0,0.0,get_user_details,1.0,1
kev-4b,15/t0/turn3,15,search_direct_flight,5,0.0,0.0,get_user_details,1.0,1
kev-4b,15/t0/turn4,15,search_onestop_flight,5,0.0,0.0,search_direct_flight,1.0,1
kev-4b,15/t0/turn5,15,respond_to_user,5,0.0,0.0,search_onestop_flight,1.0,1
kev-4b,15/t0/turn6,15,update_reservation_flights,5,1.0,1.0,update_reservation_flights,1.0,1
kev-4b,15/t0/turn7,15,respond_to_user,5,0.0,0.0,update_reservation_flights,1.0,1
kev-4b,15/t1/turn0,15,respond_to_user,5,0.0,0.0,get_user_details,1.0,1
kev-4b,15/t1/turn1,15,get_user_details,5,1.0,1.0,get_user_details,1.0,1
kev-4b,15/t1/turn2,15,get_reservation_details,5,0.0,0.0,get_user_details,1.0,1
kev-4b,15/t1/turn3,15,get_reservation_details,5,0.0,0.0,get_user_details,1.0,1
kev-4b,15/t1/turn4,15,search_direct_flight,5,0.0,0.0,get_user_details,1.0,1
kev-4b,15/t1/turn5,15,search_onestop_flight,5,0.0,0.0,search_direct_flight,1.0,1
kev-4b,15/t1/turn6,15,search_direct_flight,5,0.0,0.0,search_onestop_flight,1.0,1
kev-4b,15/t1/turn7,15,search_onestop_flight,5,1.0,1.0,search_onestop_flight,1.0,1
kev-4b,15/t2/turn0,15,respond_to_user,5,1.0,1.0,respond_to_user,1.0,1
kev-4b,15/t2/turn1,15,get_user_details,5,1.0,1.0,get_user_details,1.0,1
kev-4b,15/t2/turn2,15,get_reservation_details,5,0.0,0.0,get_user_details,1.0,1
kev-4b,15/t2/turn3,15,search_direct_flight,5,0.0,0.0,get_reservation_details,1.0,1
kev-4b,15/t2/turn4,15,search_onestop_flight,5,0.0,0.0,get_user_details,1.0,1
kev-4b,15/t2/turn5,15,respond_to_user,5,0.0,0.0,search_onestop_flight,1.0,1
kev-4b,15/t2/turn6,15,update_reservation_flights,5,1.0,1.0,update_reservation_flights,1.0,1
kev-4b,15/t2/turn7,15,respond_to_user,5,0.0,0.0,update_reservation_flights,1.0,1
kev-4b,16/t0/turn0,16,respond_to_user,5,0.0,0.0,get_user_details,1.0,1
kev-4b,16/t0/turn1,16,get_user_details,5,1.0,1.0,get_user_details,1.0,1
kev-4b,16/t0/turn2,16,get_reservation_details,5,0.0,0.0,get_user_details,1.0,1
kev-4b,16/t0/turn3,16,search_direct_flight,5,0.0,0.0,update_reservation_flights,1.0,1
kev-4b,16/t0/turn4,16,search_onestop_flight,5,0.0,0.0,search_direct_flight,1.0,1
kev-4b,16/t0/turn5,16,respond_to_user,5,0.0,0.0,search_onestop_flight,1.0,1
kev-4b,16/t0/turn6,16,respond_to_user,5,0.0,0.0,update_reservation_flights,1.0,1
kev-4b,16/t0/turn7,16,update_reservation_flights,5,1.0,1.0,update_reservation_flights,1.0,1
kev-4b,16/t0/turn8,16,respond_to_user,5,0.0,0.0,update_reservation_flights,1.0,1
kev-4b,16/t1/turn0,16,respond_to_user,5,0.0,0.0,get_user_details,1.0,1
kev-4b,16/t1/turn1,16,get_user_details,5,1.0,1.0,get_user_details,1.0,1
kev-4b,16/t1/turn2,16,get_reservation_details,5,0.0,0.0,get_user_details,1.0,1
kev-4b,16/t1/turn3,16,search_direct_flight,5,0.0,0.0,update_reservation_flights,1.0,1
kev-4b,16/t1/turn4,16,search_onestop_flight,5,0.0,0.0,search_direct_flight,1.0,1
kev-4b,16/t1/turn5,16,respond_to_user,5,0.0,0.0,search_onestop_flight,1.0,1
kev-4b,16/t1/turn6,16,respond_to_user,5,1.0,1.0,respond_to_user,1.0,1
kev-4b,16/t1/turn7,16,update_reservation_flights,5,1.0,1.0,update_reservation_flights,1.0,1
kev-4b,16/t1/turn8,16,respond_to_user,5,0.0,0.0,update_reservation_flights,1.0,1
kev-4b,16/t2/turn0,16,respond_to_user,5,0.0,0.0,get_user_details,1.0,1
kev-4b,16/t2/turn1,16,get_user_details,5,1.0,1.0,get_user_details,1.0,1
kev-4b,16/t2/turn2,16,get_reservation_details,5,0.0,0.0,get_user_details,1.0,1
kev-4b,16/t2/turn3,16,search_direct_flight,5,0.0,0.0,get_user_details,1.0,1
kev-4b,16/t2/turn4,16,search_onestop_flight,5,0.0,0.0,search_direct_flight,1.0,1
kev-4b,16/t2/turn5,16,respond_to_user,5,0.0,0.0,search_onestop_flight,1.0,1
kev-4b,16/t2/turn6,16,respond_to_user,5,1.0,1.0,respond_to_user,1.0,1
kev-4b,16/t2/turn7,16,update_reservation_flights,5,1.0,1.0,update_reservation_flights,1.0,1
kev-4b,16/t2/turn8,16,respond_to_user,5,0.0,0.0,update_reservation_flights,1.0,1
kev-4b,17/t0/turn0,17,respond_to_user,5,0.0,0.0,get_user_details,1.0,1
kev-4b,17/t0/turn1,17,get_user_details,5,1.0,1.0,get_user_details,1.0,1
kev-4b,17/t0/turn10,17,update_reservation_baggages,5,0.0,0.0,update_reservation_passengers,1.0,1
kev-4b,17/t0/turn2,17,get_reservation_details,5,0.0,0.0,get_user_details,1.0,1
kev-4b,17/t0/turn3,17,get_reservation_details,5,1.0,1.0,get_reservation_details,1.0,1
kev-4b,17/t0/turn4,17,get_reservation_details,5,1.0,1.0,get_reservation_details,1.0,1
kev-4b,17/t0/turn5,17,search_onestop_flight,5,0.0,0.0,get_user_details,1.0,1
kev-4b,17/t0/turn6,17,respond_to_user,5,0.0,0.0,get_user_details,1.0,1
kev-4b,17/t0/turn7,17,respond_to_user,5,1.0,1.0,respond_to_user,1.0,1
kev-4b,17/t0/turn8,17,update_reservation_flights,5,0.0,0.0,update_reservation_passengers,1.0,1
kev-4b,17/t0/turn9,17,update_reservation_passengers,5,0.0,0.0,update_reservation_flights,1.0,1
kev-4b,17/t1/turn0,17,respond_to_user,5,0.0,0.0,get_user_details,1.0,1
kev-4b,17/t1/turn1,17,get_user_details,5,1.0,1.0,get_user_details,1.0,1
kev-4b,17/t1/turn10,17,update_reservation_passengers,5,0.0,0.0,update_reservation_flights,1.0,1
kev-4b,17/t1/turn11,17,update_reservation_baggages,5,0.0,0.0,update_reservation_passengers,1.0,1
kev-4b,17/t1/turn12,17,respond_to_user,5,0.0,0.0,update_reservation_passengers,1.0,1
kev-4b,17/t1/turn2,17,get_reservation_details,5,0.0,0.0,get_user_details,1.0,1
kev-4b,17/t1/turn3,17,get_reservation_details,5,0.0,0.0,update_reservation_passengers,1.0,1
kev-4b,17/t1/turn4,17,get_reservation_details,5,0.0,0.0,update_reservation_passengers,1.0,1
kev-4b,17/t1/turn5,17,get_reservation_details,5,0.0,0.0,update_reservation_passengers,1.0,1
kev-4b,17/t1/turn6,17,search_direct_flight,5,0.0,0.0,update_reservation_passengers,1.0,1
kev-4b,17/t1/turn7,17,search_direct_flight,5,0.0,0.0,update_reservation_passengers,1.0,1
kev-4b,17/t1/turn8,17,respond_to_user,5,0.0,0.0,get_user_details,1.0,1
kev-4b,17/t1/turn9,17,update_reservation_flights,5,1.0,1.0,update_reservation_flights,1.0,1
kev-4b,17/t2/turn0,17,respond_to_user,5,0.0,0.0,get_user_details,1.0,1
kev-4b,17/t2/turn1,17,get_user_details,5,1.0,1.0,get_user_details,1.0,1
kev-4b,17/t2/turn10,17,update_reservation_passengers,5,1.0,1.0,update_reservation_passengers,1.0,1
kev-4b,17/t2/turn11,17,update_reservation_flights,5,0.0,0.0,update_reservation_passengers,1.0,1
kev-4b,17/t2/turn12,17,update_reservation_baggages,5,0.0,0.0,update_reservation_flights,1.0,1
kev-4b,17/t2/turn13,17,respond_to_user,5,0.0,0.0,update_reservation_passengers,1.0,1
kev-4b,17/t2/turn2,17,get_reservation_details,5,0.0,0.0,get_user_details,1.0,1
kev-4b,17/t2/turn3,17,get_reservation_details,5,0.0,0.0,update_reservation_passengers,1.0,1
kev-4b,17/t2/turn4,17,get_reservation_details,5,0.0,0.0,update_reservation_passengers,1.0,1
kev-4b,17/t2/turn5,17,get_reservation_details,5,0.0,0.0,get_user_details,1.0,1
kev-4b,17/t2/turn6,17,search_direct_flight,5,0.0,0.0,get_user_details,1.0,1
kev-4b,17/t2/turn7,17,search_direct_flight,5,0.0,0.0,update_reservation_passengers,1.0,1
kev-4b,17/t2/turn8,17,respond_to_user,5,0.0,0.0,get_user_details,1.0,1
kev-4b,17/t2/turn9,17,respond_to_user,5,1.0,1.0,respond_to_user,1.0,1
kev-4b,19/t0/turn0,19,respond_to_user,5,0.0,0.0,get_user_details,1.0,1
kev-4b,19/t0/turn1,19,get_user_details,5,1.0,1.0,get_user_details,1.0,1
kev-4b,19/t0/turn2,19,get_reservation_details,5,0.0,0.0,get_user_details,1.0,1
kev-4b,19/t0/turn3,19,get_reservation_details,5,0.0,0.0,get_user_details,1.0,1
kev-4b,19/t0/turn4,19,get_reservation_details,5,0.0,0.0,get_user_details,1.0,1
kev-4b,19/t0/turn5,19,respond_to_user,5,0.0,0.0,get_user_details,1.0,1
kev-4b,19/t0/turn6,19,respond_to_user,5,0.0,0.0,cancel_reservation,1.0,1
kev-4b,19/t0/turn7,19,cancel_reservation,5,1.0,1.0,cancel_reservation,1.0,1
kev-4b,19/t0/turn8,19,respond_to_user,5,0.0,0.0,cancel_reservation,1.0,1
kev-4b,19/t1/turn0,19,respond_to_user,5,0.0,0.0,get_user_details,1.0,1
kev-4b,19/t1/turn1,19,get_user_details,5,1.0,1.0,get_user_details,1.0,1
kev-4b,19/t1/turn2,19,get_reservation_details,5,0.0,0.0,get_user_details,1.0,1
kev-4b,19/t1/turn3,19,respond_to_user,5,0.0,0.0,get_user_details,1.0,1
kev-4b,19/t1/turn4,19,respond_to_user,5,0.0,0.0,cancel_reservation,1.0,1
kev-4b,19/t1/turn5,19,cancel_reservation,5,1.0,1.0,cancel_reservation,1.0,1
kev-4b,19/t1/turn6,19,respond_to_user,5,0.0,0.0,cancel_reservation,1.0,1
kev-4b,19/t2/turn0,19,respond_to_user,5,0.0,0.0,get_user_details,1.0,1
kev-4b,19/t2/turn1,19,get_user_details,5,1.0,1.0,get_user_details,1.0,1
kev-4b,19/t2/turn2,19,get_reservation_details,5,0.0,0.0,get_user_details,1.0,1
kev-4b,19/t2/turn3,19,respond_to_user,5,0.0,0.0,get_user_details,1.0,1
kev-4b,19/t2/turn4,19,respond_to_user,5,0.0,0.0,cancel_reservation,1.0,1
kev-4b,19/t2/turn5,19,cancel_reservation,5,1.0,1.0,cancel_reservation,1.0,1
kev-4b,19/t2/turn6,19,respond_to_user,5,1.0,1.0,respond_to_user,1.0,1
kev-4b,2/t0/turn0,2,respond_to_user,5,1.0,1.0,respond_to_user,1.0,1
kev-4b,2/t0/turn1,2,get_user_details,5,1.0,1.0,get_user_details,1.0,1
kev-4b,2/t0/turn10,2,transfer_to_human_agents,5,1.0,1.0,transfer_to_human_agents,1.0,1
kev-4b,2/t0/turn11,2,respond_to_user,5,0.0,0.0,transfer_to_human_agents,1.0,1
kev-4b,2/t0/turn2,2,get_reservation_details,5,0.0,1.0,get_user_details,1.0,1
kev-4b,2/t0/turn3,2,get_reservation_details,5,0.0,0.0,respond_to_user,1.0,1
kev-4b,2/t0/turn4,2,respond_to_user,5,1.0,1.0,respond_to_user,1.0,1
kev-4b,2/t0/turn5,2,get_flight_status,5,1.0,1.0,get_flight_status,1.0,1
kev-4b,2/t0/turn6,2,get_flight_status,5,1.0,1.0,get_flight_status,1.0,1
kev-4b,2/t0/turn7,2,get_flight_status,5,1.0,1.0,get_flight_status,1.0,1
kev-4b,2/t0/turn8,2,get_flight_status,5,1.0,1.0,get_flight_status,1.0,1
kev-4b,2/t0/turn9,2,respond_to_user,5,0.0,0.0,get_flight_status,1.0,1
kev-4b,2/t2/turn0,2,respond_to_user,5,1.0,1.0,respond_to_user,1.0,1
kev-4b,2/t2/turn1,2,get_user_details,5,1.0,1.0,get_user_details,1.0,1
kev-4b,2/t2/turn10,2,transfer_to_human_agents,5,0.0,0.0,respond_to_user,1.0,1
kev-4b,2/t2/turn11,2,respond_to_user,5,0.0,0.0,transfer_to_human_agents,1.0,1
kev-4b,2/t2/turn2,2,get_reservation_details,5,0.0,1.0,get_user_details,1.0,1
kev-4b,2/t2/turn3,2,get_reservation_details,5,0.0,1.0,get_user_details,1.0,1
kev-4b,2/t2/turn4,2,respond_to_user,5,0.0,1.0,get_user_details,1.0,1
kev-4b,2/t2/turn5,2,get_flight_status,5,0.0,0.0,respond_to_user,1.0,1
kev-4b,2/t2/turn6,2,get_flight_status,5,0.0,0.0,transfer_to_human_agents,1.0,1
kev-4b,2/t2/turn7,2,get_flight_status,5,0.0,0.0,respond_to_user,1.0,1
kev-4b,2/t2/turn8,2,get_flight_status,5,0.0,0.0,respond_to_user,1.0,1
kev-4b,2/t2/turn9,2,respond_to_user,5,1.0,1.0,respond_to_user,1.0,1
kev-4b,20/t2/turn0,20,respond_to_user,5,1.0,1.0,respond_to_user,1.0,1
kev-4b,20/t2/turn1,20,get_user_details,5,0.0,0.0,respond_to_user,1.0,1
kev-4b,20/t2/turn2,20,respond_to_user,5,0.0,0.0,get_user_details,1.0,1
kev-4b,20/t2/turn3,20,list_all_airports,5,0.0,0.0,search_direct_flight,1.0,1
kev-4b,20/t2/turn4,20,search_direct_flight,5,1.0,1.0,search_direct_flight,1.0,1
kev-4b,20/t2/turn5,20,respond_to_user,5,0.0,0.0,search_direct_flight,1.0,1
kev-4b,20/t2/turn6,20,search_onestop_flight,5,1.0,1.0,search_onestop_flight,1.0,1
kev-4b,21/t1/turn0,21,respond_to_user,5,0.0,0.0,get_reservation_details,1.0,1
kev-4b,21/t1/turn1,21,get_user_details,5,0.0,0.0,get_reservation_details,1.0,1
kev-4b,21/t1/turn10,21,get_flight_status,5,0.0,0.0,update_reservation_flights,1.0,1
kev-4b,21/t1/turn11,21,search_direct_flight,5,0.0,0.0,update_reservation_flights,1.0,1
kev-4b,21/t1/turn12,21,search_direct_flight,5,0.0,0.0,update_reservation_flights,1.0,1
kev-4b,21/t1/turn13,21,respond_to_user,5,0.0,0.0,update_reservation_flights,1.0,1
kev-4b,21/t1/turn14,21,update_reservation_flights,5,1.0,1.0,update_reservation_flights,1.0,1
kev-4b,21/t1/turn15,21,respond_to_user,5,0.0,0.0,update_reservation_flights,1.0,1
kev-4b,21/t1/turn16,21,respond_to_user,5,0.0,0.0,update_reservation_baggages,1.0,1
kev-4b,21/t1/turn17,21,update_reservation_baggages,5,1.0,1.0,update_reservation_baggages,1.0,1
kev-4b,21/t1/turn2,21,get_reservation_details,5,0.0,0.0,get_user_details,1.0,1
kev-4b,21/t1/turn3,21,get_reservation_details,5,0.0,0.0,respond_to_user,1.0,1
kev-4b,21/t1/turn4,21,get_reservation_details,5,0.0,0.0,update_reservation_flights,1.0,1
kev-4b,21/t1/turn5,21,get_reservation_details,5,0.0,0.0,update_reservation_flights,1.0,1
kev-4b,21/t1/turn6,21,get_reservation_details,5,0.0,0.0,update_reservation_flights,1.0,1
kev-4b,21/t1/turn7,21,respond_to_user,5,0.0,0.0,update_reservation_flights,1.0,1
kev-4b,21/t1/turn8,21,search_direct_flight,5,0.0,0.0,update_reservation_flights,1.0,1
kev-4b,21/t1/turn9,21,search_onestop_flight,5,0.0,0.0,update_reservation_flights,1.0,1
kev-4b,21/t2/turn0,21,respond_to_user,5,0.0,0.0,get_reservation_details,1.0,1
kev-4b,21/t2/turn1,21,get_user_details,5,1.0,1.0,get_user_details,1.0,1
kev-4b,21/t2/turn10,21,respond_to_user,5,0.0,0.0,search_onestop_flight,1.0,1
kev-4b,21/t2/turn11,21,update_reservation_flights,5,1.0,1.0,update_reservation_flights,1.0,1
kev-4b,21/t2/turn12,21,respond_to_user,5,1.0,1.0,respond_to_user,1.0,1
kev-4b,21/t2/turn13,21,update_reservation_flights,5,1.0,1.0,update_reservation_flights,1.0,1
kev-4b,21/t2/turn14,21,respond_to_user,5,1.0,1.0,respond_to_user,1.0,1
kev-4b,21/t2/turn15,21,respond_to_user,5,0.0,0.0,update_reservation_baggages,1.0,1
kev-4b,21/t2/turn16,21,update_reservation_baggages,5,1.0,1.0,update_reservation_baggages,1.0,1
kev-4b,21/t2/turn17,21,respond_to_user,5,1.0,1.0,respond_to_user,1.0,1
kev-4b,21/t2/turn2,21,get_reservation_details,5,0.0,0.0,get_user_details,1.0,1
kev-4b,21/t2/turn3,21,get_reservation_details,5,0.0,0.0,respond_to_user,1.0,1
kev-4b,21/t2/turn4,21,get_reservation_details,5,0.0,0.0,update_reservation_flights,1.0,1
kev-4b,21/t2/turn5,21,get_reservation_details,5,0.0,0.0,update_reservation_flights,1.0,1
kev-4b,21/t2/turn6,21,get_reservation_details,5,0.0,0.0,update_reservation_flights,1.0,1
kev-4b,21/t2/turn7,21,respond_to_user,5,0.0,0.0,update_reservation_flights,1.0,1
kev-4b,21/t2/turn8,21,search_direct_flight,5,0.0,0.0,update_reservation_flights,1.0,1
kev-4b,21/t2/turn9,21,search_onestop_flight,5,1.0,1.0,search_onestop_flight,1.0,1
kev-4b,22/t0/turn0,22,respond_to_user,5,0.0,0.0,get_reservation_details,1.0,1
kev-4b,22/t0/turn1,22,get_user_details,5,1.0,1.0,get_user_details,1.0,1
kev-4b,22/t0/turn10,22,update_reservation_baggages,5,0.0,0.0,update_reservation_passengers,1.0,1
kev-4b,22/t0/turn11,22,respond_to_user,5,0.0,0.0,update_reservation_passengers,1.0,1
kev-4b,22/t0/turn2,22,get_reservation_details,5,0.0,0.0,get_user_details,1.0,1
kev-4b,22/t0/turn3,22,get_reservation_details,5,1.0,1.0,get_reservation_details,1.0,1
kev-4b,22/t0/turn4,22,get_reservation_details,5,1.0,1.0,get_reservation_details,1.0,1
kev-4b,22/t0/turn5,22,search_direct_flight,5,0.0,0.0,get_reservation_details,1.0,1
kev-4b,22/t0/turn6,22,search_direct_flight,5,0.0,0.0,update_reservation_passengers,1.0,1
kev-4b,22/t0/turn7,22,respond_to_user,5,0.0,0.0,get_user_details,1.0,1
kev-4b,22/t0/turn8,22,update_reservation_flights,5,0.0,0.0,update_reservation_passengers,1.0,1
kev-4b,22/t0/turn9,22,update_reservation_passengers,5,0.0,0.0,update_reservation_flights,1.0,1
kev-4b,22/t1/turn0,22,respond_to_user,5,0.0,0.0,update_reservation_passengers,1.0,1
kev-4b,22/t1/turn1,22,get_user_details,5,1.0,1.0,get_user_details,1.0,1
kev-4b,22/t1/turn10,22,update_reservation_passengers,5,0.0,0.0,respond_to_user,1.0,1
kev-4b,22/t1/turn11,22,update_reservation_flights,5,0.0,0.0,update_reservation_passengers,1.0,1
kev-4b,22/t1/turn12,22,update_reservation_baggages,5,0.0,0.0,update_reservation_flights,1.0,1
kev-4b,22/t1/turn13,22,respond_to_user,5,0.0,0.0,update_reservation_passengers,1.0,1
kev-4b,22/t1/turn2,22,get_reservation_details,5,0.0,0.0,get_user_details,1.0,1
kev-4b,22/t1/turn3,22,get_reservation_details,5,0.0,0.0,update_reservation_passengers,1.0,1
kev-4b,22/t1/turn4,22,get_reservation_details,5,0.0,0.0,update_reservation_passengers,1.0,1
kev-4b,22/t1/turn5,22,get_reservation_details,5,0.0,0.0,update_reservation_passengers,1.0,1
kev-4b,22/t1/turn6,22,search_direct_flight,5,0.0,0.0,update_reservation_passengers,1.0,1
kev-4b,22/t1/turn7,22,search_direct_flight,5,0.0,0.0,update_reservation_passengers,1.0,1
kev-4b,22/t1/turn8,22,calculate,5,0.0,0.0,update_reservation_passengers,1.0,1
kev-4b,22/t1/turn9,22,respond_to_user,5,0.0,0.0,update_reservation_passengers,1.0,1
kev-4b,22/t2/turn0,22,respond_to_user,5,0.0,0.0,get_reservation_details,1.0,1
kev-4b,22/t2/turn1,22,get_user_details,5,1.0,1.0,get_user_details,1.0,1
kev-4b,22/t2/turn10,22,update_reservation_flights,5,0.0,0.0,update_reservation_passengers,1.0,1
kev-4b,22/t2/turn11,22,update_reservation_baggages,5,0.0,0.0,update_reservation_flights,1.0,1
kev-4b,22/t2/turn12,22,respond_to_user,5,0.0,0.0,update_reservation_passengers,1.0,1
kev-4b,22/t2/turn2,22,get_reservation_details,5,0.0,0.0,get_user_details,1.0,1
kev-4b,22/t2/turn3,22,get_reservation_details,5,0.0,0.0,update_reservation_passengers,1.0,1
kev-4b,22/t2/turn4,22,get_reservation_details,5,0.0,0.0,update_reservation_passengers,1.0,1
kev-4b,22/t2/turn5,22,search_direct_flight,5,0.0,0.0,update_reservation_passengers,1.0,1
kev-4b,22/t2/turn6,22,search_direct_flight,5,0.0,0.0,update_reservation_passengers,1.0,1
kev-4b,22/t2/turn7,22,respond_to_user,5,0.0,0.0,update_reservation_passengers,1.0,1
kev-4b,22/t2/turn8,22,respond_to_user,5,1.0,1.0,respond_to_user,1.0,1
kev-4b,22/t2/turn9,22,update_reservation_passengers,5,0.0,0.0,update_reservation_flights,1.0,1
kev-4b,23/t0/turn0,23,respond_to_user,5,0.0,0.0,get_user_details,1.0,1
kev-4b,23/t0/turn1,23,get_user_details,5,1.0,1.0,get_user_details,1.0,1
kev-4b,23/t0/turn2,23,get_reservation_details,5,0.0,0.0,get_user_details,1.0,1
kev-4b,23/t0/turn3,23,search_direct_flight,5,0.0,0.0,get_user_details,1.0,1
kev-4b,23/t0/turn4,23,search_onestop_flight,5,0.0,0.0,search_direct_flight,1.0,1
kev-4b,23/t0/turn5,23,search_direct_flight,5,0.0,0.0,search_onestop_flight,1.0,1
kev-4b,23/t0/turn6,23,search_onestop_flight,5,1.0,1.0,search_onestop_flight,1.0,1
kev-4b,23/t0/turn7,23,respond_to_user,5,0.0,0.0,get_user_details,1.0,1
kev-4b,23/t0/turn8,23,respond_to_user,5,1.0,1.0,respond_to_user,1.0,1
kev-4b,23/t0/turn9,23,respond_to_user,5,0.0,0.0,cancel_reservation,1.0,1
kev-4b,23/t1/turn0,23,respond_to_user,5,0.0,0.0,get_user_details,1.0,1
kev-4b,23/t1/turn1,23,get_user_details,5,1.0,1.0,get_user_details,1.0,1
kev-4b,23/t1/turn2,23,get_reservation_details,5,1.0,1.0,get_reservation_details,1.0,1
kev-4b,23/t1/turn3,23,search_direct_flight,5,0.0,0.0,respond_to_user,1.0,1
kev-4b,23/t1/turn4,23,search_onestop_flight,5,0.0,0.0,respond_to_user,1.0,1
kev-4b,23/t1/turn5,23,search_direct_flight,5,0.0,0.0,search_onestop_flight,1.0,1
kev-4b,23/t1/turn6,23,search_onestop_flight,5,0.0,0.0,respond_to_user,1.0,1
kev-4b,23/t1/turn7,23,respond_to_user,5,1.0,1.0,respond_to_user,1.0,1
kev-4b,23/t1/turn8,23,respond_to_user,5,0.0,0.0,cancel_reservation,1.0,1
kev-4b,23/t1/turn9,23,respond_to_user,5,1.0,1.0,respond_to_user,1.0,1
kev-4b,23/t2/turn0,23,respond_to_user,5,0.0,0.0,get_user_details,1.0,1
kev-4b,23/t2/turn1,23,get_user_details,5,1.0,1.0,get_user_details,1.0,1
kev-4b,23/t2/turn2,23,get_reservation_details,5,0.0,0.0,get_user_details,1.0,1
kev-4b,23/t2/turn3,23,search_direct_flight,5,0.0,0.0,get_user_details,1.0,1
kev-4b,23/t2/turn4,23,search_direct_flight,5,1.0,1.0,search_direct_flight,1.0,1
kev-4b,23/t2/turn5,23,search_onestop_flight,5,0.0,0.0,search_direct_flight,1.0,1
kev-4b,23/t2/turn6,23,respond_to_user,5,0.0,0.0,search_onestop_flight,1.0,1
kev-4b,23/t2/turn7,23,search_onestop_flight,5,0.0,0.0,cancel_reservation,1.0,1
kev-4b,23/t2/turn8,23,respond_to_user,5,0.0,0.0,search_onestop_flight,1.0,1
kev-4b,24/t2/turn0,24,respond_to_user,5,0.0,0.0,update_reservation_passengers,1.0,1
kev-4b,24/t2/turn1,24,respond_to_user,5,0.0,0.0,cancel_reservation,1.0,1
kev-4b,24/t2/turn10,24,search_direct_flight,5,1.0,1.0,search_direct_flight,1.0,1
kev-4b,24/t2/turn11,24,search_direct_flight,5,1.0,1.0,search_direct_flight,1.0,1
kev-4b,24/t2/turn12,24,search_direct_flight,5,1.0,1.0,search_direct_flight,1.0,1
kev-4b,24/t2/turn13,24,search_direct_flight,5,1.0,1.0,search_direct_flight,1.0,1
kev-4b,24/t2/turn14,24,respond_to_user,5,0.0,0.0,search_direct_flight,1.0,1
kev-4b,24/t2/turn15,24,get_user_details,5,0.0,0.0,book_reservation,1.0,1
kev-4b,24/t2/turn16,24,respond_to_user,5,0.0,0.0,get_user_details,1.0,1
kev-4b,24/t2/turn17,24,book_reservation,5,1.0,1.0,book_reservation,1.0,1
kev-4b,24/t2/turn18,24,respond_to_user,5,0.0,0.0,book_reservation,1.0,1
kev-4b,24/t2/turn2,24,get_reservation_details,5,0.0,0.0,cancel_reservation,1.0,1
kev-4b,24/t2/turn3,24,respond_to_user,5,0.0,0.0,get_reservation_details,1.0,1
kev-4b,24/t2/turn4,24,list_all_airports,5,0.0,0.0,book_reservation,1.0,1
kev-4b,24/t2/turn5,24,search_direct_flight,5,1.0,1.0,search_direct_flight,1.0,1
kev-4b,24/t2/turn6,24,search_direct_flight,5,1.0,1.0,search_direct_flight,1.0,1
kev-4b,24/t2/turn7,24,search_direct_flight,5,1.0,1.0,search_direct_flight,1.0,1
kev-4b,24/t2/turn8,24,search_direct_flight,5,1.0,1.0,search_direct_flight,1.0,1
kev-4b,24/t2/turn9,24,search_direct_flight,5,1.0,1.0,search_direct_flight,1.0,1
kev-4b,25/t0/turn0,25,respond_to_user,5,0.0,0.0,get_reservation_details,1.0,1
kev-4b,25/t0/turn1,25,get_user_details,5,1.0,1.0,get_user_details,1.0,1
kev-4b,25/t0/turn2,25,get_reservation_details,5,0.0,0.0,get_user_details,1.0,1
kev-4b,25/t0/turn3,25,search_direct_flight,5,0.0,0.0,respond_to_user,1.0,1
kev-4b,25/t0/turn4,25,search_direct_flight,5,1.0,1.0,search_direct_flight,1.0,1
kev-4b,25/t0/turn5,25,respond_to_user,5,0.0,0.0,book_reservation,1.0,1
kev-4b,25/t0/turn6,25,respond_to_user,5,0.0,0.0,book_reservation,1.0,1
kev-4b,25/t0/turn7,25,book_reservation,5,1.0,1.0,book_reservation,1.0,1
kev-4b,25/t0/turn8,25,respond_to_user,5,0.0,0.0,book_reservation,1.0,1
kev-4b,25/t1/turn0,25,respond_to_user,5,0.0,0.0,get_reservation_details,1.0,1
kev-4b,25/t1/turn1,25,get_user_details,5,1.0,1.0,get_user_details,1.0,1
kev-4b,25/t1/turn2,25,get_reservation_details,5,0.0,0.0,get_user_details,1.0,1
kev-4b,25/t1/turn3,25,search_onestop_flight,5,0.0,0.0,book_reservation,1.0,1
kev-4b,25/t1/turn4,25,respond_to_user,5,0.0,0.0,search_onestop_flight,1.0,1
kev-4b,25/t1/turn5,25,respond_to_user,5,0.0,0.0,book_reservation,1.0,1
kev-4b,25/t1/turn6,25,respond_to_user,5,0.0,0.0,book_reservation,1.0,1
kev-4b,25/t1/turn7,25,book_reservation,5,1.0,1.0,book_reservation,1.0,1
kev-4b,25/t1/turn8,25,respond_to_user,5,0.0,0.0,book_reservation,1.0,1
kev-4b,25/t2/turn0,25,respond_to_user,5,0.0,0.0,get_user_details,1.0,1
kev-4b,25/t2/turn1,25,get_user_details,5,1.0,1.0,get_user_details,1.0,1
kev-4b,25/t2/turn2,25,get_reservation_details,5,0.0,0.0,get_user_details,1.0,1
kev-4b,25/t2/turn3,25,respond_to_user,5,0.0,0.0,get_user_details,1.0,1
kev-4b,25/t2/turn4,25,search_onestop_flight,5,0.0,0.0,get_user_details,1.0,1
kev-4b,25/t2/turn5,25,respond_to_user,5,0.0,0.0,search_onestop_flight,1.0,1
kev-4b,25/t2/turn6,25,respond_to_user,5,0.0,0.0,book_reservation,1.0,1
kev-4b,25/t2/turn7,25,book_reservation,5,1.0,1.0,book_reservation,1.0,1
kev-4b,25/t2/turn8,25,respond_to_user,5,0.0,0.0,book_reservation,1.0,1
kev-4b,26/t0/turn0,26,respond_to_user,5,0.0,0.0,cancel_reservation,1.0,1
kev-4b,26/t0/turn1,26,get_user_details,5,1.0,1.0,get_user_details,1.0,1
kev-4b,26/t0/turn2,26,get_reservation_details,5,0.0,0.0,get_user_details,1.0,1
kev-4b,26/t0/turn3,26,respond_to_user,5,0.0,0.0,get_user_details,1.0,1
kev-4b,26/t0/turn4,26,respond_to_user,5,0.0,0.0,cancel_reservation,1.0,1
kev-4b,26/t0/turn5,26,respond_to_user,5,0.0,0.0,cancel_reservation,1.0,1
kev-4b,26/t0/turn6,26,transfer_to_human_agents,5,1.0,1.0,transfer_to_human_agents,1.0,1
kev-4b,26/t0/turn7,26,respond_to_user,5,0.0,0.0,transfer_to_human_agents,1.0,1
kev-4b,26/t1/turn0,26,respond_to_user,5,0.0,0.0,cancel_reservation,1.0,1
kev-4b,26/t1/turn1,26,get_user_details,5,1.0,1.0,get_user_details,1.0,1
kev-4b,26/t1/turn2,26,get_reservation_details,5,0.0,0.0,get_user_details,1.0,1
kev-4b,26/t1/turn3,26,get_flight_status,5,0.0,0.0,get_user_details,1.0,1
kev-4b,26/t1/turn4,26,get_flight_status,5,0.0,0.0,cancel_reservation,1.0,1
kev-4b,26/t1/turn5,26,transfer_to_human_agents,5,0.0,0.0,cancel_reservation,1.0,1
kev-4b,26/t1/turn6,26,respond_to_user,5,0.0,0.0,transfer_to_human_agents,1.0,1
kev-4b,26/t2/turn0,26,respond_to_user,5,0.0,0.0,cancel_reservation,1.0,1
kev-4b,26/t2/turn1,26,get_user_details,5,1.0,1.0,get_user_details,1.0,1
kev-4b,26/t2/turn2,26,get_reservation_details,5,0.0,0.0,get_user_details,1.0,1
kev-4b,26/t2/turn3,26,respond_to_user,5,0.0,0.0,get_user_details,1.0,1
kev-4b,26/t2/turn4,26,respond_to_user,5,0.0,0.0,cancel_reservation,1.0,1
kev-4b,26/t2/turn5,26,transfer_to_human_agents,5,1.0,1.0,transfer_to_human_agents,1.0,1
kev-4b,26/t2/turn6,26,respond_to_user,5,0.0,0.0,transfer_to_human_agents,1.0,1
kev-4b,27/t0/turn0,27,respond_to_user,5,0.0,0.0,get_flight_status,1.0,1
kev-4b,27/t0/turn1,27,get_user_details,5,1.0,1.0,get_user_details,1.0,1
kev-4b,27/t0/turn10,27,get_reservation_details,5,0.0,0.0,respond_to_user,1.0,1
kev-4b,27/t0/turn11,27,get_flight_status,5,0.0,0.0,get_reservation_details,1.0,1
kev-4b,27/t0/turn12,27,respond_to_user,5,1.0,1.0,respond_to_user,1.0,1
kev-4b,27/t0/turn13,27,transfer_to_human_agents,5,1.0,1.0,transfer_to_human_agents,1.0,1
kev-4b,27/t0/turn14,27,respond_to_user,5,0.0,0.0,transfer_to_human_agents,1.0,1
kev-4b,27/t0/turn2,27,get_reservation_details,5,0.0,1.0,get_user_details,1.0,1
kev-4b,27/t0/turn3,27,get_reservation_details,5,0.0,0.0,transfer_to_human_agents,1.0,1
kev-4b,27/t0/turn4,27,get_reservation_details,5,1.0,1.0,get_reservation_details,1.0,1
kev-4b,27/t0/turn5,27,get_reservation_details,5,1.0,1.0,get_reservation_details,1.0,1
kev-4b,27/t0/turn6,27,get_reservation_details,5,1.0,1.0,get_reservation_details,1.0,1
kev-4b,27/t0/turn7,27,get_reservation_details,5,1.0,1.0,get_reservation_details,1.0,1
kev-4b,27/t0/turn8,27,get_reservation_details,5,1.0,1.0,get_reservation_details,1.0,1
kev-4b,27/t0/turn9,27,get_reservation_details,5,1.0,1.0,get_reservation_details,1.0,1
kev-4b,27/t1/turn0,27,respond_to_user,5,0.0,0.0,get_flight_status,1.0,1
kev-4b,27/t1/turn1,27,get_user_details,5,0.0,0.0,get_reservation_details,1.0,1
kev-4b,27/t1/turn10,27,get_reservation_details,5,0.0,0.0,respond_to_user,1.0,1
kev-4b,27/t1/turn11,27,get_flight_status,5,0.0,0.0,get_reservation_details,1.0,1
kev-4b,27/t1/turn12,27,respond_to_user,5,1.0,1.0,respond_to_user,1.0,1
kev-4b,27/t1/turn13,27,transfer_to_human_agents,5,1.0,1.0,transfer_to_human_agents,1.0,1
kev-4b,27/t1/turn14,27,respond_to_user,5,0.0,0.0,transfer_to_human_agents,1.0,1
kev-4b,27/t1/turn2,27,get_reservation_details,5,0.0,1.0,get_user_details,1.0,1
kev-4b,27/t1/turn3,27,get_reservation_details,5,0.0,0.0,respond_to_user,1.0,1
kev-4b,27/t1/turn4,27,get_reservation_details,5,1.0,1.0,get_reservation_details,1.0,1
kev-4b,27/t1/turn5,27,get_reservation_details,5,1.0,1.0,get_reservation_details,1.0,1
kev-4b,27/t1/turn6,27,get_reservation_details,5,1.0,1.0,get_reservation_details,1.0,1
kev-4b,27/t1/turn7,27,get_reservation_details,5,1.0,1.0,get_reservation_details,1.0,1
kev-4b,27/t1/turn8,27,get_reservation_details,5,1.0,1.0,get_reservation_details,1.0,1
kev-4b,27/t1/turn9,27,get_reservation_details,5,1.0,1.0,get_reservation_details,1.0,1
kev-4b,27/t2/turn0,27,respond_to_user,5,0.0,0.0,get_flight_status,1.0,1
kev-4b,28/t0/turn0,28,respond_to_user,5,0.0,0.0,cancel_reservation,1.0,1
kev-4b,28/t0/turn1,28,get_reservation_details,5,1.0,1.0,get_reservation_details,1.0,1
kev-4b,28/t0/turn2,28,respond_to_user,5,0.0,0.0,get_reservation_details,1.0,1
kev-4b,28/t0/turn3,28,transfer_to_human_agents,5,1.0,1.0,transfer_to_human_agents,1.0,1
kev-4b,28/t0/turn4,28,respond_to_user,5,0.0,0.0,transfer_to_human_agents,1.0,1
kev-4b,28/t1/turn0,28,respond_to_user,5,0.0,0.0,cancel_reservation,1.0,1
kev-4b,28/t1/turn1,28,get_reservation_details,5,0.0,0.0,respond_to_user,1.0,1
kev-4b,28/t1/turn2,28,get_flight_status,5,0.0,0.0,get_reservation_details,1.0,1
kev-4b,28/t1/turn3,28,respond_to_user,5,0.0,0.0,cancel_reservation,1.0,1
kev-4b,28/t1/turn4,28,transfer_to_human_agents,5,1.0,1.0,transfer_to_human_agents,1.0,1
kev-4b,28/t1/turn5,28,respond_to_user,5,0.0,0.0,transfer_to_human_agents,1.0,1
kev-4b,28/t2/turn0,28,respond_to_user,5,0.0,0.0,cancel_reservation,1.0,1
kev-4b,28/t2/turn1,28,get_reservation_details,5,1.0,1.0,get_reservation_details,1.0,1
kev-4b,28/t2/turn2,28,respond_to_user,5,0.0,0.0,get_reservation_details,1.0,1
kev-4b,28/t2/turn3,28,transfer_to_human_agents,5,1.0,1.0,transfer_to_human_agents,1.0,1
kev-4b,28/t2/turn4,28,respond_to_user,5,0.0,0.0,transfer_to_human_agents,1.0,1
kev-4b,3/t0/turn0,3,respond_to_user,5,0.0,1.0,get_user_details,1.0,1
kev-4b,3/t0/turn1,3,get_reservation_details,5,1.0,1.0,get_reservation_details,1.0,1
kev-4b,3/t0/turn2,3,get_user_details,5,0.0,1.0,get_reservation_details,1.0,1
kev-4b,3/t0/turn3,3,respond_to_user,5,0.0,1.0,get_user_details,1.0,1
kev-4b,3/t0/turn4,3,transfer_to_human_agents,5,1.0,1.0,transfer_to_human_agents,1.0,1
kev-4b,3/t0/turn5,3,respond_to_user,5,0.0,0.0,transfer_to_human_agents,1.0,1
kev-4b,3/t1/turn0,3,respond_to_user,5,0.0,1.0,get_reservation_details,1.0,1
kev-4b,3/t1/turn1,3,get_reservation_details,5,1.0,1.0,get_reservation_details,1.0,1
kev-4b,3/t1/turn2,3,get_user_details,5,0.0,1.0,get_reservation_details,1.0,1
kev-4b,3/t1/turn3,3,respond_to_user,5,0.0,1.0,get_user_details,1.0,1
kev-4b,3/t1/turn4,3,transfer_to_human_agents,5,1.0,1.0,transfer_to_human_agents,1.0,1
kev-4b,3/t1/turn5,3,respond_to_user,5,0.0,0.0,transfer_to_human_agents,1.0,1
kev-4b,3/t2/turn0,3,respond_to_user,5,0.0,1.0,get_user_details,1.0,1
kev-4b,3/t2/turn1,3,get_user_details,5,0.0,1.0,get_reservation_details,1.0,1
kev-4b,3/t2/turn2,3,respond_to_user,5,0.0,1.0,get_user_details,1.0,1
kev-4b,3/t2/turn3,3,transfer_to_human_agents,5,1.0,1.0,transfer_to_human_agents,1.0,1
kev-4b,3/t2/turn4,3,respond_to_user,5,0.0,0.0,transfer_to_human_agents,1.0,1
kev-4b,30/t0/turn0,30,respond_to_user,5,0.0,0.0,update_reservation_flights,1.0,1
kev-4b,30/t0/turn1,30,get_user_details,5,0.0,0.0,update_reservation_flights,1.0,1
kev-4b,30/t0/turn2,30,search_direct_flight,5,0.0,0.0,update_reservation_flights,1.0,1
kev-4b,30/t0/turn3,30,respond_to_user,5,0.0,1.0,search_direct_flight,1.0,1
kev-4b,30/t0/turn4,30,respond_to_user,5,0.0,0.0,update_reservation_flights,1.0,1
kev-4b,30/t0/turn5,30,update_reservation_flights,5,1.0,1.0,update_reservation_flights,1.0,1
kev-4b,30/t0/turn6,30,respond_to_user,5,0.0,0.0,update_reservation_flights,1.0,1
kev-4b,30/t1/turn0,30,respond_to_user,5,0.0,0.0,update_reservation_flights,1.0,1
kev-4b,30/t1/turn1,30,get_reservation_details,5,0.0,0.0,update_reservation_flights,1.0,1
kev-4b,30/t1/turn2,30,search_direct_flight,5,0.0,0.0,update_reservation_flights,1.0,1
kev-4b,30/t1/turn3,30,respond_to_user,5,0.0,1.0,search_direct_flight,1.0,1
kev-4b,30/t1/turn4,30,get_user_details,5,0.0,0.0,update_reservation_flights,1.0,1
kev-4b,30/t1/turn5,30,respond_to_user,5,0.0,0.0,update_reservation_flights,1.0,1
kev-4b,30/t1/turn6,30,update_reservation_flights,5,1.0,1.0,update_reservation_flights,1.0,1
kev-4b,30/t1/turn7,30,respond_to_user,5,0.0,0.0,update_reservation_flights,1.0,1
kev-4b,30/t2/turn0,30,respond_to_user,5,0.0,0.0,update_reservation_flights,1.0,1
kev-4b,30/t2/turn1,30,get_reservation_details,5,0.0,0.0,update_reservation_flights,1.0,1
kev-4b,30/t2/turn2,30,search_direct_flight,5,0.0,0.0,update_reservation_flights,1.0,1
kev-4b,30/t2/turn3,30,respond_to_user,5,0.0,1.0,search_direct_flight,1.0,1
kev-4b,30/t2/turn4,30,respond_to_user,5,0.0,0.0,update_reservation_flights,1.0,1
kev-4b,30/t2/turn5,30,update_reservation_flights,5,1.0,1.0,update_reservation_flights,1.0,1
kev-4b,30/t2/turn6,30,respond_to_user,5,0.0,0.0,update_reservation_flights,1.0,1
kev-4b,31/t0/turn0,31,respond_to_user,5,0.0,0.0,get_reservation_details,1.0,1
kev-4b,31/t0/turn1,31,get_user_details,5,1.0,1.0,get_user_details,1.0,1
kev-4b,31/t0/turn2,31,get_reservation_details,5,0.0,0.0,get_user_details,1.0,1
kev-4b,31/t0/turn3,31,respond_to_user,5,1.0,1.0,respond_to_user,1.0,1
kev-4b,31/t0/turn4,31,transfer_to_human_agents,5,0.0,0.0,search_direct_flight,1.0,1
kev-4b,31/t0/turn5,31,respond_to_user,5,0.0,0.0,transfer_to_human_agents,1.0,1
kev-4b,31/t1/turn0,31,respond_to_user,5,0.0,0.0,get_user_details,1.0,1
kev-4b,31/t1/turn1,31,get_user_details,5,1.0,1.0,get_user_details,1.0,1
kev-4b,31/t1/turn2,31,get_reservation_details,5,0.0,0.0,get_user_details,1.0,1
kev-4b,31/t1/turn3,31,respond_to_user,5,1.0,1.0,respond_to_user,1.0,1
kev-4b,31/t1/turn4,31,search_direct_flight,5,0.0,0.0,respond_to_user,1.0,1
kev-4b,31/t1/turn5,31,transfer_to_human_agents,5,0.0,0.0,respond_to_user,1.0,1
kev-4b,31/t1/turn6,31,respond_to_user,5,0.0,0.0,transfer_to_human_agents,1.0,1
kev-4b,33/t0/turn0,33,respond_to_user,5,0.0,0.0,update_reservation_flights,1.0,1
kev-4b,33/t0/turn1,33,get_reservation_details,5,0.0,0.0,respond_to_user,1.0,1
kev-4b,33/t0/turn10,33,respond_to_user,5,1.0,1.0,respond_to_user,1.0,1
kev-4b,33/t0/turn11,33,respond_to_user,5,1.0,1.0,respond_to_user,1.0,1
kev-4b,33/t0/turn12,33,update_reservation_baggages,5,1.0,1.0,update_reservation_baggages,1.0,1
kev-4b,33/t0/turn13,33,respond_to_user,5,0.0,0.0,update_reservation_baggages,1.0,1
kev-4b,33/t0/turn2,33,search_direct_flight,5,0.0,1.0,get_reservation_details,1.0,1
kev-4b,33/t0/turn3,33,search_direct_flight,5,1.0,1.0,search_direct_flight,1.0,1
kev-4b,33/t0/turn4,33,respond_to_user,5,0.0,1.0,search_direct_flight,1.0,1
kev-4b,33/t0/turn5,33,update_reservation_flights,5,1.0,1.0,update_reservation_flights,1.0,1
kev-4b,33/t0/turn6,33,respond_to_user,5,0.0,0.0,update_reservation_flights,1.0,1
kev-4b,33/t0/turn7,33,get_user_details,5,0.0,0.0,respond_to_user,1.0,1
kev-4b,33/t0/turn8,33,search_direct_flight,5,0.0,0.0,get_user_details,1.0,1
kev-4b,33/t0/turn9,33,search_direct_flight,5,1.0,1.0,search_direct_flight,1.0,1
kev-4b,33/t1/turn0,33,respond_to_user,5,0.0,1.0,get_reservation_details,1.0,1
kev-4b,33/t1/turn1,33,get_user_details,5,0.0,1.0,get_reservation_details,1.0,1
kev-4b,33/t1/turn10,33,update_reservation_baggages,5,1.0,1.0,update_reservation_baggages,1.0,1
kev-4b,33/t1/turn11,33,respond_to_user,5,0.0,0.0,update_reservation_baggages,1.0,1
kev-4b,33/t1/turn2,33,search_direct_flight,5,0.0,0.0,update_reservation_flights,1.0,1
kev-4b,33/t1/turn3,33,respond_to_user,5,0.0,1.0,search_direct_flight,1.0,1
kev-4b,33/t1/turn4,33,update_reservation_flights,5,1.0,1.0,update_reservation_flights,1.0,1
kev-4b,33/t1/turn5,33,respond_to_user,5,1.0,1.0,respond_to_user,1.0,1
kev-4b,33/t1/turn6,33,search_direct_flight,5,0.0,0.0,respond_to_user,1.0,1
kev-4b,33/t1/turn7,33,search_direct_flight,5,0.0,0.0,respond_to_user,1.0,1
kev-4b,33/t1/turn8,33,respond_to_user,5,1.0,1.0,respond_to_user,1.0,1
kev-4b,33/t1/turn9,33,respond_to_user,5,0.0,0.0,update_reservation_baggages,1.0,1
kev-4b,33/t2/turn0,33,respond_to_user,5,0.0,1.0,get_reservation_details,1.0,1
kev-4b,33/t2/turn1,33,get_user_details,5,0.0,1.0,get_reservation_details,1.0,1
kev-4b,33/t2/turn10,33,respond_to_user,5,1.0,1.0,respond_to_user,1.0,1
kev-4b,33/t2/turn11,33,respond_to_user,5,1.0,1.0,respond_to_user,1.0,1
kev-4b,33/t2/turn12,33,update_reservation_baggages,5,1.0,1.0,update_reservation_baggages,1.0,1
kev-4b,33/t2/turn13,33,respond_to_user,5,1.0,1.0,respond_to_user,1.0,1
kev-4b,33/t2/turn2,33,search_direct_flight,5,0.0,0.0,update_reservation_flights,1.0,1
kev-4b,33/t2/turn3,33,search_direct_flight,5,0.0,0.0,update_reservation_flights,1.0,1
kev-4b,33/t2/turn4,33,respond_to_user,5,0.0,0.0,update_reservation_flights,1.0,1
kev-4b,33/t2/turn5,33,search_direct_flight,5,1.0,1.0,search_direct_flight,1.0,1
kev-4b,33/t2/turn6,33,respond_to_user,5,1.0,1.0,respond_to_user,1.0,1
kev-4b,33/t2/turn7,33,update_reservation_flights,5,1.0,1.0,update_reservation_flights,1.0,1
kev-4b,33/t2/turn8,33,respond_to_user,5,1.0,1.0,respond_to_user,1.0,1
kev-4b,33/t2/turn9,33,respond_to_user,5,1.0,1.0,respond_to_user,1.0,1
kev-4b,34/t2/turn0,34,respond_to_user,5,0.0,0.0,get_reservation_details,1.0,1
kev-4b,34/t2/turn1,34,get_reservation_details,5,1.0,1.0,get_reservation_details,1.0,1
kev-4b,34/t2/turn2,34,respond_to_user,5,0.0,0.0,get_reservation_details,1.0,1
kev-4b,34/t2/turn3,34,search_direct_flight,5,1.0,1.0,search_direct_flight,1.0,1
kev-4b,34/t2/turn4,34,search_direct_flight,5,1.0,1.0,search_direct_flight,1.0,1
kev-4b,34/t2/turn5,34,get_user_details,5,0.0,0.0,search_direct_flight,1.0,1
kev-4b,34/t2/turn6,34,respond_to_user,5,0.0,0.0,update_reservation_flights,1.0,1
kev-4b,34/t2/turn7,34,respond_to_user,5,1.0,1.0,respond_to_user,1.0,1
kev-4b,36/t0/turn0,36,respond_to_user,5,0.0,0.0,get_user_details,1.0,1
kev-4b,36/t0/turn1,36,get_reservation_details,5,0.0,0.0,update_reservation_flights,1.0,1
kev-4b,36/t0/turn2,36,transfer_to_human_agents,5,0.0,1.0,get_reservation_details,1.0,1
kev-4b,36/t0/turn3,36,respond_to_user,5,0.0,0.0,transfer_to_human_agents,1.0,1
kev-4b,36/t1/turn0,36,respond_to_user,5,0.0,0.0,get_user_details,1.0,1
kev-4b,36/t1/turn1,36,get_reservation_details,5,0.0,0.0,update_reservation_flights,1.0,1
kev-4b,36/t1/turn2,36,transfer_to_human_agents,5,0.0,1.0,get_reservation_details,1.0,1
kev-4b,36/t1/turn3,36,respond_to_user,5,0.0,0.0,transfer_to_human_agents,1.0,1
kev-4b,36/t2/turn0,36,respond_to_user,5,0.0,0.0,update_reservation_flights,1.0,1
kev-4b,36/t2/turn1,36,get_reservation_details,5,0.0,0.0,get_user_details,1.0,1
kev-4b,36/t2/turn2,36,transfer_to_human_agents,5,0.0,0.0,get_user_details,1.0,1
kev-4b,36/t2/turn3,36,respond_to_user,5,0.0,0.0,transfer_to_human_agents,1.0,1
kev-4b,37/t0/turn0,37,respond_to_user,5,0.0,0.0,get_user_details,1.0,1
kev-4b,37/t0/turn1,37,get_user_details,5,0.0,1.0,get_reservation_details,1.0,1
kev-4b,37/t0/turn10,37,transfer_to_human_agents,5,1.0,1.0,transfer_to_human_agents,1.0,1
kev-4b,37/t0/turn11,37,respond_to_user,5,0.0,0.0,transfer_to_human_agents,1.0,1
kev-4b,37/t0/turn2,37,get_reservation_details,5,1.0,1.0,get_reservation_details,1.0,1
kev-4b,37/t0/turn3,37,get_reservation_details,5,1.0,1.0,get_reservation_details,1.0,1
kev-4b,37/t0/turn4,37,get_reservation_details,5,1.0,1.0,get_reservation_details,1.0,1
kev-4b,37/t0/turn5,37,get_flight_status,5,0.0,0.0,respond_to_user,1.0,1
kev-4b,37/t0/turn6,37,search_direct_flight,5,0.0,0.0,cancel_reservation,1.0,1
kev-4b,37/t0/turn7,37,search_direct_flight,5,0.0,0.0,respond_to_user,1.0,1
kev-4b,37/t0/turn8,37,respond_to_user,5,1.0,1.0,respond_to_user,1.0,1
kev-4b,37/t0/turn9,37,update_reservation_flights,5,0.0,0.0,transfer_to_human_agents,1.0,1
kev-4b,37/t2/turn0,37,respond_to_user,5,0.0,1.0,get_reservation_details,1.0,1
kev-4b,37/t2/turn1,37,get_user_details,5,0.0,1.0,get_reservation_details,1.0,1
kev-4b,37/t2/turn10,37,transfer_to_human_agents,5,0.0,0.0,respond_to_user,1.0,1
kev-4b,37/t2/turn11,37,respond_to_user,5,0.0,0.0,transfer_to_human_agents,1.0,1
kev-4b,37/t2/turn2,37,get_reservation_details,5,1.0,1.0,get_reservation_details,1.0,1
kev-4b,37/t2/turn3,37,get_reservation_details,5,0.0,0.0,cancel_reservation,1.0,1
kev-4b,37/t2/turn4,37,get_flight_status,5,0.0,0.0,cancel_reservation,1.0,1
kev-4b,37/t2/turn5,37,get_reservation_details,5,0.0,0.0,cancel_reservation,1.0,1
kev-4b,37/t2/turn6,37,search_direct_flight,5,0.0,0.0,respond_to_user,1.0,1
kev-4b,37/t2/turn7,37,search_direct_flight,5,0.0,0.0,respond_to_user,1.0,1
kev-4b,37/t2/turn8,37,respond_to_user,5,0.0,0.0,cancel_reservation,1.0,1
kev-4b,37/t2/turn9,37,update_reservation_flights,5,0.0,0.0,respond_to_user,1.0,1
kev-4b,38/t0/turn0,38,respond_to_user,5,0.0,1.0,get_reservation_details,1.0,1
kev-4b,38/t0/turn1,38,get_user_details,5,1.0,1.0,get_user_details,1.0,1
kev-4b,38/t0/turn10,38,respond_to_user,5,1.0,1.0,respond_to_user,1.0,1
kev-4b,38/t0/turn11,38,respond_to_user,5,1.0,1.0,respond_to_user,1.0,1
kev-4b,38/t0/turn2,38,get_reservation_details,5,1.0,1.0,get_reservation_details,1.0,1
kev-4b,38/t0/turn3,38,get_flight_status,5,0.0,0.0,respond_to_user,1.0,1
kev-4b,38/t0/turn4,38,get_flight_status,5,0.0,0.0,respond_to_user,1.0,1
kev-4b,38/t0/turn5,38,respond_to_user,5,1.0,1.0,respond_to_user,1.0,1
kev-4b,38/t0/turn6,38,respond_to_user,5,1.0,1.0,respond_to_user,1.0,1
kev-4b,38/t0/turn7,38,get_reservation_details,5,0.0,0.0,respond_to_user,1.0,1
kev-4b,38/t0/turn8,38,respond_to_user,5,1.0,1.0,respond_to_user,1.0,1
kev-4b,38/t0/turn9,38,get_reservation_details,5,0.0,0.0,respond_to_user,1.0,1
kev-4b,38/t1/turn0,38,respond_to_user,5,0.0,1.0,get_reservation_details,1.0,1
kev-4b,38/t1/turn1,38,get_user_details,5,0.0,1.0,get_reservation_details,1.0,1
kev-4b,38/t1/turn10,38,respond_to_user,5,1.0,1.0,respond_to_user,1.0,1
kev-4b,38/t1/turn11,38,transfer_to_human_agents,5,1.0,1.0,transfer_to_human_agents,1.0,1
kev-4b,38/t1/turn12,38,respond_to_user,5,0.0,0.0,transfer_to_human_agents,1.0,1
kev-4b,38/t1/turn2,38,get_reservation_details,5,1.0,1.0,get_reservation_details,1.0,1
kev-4b,38/t1/turn3,38,get_reservation_details,5,0.0,0.0,respond_to_user,1.0,1
kev-4b,38/t1/turn4,38,respond_to_user,5,1.0,1.0,respond_to_user,1.0,1
kev-4b,38/t1/turn5,38,get_flight_status,5,1.0,1.0,get_flight_status,1.0,1
kev-4b,38/t1/turn6,38,get_flight_status,5,0.0,0.0,respond_to_user,1.0,1
kev-4b,38/t1/turn7,38,get_flight_status,5,0.0,0.0,respond_to_user,1.0,1
kev-4b,38/t1/turn8,38,get_flight_status,5,0.0,0.0,respond_to_user,1.0,1
kev-4b,38/t1/turn9,38,respond_to_user,5,1.0,1.0,respond_to_user,1.0,1
kev-4b,38/t2/turn0,38,respond_to_user,5,0.0,1.0,get_user_details,1.0,1
kev-4b,38/t2/turn1,38,get_user_details,5,0.0,1.0,get_reservation_details,1.0,1
kev-4b,38/t2/turn2,38,get_reservation_details,5,0.0,1.0,get_user_details,1.0,1
kev-4b,38/t2/turn3,38,get_reservation_details,5,0.0,0.0,transfer_to_human_agents,1.0,1
kev-4b,38/t2/turn4,38,get_flight_status,5,0.0,0.0,transfer_to_human_agents,1.0,1
kev-4b,38/t2/turn5,38,get_flight_status,5,0.0,0.0,respond_to_user,1.0,1
kev-4b,38/t2/turn6,38,respond_to_user,5,1.0,1.0,respond_to_user,1.0,1
kev-4b,38/t2/turn7,38,respond_to_user,5,1.0,1.0,respond_to_user,1.0,1
kev-4b,4/t0/turn0,4,respond_to_user,5,0.0,1.0,get_user_details,1.0,1
kev-4b,4/t0/turn1,4,get_user_details,5,1.0,1.0,get_user_details,1.0,1
kev-4b,4/t0/turn10,4,transfer_to_human_agents,5,1.0,1.0,transfer_to_human_agents,1.0,1
kev-4b,4/t0/turn11,4,respond_to_user,5,0.0,0.0,transfer_to_human_agents,1.0,1
kev-4b,4/t0/turn2,4,get_reservation_details,5,0.0,1.0,get_user_details,1.0,1
kev-4b,4/t0/turn3,4,get_reservation_details,5,0.0,1.0,get_user_details,1.0,1
kev-4b,4/t0/turn4,4,get_reservation_details,5,1.0,1.0,get_reservation_details,1.0,1
kev-4b,4/t0/turn5,4,get_reservation_details,5,0.0,1.0,get_user_details,1.0,1
kev-4b,4/t0/turn6,4,get_reservation_details,5,0.0,1.0,get_user_details,1.0,1
kev-4b,4/t0/turn7,4,get_flight_status,5,0.0,1.0,get_user_details,1.0,1
kev-4b,4/t0/turn8,4,get_flight_status,5,0.0,0.0,respond_to_user,1.0,1
kev-4b,4/t0/turn9,4,respond_to_user,5,1.0,1.0,respond_to_user,1.0,1
kev-4b,4/t1/turn0,4,respond_to_user,5,0.0,1.0,get_user_details,1.0,1
kev-4b,4/t1/turn1,4,get_user_details,5,1.0,1.0,get_user_details,1.0,1
kev-4b,4/t1/turn10,4,transfer_to_human_agents,5,1.0,1.0,transfer_to_human_agents,1.0,1
kev-4b,4/t1/turn11,4,respond_to_user,5,0.0,0.0,transfer_to_human_agents,1.0,1
kev-4b,4/t1/turn2,4,get_reservation_details,5,0.0,1.0,get_user_details,1.0,1
kev-4b,4/t1/turn3,4,get_reservation_details,5,1.0,1.0,get_reservation_details,1.0,1
kev-4b,4/t1/turn4,4,get_reservation_details,5,1.0,1.0,get_reservation_details,1.0,1
kev-4b,4/t1/turn5,4,get_reservation_details,5,0.0,1.0,get_user_details,1.0,1
kev-4b,4/t1/turn6,4,get_reservation_details,5,1.0,1.0,get_reservation_details,1.0,1
kev-4b,4/t1/turn7,4,get_flight_status,5,0.0,1.0,get_user_details,1.0,1
kev-4b,4/t1/turn8,4,get_flight_status,5,0.0,0.0,respond_to_user,1.0,1
kev-4b,4/t1/turn9,4,respond_to_user,5,0.0,1.0,get_user_details,1.0,1
kev-4b,4/t2/turn0,4,respond_to_user,5,0.0,1.0,get_user_details,1.0,1
kev-4b,4/t2/turn1,4,get_user_details,5,1.0,1.0,get_user_details,1.0,1
kev-4b,4/t2/turn10,4,transfer_to_human_agents,5,1.0,1.0,transfer_to_human_agents,1.0,1
kev-4b,4/t2/turn11,4,respond_to_user,5,0.0,0.0,transfer_to_human_agents,1.0,1
kev-4b,4/t2/turn2,4,get_reservation_details,5,0.0,1.0,get_user_details,1.0,1
kev-4b,4/t2/turn3,4,get_reservation_details,5,1.0,1.0,get_reservation_details,1.0,1
kev-4b,4/t2/turn4,4,get_reservation_details,5,1.0,1.0,get_reservation_details,1.0,1
kev-4b,4/t2/turn5,4,get_reservation_details,5,1.0,1.0,get_reservation_details,1.0,1
kev-4b,4/t2/turn6,4,get_reservation_details,5,1.0,1.0,get_reservation_details,1.0,1
kev-4b,4/t2/turn7,4,get_flight_status,5,0.0,1.0,get_reservation_details,1.0,1
kev-4b,4/t2/turn8,4,get_flight_status,5,0.0,0.0,respond_to_user,1.0,1
kev-4b,4/t2/turn9,4,respond_to_user,5,0.0,0.0,transfer_to_human_agents,1.0,1
kev-4b,40/t0/turn0,40,respond_to_user,5,0.0,0.0,update_reservation_passengers,1.0,1
kev-4b,40/t0/turn1,40,get_user_details,5,0.0,0.0,update_reservation_passengers,1.0,1
kev-4b,40/t0/turn2,40,respond_to_user,5,0.0,0.0,update_reservation_passengers,1.0,1
kev-4b,40/t0/turn3,40,update_reservation_passengers,5,1.0,1.0,update_reservation_passengers,1.0,1
kev-4b,40/t0/turn4,40,respond_to_user,5,0.0,0.0,update_reservation_passengers,1.0,1
kev-4b,40/t1/turn0,40,respond_to_user,5,0.0,0.0,update_reservation_passengers,1.0,1
kev-4b,40/t1/turn1,40,get_reservation_details,5,0.0,0.0,update_reservation_passengers,1.0,1
kev-4b,40/t1/turn2,40,respond_to_user,5,0.0,0.0,update_reservation_passengers,1.0,1
kev-4b,40/t1/turn3,40,update_reservation_passengers,5,1.0,1.0,update_reservation_passengers,1.0,1
kev-4b,40/t1/turn4,40,respond_to_user,5,0.0,0.0,update_reservation_passengers,1.0,1
kev-4b,40/t2/turn0,40,respond_to_user,5,0.0,0.0,update_reservation_passengers,1.0,1
kev-4b,40/t2/turn1,40,get_user_details,5,0.0,0.0,update_reservation_passengers,1.0,1
kev-4b,40/t2/turn2,40,respond_to_user,5,0.0,0.0,update_reservation_passengers,1.0,1
kev-4b,40/t2/turn3,40,update_reservation_passengers,5,1.0,1.0,update_reservation_passengers,1.0,1
kev-4b,40/t2/turn4,40,respond_to_user,5,0.0,0.0,update_reservation_passengers,1.0,1
kev-4b,41/t0/turn0,41,respond_to_user,5,0.0,1.0,get_user_details,1.0,1
kev-4b,41/t0/turn1,41,get_user_details,5,1.0,1.0,get_user_details,1.0,1
kev-4b,41/t0/turn10,41,respond_to_user,5,1.0,1.0,respond_to_user,1.0,1
kev-4b,41/t0/turn11,41,transfer_to_human_agents,5,1.0,1.0,transfer_to_human_agents,1.0,1
kev-4b,41/t0/turn12,41,respond_to_user,5,0.0,0.0,transfer_to_human_agents,1.0,1
kev-4b,41/t0/turn2,41,get_reservation_details,5,0.0,1.0,get_user_details,1.0,1
kev-4b,41/t0/turn3,41,get_reservation_details,5,1.0,1.0,get_reservation_details,1.0,1
kev-4b,41/t0/turn4,41,get_reservation_details,5,1.0,1.0,get_reservation_details,1.0,1
kev-4b,41/t0/turn5,41,get_reservation_details,5,1.0,1.0,get_reservation_details,1.0,1
kev-4b,41/t0/turn6,41,get_reservation_details,5,1.0,1.0,get_reservation_details,1.0,1
kev-4b,41/t0/turn7,41,get_reservation_details,5,0.0,0.0,cancel_reservation,1.0,1
kev-4b,41/t0/turn8,41,get_reservation_details,5,1.0,1.0,get_reservation_details,1.0,1
kev-4b,41/t0/turn9,41,respond_to_user,5,0.0,0.0,cancel_reservation,1.0,1
kev-4b,41/t1/turn0,41,respond_to_user,5,0.0,1.0,get_user_details,1.0,1
kev-4b,41/t1/turn1,41,get_user_details,5,0.0,1.0,get_reservation_details,1.0,1
kev-4b,41/t1/turn10,41,respond_to_user,5,0.0,0.0,cancel_reservation,1.0,1
kev-4b,41/t1/turn11,41,respond_to_user,5,0.0,0.0,cancel_reservation,1.0,1
kev-4b,41/t1/turn12,41,transfer_to_human_agents,5,1.0,1.0,transfer_to_human_agents,1.0,1
kev-4b,41/t1/turn13,41,respond_to_user,5,0.0,0.0,transfer_to_human_agents,1.0,1
kev-4b,41/t1/turn2,41,get_reservation_details,5,0.0,1.0,get_user_details,1.0,1
kev-4b,41/t1/turn3,41,get_reservation_details,5,0.0,0.0,cancel_reservation,1.0,1
kev-4b,41/t1/turn4,41,get_reservation_details,5,0.0,0.0,cancel_reservation,1.0,1
kev-4b,41/t1/turn5,41,get_reservation_details,5,0.0,0.0,cancel_reservation,1.0,1
kev-4b,41/t1/turn6,41,get_reservation_details,5,0.0,0.0,cancel_reservation,1.0,1
kev-4b,41/t1/turn7,41,get_reservation_details,5,0.0,0.0,cancel_reservation,1.0,1
kev-4b,41/t1/turn8,41,get_reservation_details,5,0.0,0.0,cancel_reservation,1.0,1
kev-4b,41/t1/turn9,41,get_flight_status,5,0.0,0.0,cancel_reservation,1.0,1
kev-4b,41/t2/turn0,41,respond_to_user,5,0.0,1.0,get_user_details,1.0,1
kev-4b,41/t2/turn1,41,get_user_details,5,1.0,1.0,get_user_details,1.0,1
kev-4b,41/t2/turn10,41,respond_to_user,5,1.0,1.0,respond_to_user,1.0,1
kev-4b,41/t2/turn11,41,transfer_to_human_agents,5,1.0,1.0,transfer_to_human_agents,1.0,1
kev-4b,41/t2/turn12,41,respond_to_user,5,0.0,0.0,transfer_to_human_agents,1.0,1
kev-4b,41/t2/turn2,41,get_reservation_details,5,0.0,1.0,get_user_details,1.0,1
kev-4b,41/t2/turn3,41,get_reservation_details,5,1.0,1.0,get_reservation_details,1.0,1
kev-4b,41/t2/turn4,41,get_reservation_details,5,1.0,1.0,get_reservation_details,1.0,1
kev-4b,41/t2/turn5,41,get_reservation_details,5,1.0,1.0,get_reservation_details,1.0,1
kev-4b,41/t2/turn6,41,get_reservation_details,5,1.0,1.0,get_reservation_details,1.0,1
kev-4b,41/t2/turn7,41,get_reservation_details,5,0.0,0.0,cancel_reservation,1.0,1
kev-4b,41/t2/turn8,41,get_reservation_details,5,1.0,1.0,get_reservation_details,1.0,1
kev-4b,41/t2/turn9,41,respond_to_user,5,0.0,1.0,get_user_details,1.0,1
kev-4b,42/t0/turn0,42,respond_to_user,5,0.0,1.0,get_user_details,1.0,1
kev-4b,42/t0/turn1,42,get_user_details,5,1.0,1.0,get_user_details,1.0,1
kev-4b,42/t0/turn10,42,respond_to_user,5,0.0,0.0,cancel_reservation,1.0,1
kev-4b,42/t0/turn11,42,cancel_reservation,5,1.0,1.0,cancel_reservation,1.0,1
kev-4b,42/t0/turn12,42,cancel_reservation,5,0.0,0.0,respond_to_user,1.0,1
kev-4b,42/t0/turn13,42,respond_to_user,5,1.0,1.0,respond_to_user,1.0,1
kev-4b,42/t0/turn2,42,get_reservation_details,5,0.0,1.0,get_user_details,1.0,1
kev-4b,42/t0/turn3,42,get_reservation_details,5,0.0,0.0,respond_to_user,1.0,1
kev-4b,42/t0/turn4,42,get_reservation_details,5,0.0,0.0,respond_to_user,1.0,1
kev-4b,42/t0/turn5,42,get_reservation_details,5,0.0,0.0,respond_to_user,1.0,1
kev-4b,42/t0/turn6,42,get_reservation_details,5,0.0,0.0,respond_to_user,1.0,1
kev-4b,42/t0/turn7,42,get_reservation_details,5,0.0,0.0,respond_to_user,1.0,1
kev-4b,42/t0/turn8,42,get_reservation_details,5,0.0,0.0,respond_to_user,1.0,1
kev-4b,42/t0/turn9,42,respond_to_user,5,1.0,1.0,respond_to_user,1.0,1
kev-4b,42/t1/turn0,42,respond_to_user,5,0.0,1.0,get_user_details,1.0,1
kev-4b,42/t1/turn1,42,get_user_details,5,1.0,1.0,get_user_details,1.0,1
kev-4b,42/t1/turn10,42,respond_to_user,5,0.0,0.0,cancel_reservation,1.0,1
kev-4b,42/t1/turn11,42,cancel_reservation,5,1.0,1.0,cancel_reservation,1.0,1
kev-4b,42/t1/turn12,42,cancel_reservation,5,1.0,1.0,cancel_reservation,1.0,1
kev-4b,42/t1/turn13,42,respond_to_user,5,1.0,1.0,respond_to_user,1.0,1
kev-4b,42/t1/turn2,42,get_reservation_details,5,0.0,1.0,get_user_details,1.0,1
kev-4b,42/t1/turn3,42,get_reservation_details,5,0.0,0.0,respond_to_user,1.0,1
kev-4b,42/t1/turn4,42,get_reservation_details,5,0.0,0.0,respond_to_user,1.0,1
kev-4b,42/t1/turn5,42,get_reservation_details,5,0.0,0.0,respond_to_user,1.0,1
kev-4b,42/t1/turn6,42,get_reservation_details,5,0.0,0.0,respond_to_user,1.0,1
kev-4b,42/t1/turn7,42,get_reservation_details,5,0.0,0.0,respond_to_user,1.0,1
kev-4b,42/t1/turn8,42,get_reservation_details,5,0.0,0.0,respond_to_user,1.0,1
kev-4b,42/t1/turn9,42,respond_to_user,5,1.0,1.0,respond_to_user,1.0,1
kev-4b,42/t2/turn0,42,respond_to_user,5,0.0,1.0,get_user_details,1.0,1
kev-4b,42/t2/turn1,42,get_user_details,5,1.0,1.0,get_user_details,1.0,1
kev-4b,42/t2/turn10,42,cancel_reservation,5,1.0,1.0,cancel_reservation,1.0,1
kev-4b,42/t2/turn11,42,cancel_reservation,5,0.0,0.0,respond_to_user,1.0,1
kev-4b,42/t2/turn12,42,respond_to_user,5,1.0,1.0,respond_to_user,1.0,1
kev-4b,42/t2/turn2,42,get_reservation_details,5,0.0,1.0,get_user_details,1.0,1
kev-4b,42/t2/turn3,42,get_reservation_details,5,0.0,0.0,respond_to_user,1.0,1
kev-4b,42/t2/turn4,42,get_reservation_details,5,0.0,0.0,respond_to_user,1.0,1
kev-4b,42/t2/turn5,42,get_reservation_details,5,0.0,0.0,respond_to_user,1.0,1
kev-4b,42/t2/turn6,42,get_reservation_details,5,0.0,0.0,respond_to_user,1.0,1
kev-4b,42/t2/turn7,42,get_reservation_details,5,0.0,0.0,respond_to_user,1.0,1
kev-4b,42/t2/turn8,42,get_reservation_details,5,0.0,0.0,respond_to_user,1.0,1
kev-4b,42/t2/turn9,42,respond_to_user,5,1.0,1.0,respond_to_user,1.0,1
kev-4b,43/t0/turn0,43,respond_to_user,5,0.0,1.0,get_user_details,1.0,1
kev-4b,43/t0/turn1,43,get_user_details,5,0.0,1.0,get_reservation_details,1.0,1
kev-4b,43/t0/turn10,43,respond_to_user,5,0.0,1.0,get_reservation_details,1.0,1
kev-4b,43/t0/turn2,43,get_reservation_details,5,0.0,1.0,get_user_details,1.0,1
kev-4b,43/t0/turn3,43,get_reservation_details,5,1.0,1.0,get_reservation_details,1.0,1
kev-4b,43/t0/turn4,43,get_reservation_details,5,1.0,1.0,get_reservation_details,1.0,1
kev-4b,43/t0/turn5,43,get_reservation_details,5,1.0,1.0,get_reservation_details,1.0,1
kev-4b,43/t0/turn6,43,get_reservation_details,5,1.0,1.0,get_reservation_details,1.0,1
kev-4b,43/t0/turn7,43,get_reservation_details,5,1.0,1.0,get_reservation_details,1.0,1
kev-4b,43/t0/turn8,43,respond_to_user,5,0.0,1.0,get_reservation_details,1.0,1
kev-4b,43/t0/turn9,43,respond_to_user,5,0.0,0.0,transfer_to_human_agents,1.0,1
kev-4b,43/t1/turn0,43,respond_to_user,5,0.0,1.0,get_user_details,1.0,1
kev-4b,43/t1/turn1,43,get_user_details,5,1.0,1.0,get_user_details,1.0,1
kev-4b,43/t1/turn2,43,get_reservation_details,5,0.0,1.0,get_user_details,1.0,1
kev-4b,43/t1/turn3,43,get_reservation_details,5,1.0,1.0,get_reservation_details,1.0,1
kev-4b,43/t1/turn4,43,get_reservation_details,5,1.0,1.0,get_reservation_details,1.0,1
kev-4b,43/t1/turn5,43,get_reservation_details,5,1.0,1.0,get_reservation_details,1.0,1
kev-4b,43/t1/turn6,43,get_reservation_details,5,1.0,1.0,get_reservation_details,1.0,1
kev-4b,43/t1/turn7,43,get_reservation_details,5,1.0,1.0,get_reservation_details,1.0,1
kev-4b,43/t1/turn8,43,transfer_to_human_agents,5,0.0,1.0,get_reservation_details,1.0,1
kev-4b,43/t1/turn9,43,respond_to_user,5,0.0,0.0,transfer_to_human_agents,1.0,1
kev-4b,43/t2/turn0,43,respond_to_user,5,0.0,1.0,get_user_details,1.0,1
kev-4b,43/t2/turn1,43,get_user_details,5,0.0,1.0,get_reservation_details,1.0,1
kev-4b,43/t2/turn2,43,get_reservation_details,5,0.0,1.0,get_user_details,1.0,1
kev-4b,43/t2/turn3,43,get_reservation_details,5,1.0,1.0,get_reservation_details,1.0,1
kev-4b,43/t2/turn4,43,get_reservation_details,5,1.0,1.0,get_reservation_details,1.0,1
kev-4b,43/t2/turn5,43,get_reservation_details,5,1.0,1.0,get_reservation_details,1.0,1
kev-4b,43/t2/turn6,43,get_flight_status,5,0.0,1.0,get_reservation_details,1.0,1
kev-4b,43/t2/turn7,43,respond_to_user,5,1.0,1.0,respond_to_user,1.0,1
kev-4b,43/t2/turn8,43,transfer_to_human_agents,5,1.0,1.0,transfer_to_human_agents,1.0,1
kev-4b,43/t2/turn9,43,respond_to_user,5,0.0,0.0,transfer_to_human_agents,1.0,1
kev-4b,45/t0/turn0,45,respond_to_user,5,0.0,0.0,get_user_details,1.0,1
kev-4b,45/t0/turn1,45,get_reservation_details,5,1.0,1.0,get_reservation_details,1.0,1
kev-4b,45/t0/turn2,45,get_flight_status,5,0.0,1.0,get_reservation_details,1.0,1
kev-4b,45/t0/turn3,45,respond_to_user,5,0.0,0.0,cancel_reservation,1.0,1
kev-4b,45/t0/turn4,45,respond_to_user,5,0.0,0.0,update_reservation_flights,1.0,1
kev-4b,45/t0/turn5,45,respond_to_user,5,1.0,1.0,respond_to_user,1.0,1
kev-4b,45/t1/turn0,45,respond_to_user,5,0.0,0.0,get_user_details,1.0,1
kev-4b,45/t1/turn1,45,get_reservation_details,5,1.0,1.0,get_reservation_details,1.0,1
kev-4b,45/t1/turn2,45,get_flight_status,5,0.0,1.0,get_reservation_details,1.0,1
kev-4b,45/t1/turn3,45,get_flight_status,5,0.0,0.0,cancel_reservation,1.0,1
kev-4b,45/t1/turn4,45,respond_to_user,5,0.0,0.0,cancel_reservation,1.0,1
kev-4b,45/t1/turn5,45,respond_to_user,5,0.0,0.0,update_reservation_flights,1.0,1
kev-4b,45/t1/turn6,45,respond_to_user,5,1.0,1.0,respond_to_user,1.0,1
kev-4b,45/t2/turn0,45,respond_to_user,5,0.0,0.0,get_user_details,1.0,1
kev-4b,45/t2/turn1,45,get_reservation_details,5,1.0,1.0,get_reservation_details,1.0,1
kev-4b,45/t2/turn2,45,respond_to_user,5,0.0,1.0,get_reservation_details,1.0,1
kev-4b,45/t2/turn3,45,respond_to_user,5,0.0,0.0,update_reservation_flights,1.0,1
kev-4b,45/t2/turn4,45,respond_to_user,5,1.0,1.0,respond_to_user,1.0,1
kev-4b,45/t2/turn5,45,respond_to_user,5,1.0,1.0,respond_to_user,1.0,1
kev-4b,46/t0/turn0,46,transfer_to_human_agents,5,1.0,1.0,transfer_to_human_agents,1.0,1
kev-4b,46/t0/turn1,46,respond_to_user,5,0.0,0.0,transfer_to_human_agents,1.0,1
kev-4b,46/t1/turn0,46,transfer_to_human_agents,5,0.0,0.0,get_reservation_details,1.0,1
kev-4b,46/t1/turn1,46,respond_to_user,5,0.0,0.0,transfer_to_human_agents,1.0,1
kev-4b,46/t2/turn0,46,transfer_to_human_agents,5,0.0,0.0,get_reservation_details,1.0,1
kev-4b,46/t2/turn1,46,respond_to_user,5,0.0,0.0,transfer_to_human_agents,1.0,1
kev-4b,47/t0/turn0,47,respond_to_user,5,0.0,1.0,get_reservation_details,1.0,1
kev-4b,47/t0/turn1,47,get_reservation_details,5,1.0,1.0,get_reservation_details,1.0,1
kev-4b,47/t0/turn2,47,respond_to_user,5,0.0,1.0,get_reservation_details,1.0,1
kev-4b,47/t0/turn3,47,respond_to_user,5,1.0,1.0,respond_to_user,1.0,1
kev-4b,47/t0/turn4,47,respond_to_user,5,1.0,1.0,respond_to_user,1.0,1
kev-4b,47/t0/turn5,47,respond_to_user,5,1.0,1.0,respond_to_user,1.0,1
kev-4b,47/t0/turn6,47,respond_to_user,5,1.0,1.0,respond_to_user,1.0,1
kev-4b,47/t0/turn7,47,respond_to_user,5,1.0,1.0,respond_to_user,1.0,1
kev-4b,47/t1/turn0,47,respond_to_user,5,0.0,1.0,get_reservation_details,1.0,1
kev-4b,47/t1/turn1,47,get_user_details,5,0.0,1.0,get_reservation_details,1.0,1
kev-4b,47/t1/turn2,47,get_reservation_details,5,1.0,1.0,get_reservation_details,1.0,1
kev-4b,47/t1/turn3,47,get_flight_status,5,0.0,0.0,cancel_reservation,1.0,1
kev-4b,47/t1/turn4,47,respond_to_user,5,0.0,0.0,cancel_reservation,1.0,1
kev-4b,47/t1/turn5,47,transfer_to_human_agents,5,0.0,0.0,respond_to_user,1.0,1
kev-4b,47/t1/turn6,47,respond_to_user,5,0.0,0.0,transfer_to_human_agents,1.0,1
kev-4b,47/t2/turn0,47,respond_to_user,5,0.0,1.0,get_reservation_details,1.0,1
kev-4b,47/t2/turn1,47,get_user_details,5,0.0,1.0,get_reservation_details,1.0,1
kev-4b,47/t2/turn2,47,respond_to_user,5,0.0,0.0,cancel_reservation,1.0,1
kev-4b,47/t2/turn3,47,respond_to_user,5,1.0,1.0,respond_to_user,1.0,1
kev-4b,47/t2/turn4,47,respond_to_user,5,1.0,1.0,respond_to_user,1.0,1
kev-4b,47/t2/turn5,47,respond_to_user,5,1.0,1.0,respond_to_user,1.0,1
kev-4b,47/t2/turn6,47,transfer_to_human_agents,5,0.0,0.0,respond_to_user,1.0,1
kev-4b,47/t2/turn7,47,respond_to_user,5,0.0,0.0,transfer_to_human_agents,1.0,1
kev-4b,48/t0/turn0,48,respond_to_user,5,0.0,0.0,get_user_details,1.0,1
kev-4b,48/t0/turn1,48,get_reservation_details,5,0.0,0.0,cancel_reservation,1.0,1
kev-4b,48/t0/turn2,48,respond_to_user,5,0.0,0.0,cancel_reservation,1.0,1
kev-4b,48/t0/turn3,48,get_reservation_details,5,1.0,1.0,get_reservation_details,1.0,1
kev-4b,48/t0/turn4,48,transfer_to_human_agents,5,0.0,0.0,respond_to_user,1.0,1
kev-4b,48/t0/turn5,48,respond_to_user,5,0.0,0.0,transfer_to_human_agents,1.0,1
kev-4b,48/t1/turn0,48,respond_to_user,5,0.0,0.0,cancel_reservation,1.0,1
kev-4b,48/t1/turn1,48,get_reservation_details,5,1.0,1.0,get_reservation_details,1.0,1
kev-4b,48/t1/turn2,48,respond_to_user,5,0.0,0.0,transfer_to_human_agents,1.0,1
kev-4b,48/t1/turn3,48,get_reservation_details,5,1.0,1.0,get_reservation_details,1.0,1
kev-4b,48/t1/turn4,48,transfer_to_human_agents,5,0.0,0.0,respond_to_user,1.0,1
kev-4b,48/t1/turn5,48,respond_to_user,5,0.0,0.0,transfer_to_human_agents,1.0,1
kev-4b,48/t2/turn0,48,respond_to_user,5,0.0,0.0,get_user_details,1.0,1
kev-4b,48/t2/turn1,48,get_reservation_details,5,1.0,1.0,get_reservation_details,1.0,1
kev-4b,48/t2/turn2,48,respond_to_user,5,0.0,1.0,get_reservation_details,1.0,1
kev-4b,48/t2/turn3,48,get_reservation_details,5,0.0,0.0,respond_to_user,1.0,1
kev-4b,48/t2/turn4,48,transfer_to_human_agents,5,0.0,0.0,respond_to_user,1.0,1
kev-4b,48/t2/turn5,48,respond_to_user,5,0.0,0.0,transfer_to_human_agents,1.0,1
kev-4b,49/t0/turn0,49,respond_to_user,5,0.0,0.0,cancel_reservation,1.0,1
kev-4b,49/t0/turn1,49,get_reservation_details,5,1.0,1.0,get_reservation_details,1.0,1
kev-4b,49/t0/turn2,49,transfer_to_human_agents,5,0.0,1.0,get_reservation_details,1.0,1
kev-4b,49/t0/turn3,49,respond_to_user,5,0.0,0.0,transfer_to_human_agents,1.0,1
kev-4b,49/t1/turn0,49,respond_to_user,5,0.0,1.0,get_reservation_details,1.0,1
kev-4b,49/t1/turn1,49,get_reservation_details,5,1.0,1.0,get_reservation_details,1.0,1
kev-4b,49/t1/turn2,49,respond_to_user,5,0.0,0.0,transfer_to_human_agents,1.0,1
kev-4b,49/t1/turn3,49,get_user_details,5,1.0,1.0,get_user_details,1.0,1
kev-4b,49/t1/turn4,49,transfer_to_human_agents,5,0.0,0.0,respond_to_user,1.0,1
kev-4b,49/t1/turn5,49,respond_to_user,5,0.0,0.0,transfer_to_human_agents,1.0,1
kev-4b,49/t2/turn0,49,respond_to_user,5,0.0,1.0,get_reservation_details,1.0,1
kev-4b,49/t2/turn1,49,get_reservation_details,5,1.0,1.0,get_reservation_details,1.0,1
kev-4b,49/t2/turn2,49,respond_to_user,5,0.0,1.0,get_reservation_details,1.0,1
kev-4b,49/t2/turn3,49,get_user_details,5,0.0,0.0,respond_to_user,1.0,1
kev-4b,49/t2/turn4,49,transfer_to_human_agents,5,0.0,0.0,respond_to_user,1.0,1
kev-4b,49/t2/turn5,49,respond_to_user,5,0.0,0.0,transfer_to_human_agents,1.0,1
kev-4b,5/t0/turn0,5,respond_to_user,5,1.0,1.0,respond_to_user,1.0,1
kev-4b,5/t0/turn1,5,respond_to_user,5,1.0,1.0,respond_to_user,1.0,1
kev-4b,5/t0/turn2,5,respond_to_user,5,1.0,1.0,respond_to_user,1.0,1
kev-4b,5/t1/turn0,5,respond_to_user,5,1.0,1.0,respond_to_user,1.0,1
kev-4b,5/t1/turn1,5,get_user_details,5,1.0,1.0,get_user_details,1.0,1
kev-4b,5/t1/turn10,5,transfer_to_human_agents,5,0.0,0.0,respond_to_user,1.0,1
kev-4b,5/t1/turn11,5,respond_to_user,5,0.0,0.0,transfer_to_human_agents,1.0,1
kev-4b,5/t1/turn2,5,get_reservation_details,5,0.0,1.0,get_user_details,1.0,1
kev-4b,5/t1/turn3,5,get_reservation_details,5,0.0,1.0,get_user_details,1.0,1
kev-4b,5/t1/turn4,5,get_reservation_details,5,0.0,1.0,get_user_details,1.0,1
kev-4b,5/t1/turn5,5,get_flight_status,5,0.0,0.0,get_reservation_details,1.0,1
kev-4b,5/t1/turn6,5,respond_to_user,5,1.0,1.0,respond_to_user,1.0,1
kev-4b,5/t1/turn7,5,respond_to_user,5,1.0,1.0,respond_to_user,1.0,1
kev-4b,5/t1/turn8,5,get_user_details,5,0.0,0.0,transfer_to_human_agents,1.0,1
kev-4b,5/t1/turn9,5,respond_to_user,5,0.0,0.0,transfer_to_human_agents,1.0,1
kev-4b,5/t2/turn0,5,respond_to_user,5,1.0,1.0,respond_to_user,1.0,1
kev-4b,5/t2/turn1,5,respond_to_user,5,1.0,1.0,respond_to_user,1.0,1
kev-4b,5/t2/turn2,5,respond_to_user,5,1.0,1.0,respond_to_user,1.0,1
kev-4b,5/t2/turn3,5,respond_to_user,5,1.0,1.0,respond_to_user,1.0,1
kev-4b,6/t0/turn0,6,respond_to_user,5,0.0,0.0,get_user_details,1.0,1
kev-4b,6/t0/turn1,6,get_reservation_details,5,1.0,1.0,get_reservation_details,1.0,1
kev-4b,6/t0/turn2,6,respond_to_user,5,0.0,1.0,get_reservation_details,1.0,1
kev-4b,6/t0/turn3,6,respond_to_user,5,0.0,0.0,transfer_to_human_agents,1.0,1
kev-4b,6/t0/turn4,6,transfer_to_human_agents,5,1.0,1.0,transfer_to_human_agents,1.0,1
kev-4b,6/t0/turn5,6,respond_to_user,5,0.0,0.0,transfer_to_human_agents,1.0,1
kev-4b,6/t1/turn0,6,respond_to_user,5,0.0,0.0,get_user_details,1.0,1
kev-4b,6/t1/turn1,6,get_reservation_details,5,1.0,1.0,get_reservation_details,1.0,1
kev-4b,6/t1/turn2,6,respond_to_user,5,0.0,1.0,get_reservation_details,1.0,1
kev-4b,6/t1/turn3,6,respond_to_user,5,0.0,0.0,transfer_to_human_agents,1.0,1
kev-4b,6/t1/turn4,6,get_flight_status,5,0.0,0.0,respond_to_user,1.0,1
kev-4b,6/t1/turn5,6,get_flight_status,5,0.0,0.0,respond_to_user,1.0,1
kev-4b,6/t1/turn6,6,respond_to_user,5,1.0,1.0,respond_to_user,1.0,1
kev-4b,6/t1/turn7,6,respond_to_user,5,1.0,1.0,respond_to_user,1.0,1
kev-4b,6/t1/turn8,6,respond_to_user,5,1.0,1.0,respond_to_user,1.0,1
kev-4b,6/t2/turn0,6,respond_to_user,5,0.0,1.0,get_reservation_details,1.0,1
kev-4b,6/t2/turn1,6,get_reservation_details,5,1.0,1.0,get_reservation_details,1.0,1
kev-4b,6/t2/turn2,6,respond_to_user,5,0.0,1.0,get_reservation_details,1.0,1
kev-4b,6/t2/turn3,6,respond_to_user,5,0.0,0.0,transfer_to_human_agents,1.0,1
kev-4b,6/t2/turn4,6,respond_to_user,5,1.0,1.0,respond_to_user,1.0,1
kev-4b,6/t2/turn5,6,get_flight_status,5,0.0,0.0,cancel_reservation,1.0,1
kev-4b,6/t2/turn6,6,get_flight_status,5,0.0,0.0,cancel_reservation,1.0,1
kev-4b,6/t2/turn7,6,respond_to_user,5,0.0,0.0,cancel_reservation,1.0,1
kev-4b,6/t2/turn8,6,respond_to_user,5,1.0,1.0,respond_to_user,1.0,1
kev-4b,8/t1/turn0,8,respond_to_user,5,0.0,1.0,search_direct_flight,1.0,1
kev-4b,8/t1/turn1,8,get_user_details,5,1.0,1.0,get_user_details,1.0,1
kev-4b,8/t1/turn10,8,respond_to_user,5,0.0,0.0,book_reservation,1.0,1
kev-4b,8/t1/turn11,8,book_reservation,5,1.0,1.0,book_reservation,1.0,1
kev-4b,8/t1/turn12,8,respond_to_user,5,0.0,0.0,book_reservation,1.0,1
kev-4b,8/t1/turn2,8,get_reservation_details,5,0.0,1.0,get_user_details,1.0,1
kev-4b,8/t1/turn3,8,get_reservation_details,5,0.0,1.0,get_user_details,1.0,1
kev-4b,8/t1/turn4,8,get_reservation_details,5,0.0,1.0,get_user_details,1.0,1
kev-4b,8/t1/turn5,8,get_reservation_details,5,0.0,1.0,get_user_details,1.0,1
kev-4b,8/t1/turn6,8,get_reservation_details,5,0.0,1.0,get_user_details,1.0,1
kev-4b,8/t1/turn7,8,search_direct_flight,5,0.0,1.0,get_user_details,1.0,1
kev-4b,8/t1/turn8,8,respond_to_user,5,0.0,1.0,search_direct_flight,1.0,1
kev-4b,8/t1/turn9,8,respond_to_user,5,0.0,0.0,book_reservation,1.0,1
kev-4b,8/t2/turn0,8,respond_to_user,5,0.0,1.0,search_direct_flight,1.0,1
kev-4b,8/t2/turn1,8,get_user_details,5,1.0,1.0,get_user_details,1.0,1
kev-4b,8/t2/turn10,8,book_reservation,5,1.0,1.0,book_reservation,1.0,1
kev-4b,8/t2/turn11,8,respond_to_user,5,0.0,0.0,book_reservation,1.0,1
kev-4b,8/t2/turn2,8,get_reservation_details,5,0.0,1.0,get_user_details,1.0,1
kev-4b,8/t2/turn3,8,get_reservation_details,5,0.0,1.0,get_user_details,1.0,1
kev-4b,8/t2/turn4,8,get_reservation_details,5,0.0,1.0,get_user_details,1.0,1
kev-4b,8/t2/turn5,8,get_reservation_details,5,0.0,1.0,get_user_details,1.0,1
kev-4b,8/t2/turn6,8,get_reservation_details,5,0.0,1.0,get_user_details,1.0,1
kev-4b,8/t2/turn7,8,search_direct_flight,5,0.0,1.0,get_user_details,1.0,1
kev-4b,8/t2/turn8,8,respond_to_user,5,0.0,1.0,search_direct_flight,1.0,1
kev-4b,8/t2/turn9,8,respond_to_user,5,0.0,0.0,book_reservation,1.0,1
kev-4b,9/t0/turn0,9,respond_to_user,5,0.0,0.0,get_user_details,1.0,1
kev-4b,9/t0/turn1,9,get_user_details,5,0.0,0.0,update_reservation_flights,1.0,1
kev-4b,9/t0/turn2,9,get_reservation_details,5,0.0,0.0,get_user_details,1.0,1
kev-4b,9/t0/turn3,9,get_reservation_details,5,1.0,1.0,get_reservation_details,1.0,1
kev-4b,9/t0/turn4,9,get_reservation_details,5,0.0,0.0,get_user_details,1.0,1
kev-4b,9/t0/turn5,9,search_direct_flight,5,0.0,0.0,get_user_details,1.0,1
kev-4b,9/t0/turn6,9,get_flight_status,5,0.0,1.0,search_direct_flight,1.0,1
kev-4b,9/t0/turn7,9,transfer_to_human_agents,5,0.0,0.0,cancel_reservation,1.0,1
kev-4b,9/t0/turn8,9,respond_to_user,5,0.0,0.0,transfer_to_human_agents,1.0,1
kev-4b,9/t1/turn0,9,respond_to_user,5,0.0,0.0,get_user_details,1.0,1
kev-4b,9/t1/turn1,9,get_user_details,5,0.0,0.0,respond_to_user,1.0,1
kev-4b,9/t1/turn10,9,respond_to_user,5,0.0,0.0,transfer_to_human_agents,1.0,1
kev-4b,9/t1/turn2,9,get_reservation_details,5,0.0,0.0,get_user_details,1.0,1
kev-4b,9/t1/turn3,9,get_reservation_details,5,0.0,0.0,get_user_details,1.0,1
kev-4b,9/t1/turn4,9,get_reservation_details,5,0.0,0.0,get_user_details,1.0,1
kev-4b,9/t1/turn5,9,get_flight_status,5,0.0,0.0,get_user_details,1.0,1
kev-4b,9/t1/turn6,9,get_flight_status,5,0.0,1.0,search_direct_flight,1.0,1
kev-4b,9/t1/turn7,9,get_flight_status,5,0.0,1.0,search_direct_flight,1.0,1
kev-4b,9/t1/turn8,9,search_direct_flight,5,0.0,0.0,cancel_reservation,1.0,1
kev-4b,9/t1/turn9,9,transfer_to_human_agents,5,0.0,1.0,search_direct_flight,1.0,1
kev-4b,9/t2/turn0,9,respond_to_user,5,0.0,0.0,get_user_details,1.0,1
kev-4b,9/t2/turn1,9,get_user_details,5,0.0,0.0,update_reservation_flights,1.0,1
kev-4b,9/t2/turn2,9,get_reservation_details,5,0.0,0.0,get_user_details,1.0,1
kev-4b,9/t2/turn3,9,get_reservation_details,5,1.0,1.0,get_reservation_details,1.0,1
kev-4b,9/t2/turn4,9,get_reservation_details,5,0.0,0.0,update_reservation_flights,1.0,1
kev-4b,9/t2/turn5,9,get_flight_status,5,0.0,0.0,update_reservation_flights,1.0,1
kev-4b,9/t2/turn6,9,search_direct_flight,5,0.0,0.0,cancel_reservation,1.0,1
kev-4b,9/t2/turn7,9,transfer_to_human_agents,5,0.0,1.0,search_direct_flight,1.0,1
kev-4b,9/t2/turn8,9,respond_to_user,5,0.0,0.0,transfer_to_human_agents,1.0,1
kev-9b,0/t0/turn0,0,respond_to_user,5,0.0,0.0,get_reservation_details,1.0,1
kev-9b,0/t0/turn1,0,get_reservation_details,5,0.0,0.0,get_user_details,1.0,1
kev-9b,0/t0/turn2,0,respond_to_user,5,0.0,0.0,get_reservation_details,1.0,1
kev-9b,0/t0/turn3,0,transfer_to_human_agents,5,0.0,0.0,respond_to_user,1.0,1
kev-9b,0/t0/turn4,0,respond_to_user,5,0.0,0.0,transfer_to_human_agents,1.0,1
kev-9b,0/t1/turn0,0,respond_to_user,5,0.0,0.0,get_reservation_details,1.0,1
kev-9b,0/t1/turn1,0,get_user_details,5,1.0,1.0,get_user_details,1.0,1
kev-9b,0/t1/turn2,0,respond_to_user,5,0.0,0.0,get_user_details,1.0,1
kev-9b,0/t1/turn3,0,respond_to_user,5,1.0,1.0,respond_to_user,1.0,1
kev-9b,0/t2/turn0,0,respond_to_user,5,0.0,0.0,get_reservation_details,1.0,1
kev-9b,0/t2/turn1,0,get_user_details,5,0.0,0.0,get_reservation_details,1.0,1
kev-9b,0/t2/turn2,0,get_reservation_details,5,1.0,1.0,get_reservation_details,1.0,1
kev-9b,0/t2/turn3,0,get_flight_status,5,0.0,0.0,get_reservation_details,1.0,1
kev-9b,0/t2/turn4,0,respond_to_user,5,0.0,0.0,get_flight_status,1.0,1
kev-9b,0/t2/turn5,0,respond_to_user,5,1.0,1.0,respond_to_user,1.0,1
kev-9b,1/t0/turn0,1,respond_to_user,5,1.0,1.0,respond_to_user,1.0,1
kev-9b,1/t0/turn1,1,get_user_details,5,1.0,1.0,get_user_details,1.0,1
kev-9b,1/t0/turn10,1,respond_to_user,5,1.0,1.0,respond_to_user,1.0,1
kev-9b,1/t0/turn11,1,transfer_to_human_agents,5,1.0,1.0,transfer_to_human_agents,1.0,1
kev-9b,1/t0/turn12,1,respond_to_user,5,0.0,0.0,transfer_to_human_agents,1.0,1
kev-9b,1/t0/turn2,1,get_reservation_details,5,0.0,1.0,get_user_details,1.0,1
kev-9b,1/t0/turn3,1,get_reservation_details,5,0.0,1.0,get_user_details,1.0,1
kev-9b,1/t0/turn4,1,get_reservation_details,5,1.0,1.0,get_reservation_details,1.0,1
kev-9b,1/t0/turn5,1,get_reservation_details,5,1.0,1.0,get_reservation_details,1.0,1
kev-9b,1/t0/turn6,1,get_reservation_details,5,1.0,1.0,get_reservation_details,1.0,1
kev-9b,1/t0/turn7,1,get_flight_status,5,0.0,1.0,get_reservation_details,1.0,1
kev-9b,1/t0/turn8,1,get_flight_status,5,0.0,0.0,respond_to_user,1.0,1
kev-9b,1/t0/turn9,1,get_flight_status,5,0.0,0.0,respond_to_user,1.0,1
kev-9b,1/t1/turn0,1,respond_to_user,5,1.0,1.0,respond_to_user,1.0,1
kev-9b,1/t1/turn1,1,get_user_details,5,1.0,1.0,get_user_details,1.0,1
kev-9b,1/t1/turn10,1,get_flight_status,5,0.0,0.0,respond_to_user,1.0,1
kev-9b,1/t1/turn11,1,respond_to_user,5,1.0,1.0,respond_to_user,1.0,1
kev-9b,1/t1/turn2,1,get_reservation_details,5,0.0,1.0,get_user_details,1.0,1
kev-9b,1/t1/turn3,1,get_reservation_details,5,0.0,1.0,get_user_details,1.0,1
kev-9b,1/t1/turn4,1,get_reservation_details,5,0.0,1.0,get_user_details,1.0,1
kev-9b,1/t1/turn5,1,get_reservation_details,5,0.0,1.0,get_user_details,1.0,1
kev-9b,1/t1/turn6,1,get_reservation_details,5,0.0,1.0,get_user_details,1.0,1
kev-9b,1/t1/turn7,1,respond_to_user,5,0.0,1.0,get_user_details,1.0,1
kev-9b,1/t1/turn8,1,get_flight_status,5,0.0,0.0,respond_to_user,1.0,1
kev-9b,1/t1/turn9,1,get_flight_status,5,0.0,0.0,respond_to_user,1.0,1
kev-9b,1/t2/turn0,1,respond_to_user,5,1.0,1.0,respond_to_user,1.0,1
kev-9b,1/t2/turn1,1,get_user_details,5,1.0,1.0,get_user_details,1.0,1
kev-9b,1/t2/turn2,1,get_reservation_details,5,0.0,1.0,get_user_details,1.0,1
kev-9b,1/t2/turn3,1,get_reservation_details,5,0.0,1.0,get_user_details,1.0,1
kev-9b,1/t2/turn4,1,get_reservation_details,5,0.0,1.0,get_user_details,1.0,1
kev-9b,1/t2/turn5,1,get_reservation_details,5,1.0,1.0,get_reservation_details,1.0,1
kev-9b,1/t2/turn6,1,get_reservation_details,5,0.0,1.0,get_user_details,1.0,1
kev-9b,1/t2/turn7,1,respond_to_user,5,0.0,1.0,get_reservation_details,1.0,1
kev-9b,10/t0/turn0,10,respond_to_user,5,1.0,1.0,respond_to_user,1.0,1
kev-9b,10/t0/turn1,10,get_user_details,5,1.0,1.0,get_user_details,1.0,1
kev-9b,10/t0/turn10,10,respond_to_user,5,1.0,1.0,respond_to_user,1.0,1
kev-9b,10/t0/turn11,10,respond_to_user,5,1.0,1.0,respond_to_user,1.0,1
kev-9b,10/t0/turn2,10,get_reservation_details,5,0.0,0.0,get_user_details,1.0,1
kev-9b,10/t0/turn3,10,search_onestop_flight,5,0.0,0.0,get_reservation_details,1.0,1
kev-9b,10/t0/turn4,10,search_direct_flight,5,0.0,0.0,search_onestop_flight,1.0,1
kev-9b,10/t0/turn5,10,search_direct_flight,5,0.0,0.0,search_onestop_flight,1.0,1
kev-9b,10/t0/turn6,10,search_direct_flight,5,0.0,0.0,search_onestop_flight,1.0,1
kev-9b,10/t0/turn7,10,respond_to_user,5,0.0,0.0,search_onestop_flight,1.0,1
kev-9b,10/t0/turn8,10,respond_to_user,5,1.0,1.0,respond_to_user,1.0,1
kev-9b,10/t0/turn9,10,respond_to_user,5,1.0,1.0,respond_to_user,1.0,1
kev-9b,10/t1/turn0,10,respond_to_user,5,1.0,1.0,respond_to_user,1.0,1
kev-9b,10/t1/turn1,10,get_user_details,5,1.0,1.0,get_user_details,1.0,1
kev-9b,10/t1/turn10,10,respond_to_user,5,1.0,1.0,respond_to_user,1.0,1
kev-9b,10/t1/turn2,10,get_reservation_details,5,0.0,0.0,get_user_details,1.0,1
kev-9b,10/t1/turn3,10,respond_to_user,5,0.0,0.0,get_reservation_details,1.0,1
kev-9b,10/t1/turn4,10,search_direct_flight,5,0.0,0.0,respond_to_user,1.0,1
kev-9b,10/t1/turn5,10,search_onestop_flight,5,0.0,0.0,search_direct_flight,1.0,1
kev-9b,10/t1/turn6,10,search_direct_flight,5,0.0,0.0,search_onestop_flight,1.0,1
kev-9b,10/t1/turn7,10,search_direct_flight,5,0.0,0.0,search_onestop_flight,1.0,1
kev-9b,10/t1/turn8,10,respond_to_user,5,0.0,0.0,search_onestop_flight,1.0,1
kev-9b,10/t1/turn9,10,respond_to_user,5,1.0,1.0,respond_to_user,1.0,1
kev-9b,10/t2/turn0,10,respond_to_user,5,1.0,1.0,respond_to_user,1.0,1
kev-9b,10/t2/turn1,10,get_user_details,5,1.0,1.0,get_user_details,1.0,1
kev-9b,10/t2/turn2,10,get_reservation_details,5,0.0,0.0,get_user_details,1.0,1
kev-9b,10/t2/turn3,10,search_direct_flight,5,0.0,0.0,get_reservation_details,1.0,1
kev-9b,10/t2/turn4,10,search_onestop_flight,5,0.0,0.0,search_direct_flight,1.0,1
kev-9b,10/t2/turn5,10,search_direct_flight,5,0.0,0.0,search_onestop_flight,1.0,1
kev-9b,10/t2/turn6,10,search_direct_flight,5,0.0,0.0,search_onestop_flight,1.0,1
kev-9b,10/t2/turn7,10,respond_to_user,5,0.0,0.0,search_onestop_flight,1.0,1
kev-9b,10/t2/turn8,10,respond_to_user,5,1.0,1.0,respond_to_user,1.0,1
kev-9b,10/t2/turn9,10,respond_to_user,5,1.0,1.0,respond_to_user,1.0,1
kev-9b,11/t0/turn0,11,respond_to_user,5,0.0,0.0,update_reservation_passengers,1.0,1
kev-9b,11/t0/turn1,11,get_user_details,5,1.0,1.0,get_user_details,1.0,1
kev-9b,11/t0/turn2,11,get_reservation_details,5,0.0,0.0,get_user_details,1.0,1
kev-9b,11/t0/turn3,11,get_reservation_details,5,0.0,0.0,respond_to_user,1.0,1
kev-9b,11/t0/turn4,11,get_reservation_details,5,0.0,0.0,respond_to_user,1.0,1
kev-9b,11/t0/turn5,11,search_direct_flight,5,0.0,0.0,respond_to_user,1.0,1
kev-9b,11/t0/turn6,11,respond_to_user,5,1.0,1.0,respond_to_user,1.0,1
kev-9b,11/t0/turn7,11,update_reservation_flights,5,0.0,0.0,respond_to_user,1.0,1
kev-9b,11/t0/turn8,11,respond_to_user,5,1.0,1.0,respond_to_user,1.0,1
kev-9b,11/t1/turn0,11,respond_to_user,5,0.0,0.0,update_reservation_passengers,1.0,1
kev-9b,11/t1/turn1,11,get_user_details,5,1.0,1.0,get_user_details,1.0,1
kev-9b,11/t1/turn2,11,get_reservation_details,5,0.0,0.0,get_user_details,1.0,1
kev-9b,11/t1/turn3,11,get_reservation_details,5,0.0,0.0,get_user_details,1.0,1
kev-9b,11/t1/turn4,11,get_reservation_details,5,0.0,0.0,respond_to_user,1.0,1
kev-9b,11/t1/turn5,11,search_direct_flight,5,0.0,0.0,get_reservation_details,1.0,1
kev-9b,11/t1/turn6,11,search_direct_flight,5,0.0,0.0,respond_to_user,1.0,1
kev-9b,11/t1/turn7,11,respond_to_user,5,1.0,1.0,respond_to_user,1.0,1
kev-9b,11/t1/turn8,11,update_reservation_flights,5,0.0,0.0,respond_to_user,1.0,1
kev-9b,11/t1/turn9,11,respond_to_user,5,1.0,1.0,respond_to_user,1.0,1
kev-9b,11/t2/turn0,11,respond_to_user,5,0.0,0.0,update_reservation_passengers,1.0,1
kev-9b,11/t2/turn1,11,respond_to_user,5,0.0,0.0,get_reservation_details,1.0,1
kev-9b,11/t2/turn10,11,respond_to_user,5,1.0,1.0,respond_to_user,1.0,1
kev-9b,11/t2/turn11,11,update_reservation_flights,5,0.0,0.0,respond_to_user,1.0,1
kev-9b,11/t2/turn12,11,respond_to_user,5,0.0,0.0,update_reservation_flights,1.0,1
kev-9b,11/t2/turn2,11,get_user_details,5,1.0,1.0,get_user_details,1.0,1
kev-9b,11/t2/turn3,11,get_reservation_details,5,0.0,0.0,get_user_details,1.0,1
kev-9b,11/t2/turn4,11,get_reservation_details,5,0.0,0.0,get_user_details,1.0,1
kev-9b,11/t2/turn5,11,get_reservation_details,5,0.0,0.0,get_user_details,1.0,1
kev-9b,11/t2/turn6,11,get_flight_status,5,0.0,0.0,get_user_details,1.0,1
kev-9b,11/t2/turn7,11,get_flight_status,5,1.0,1.0,get_flight_status,1.0,1
kev-9b,11/t2/turn8,11,search_direct_flight,5,0.0,0.0,respond_to_user,1.0,1
kev-9b,11/t2/turn9,11,search_direct_flight,5,0.0,0.0,respond_to_user,1.0,1
kev-9b,12/t0/turn0,12,respond_to_user,5,0.0,1.0,get_reservation_details,1.0,1
kev-9b,12/t0/turn1,12,get_reservation_details,5,1.0,1.0,get_reservation_details,1.0,1
kev-9b,12/t0/turn2,12,search_direct_flight,5,0.0,1.0,get_reservation_details,1.0,1
kev-9b,12/t0/turn3,12,search_direct_flight,5,0.0,0.0,respond_to_user,1.0,1
kev-9b,12/t0/turn4,12,get_user_details,5,0.0,0.0,respond_to_user,1.0,1
kev-9b,12/t0/turn5,12,respond_to_user,5,0.0,0.0,get_user_details,1.0,1
kev-9b,12/t0/turn6,12,update_reservation_baggages,5,0.0,0.0,respond_to_user,1.0,1
kev-9b,12/t0/turn7,12,respond_to_user,5,0.0,0.0,update_reservation_baggages,1.0,1
kev-9b,12/t1/turn0,12,respond_to_user,5,0.0,1.0,get_reservation_details,1.0,1
kev-9b,12/t1/turn1,12,get_reservation_details,5,1.0,1.0,get_reservation_details,1.0,1
kev-9b,12/t1/turn2,12,search_direct_flight,5,0.0,1.0,get_reservation_details,1.0,1
kev-9b,12/t1/turn3,12,search_direct_flight,5,0.0,0.0,respond_to_user,1.0,1
kev-9b,12/t1/turn4,12,get_user_details,5,0.0,0.0,respond_to_user,1.0,1
kev-9b,12/t1/turn5,12,respond_to_user,5,0.0,0.0,get_user_details,1.0,1
kev-9b,12/t1/turn6,12,respond_to_user,5,1.0,1.0,respond_to_user,1.0,1
kev-9b,12/t1/turn7,12,update_reservation_baggages,5,1.0,1.0,update_reservation_baggages,1.0,1
kev-9b,12/t1/turn8,12,respond_to_user,5,0.0,0.0,update_reservation_baggages,1.0,1
kev-9b,12/t2/turn0,12,respond_to_user,5,0.0,1.0,get_reservation_details,1.0,1
kev-9b,12/t2/turn1,12,get_user_details,5,0.0,1.0,get_reservation_details,1.0,1
kev-9b,12/t2/turn2,12,search_direct_flight,5,0.0,0.0,get_user_details,1.0,1
kev-9b,12/t2/turn3,12,search_direct_flight,5,0.0,0.0,get_user_details,1.0,1
kev-9b,12/t2/turn4,12,respond_to_user,5,1.0,1.0,respond_to_user,1.0,1
kev-9b,12/t2/turn5,12,update_reservation_baggages,5,0.0,0.0,respond_to_user,1.0,1
kev-9b,12/t2/turn6,12,respond_to_user,5,0.0,0.0,update_reservation_baggages,1.0,1
kev-9b,13/t0/turn0,13,respond_to_user,5,1.0,1.0,respond_to_user,1.0,1
kev-9b,13/t0/turn1,13,transfer_to_human_agents,5,1.0,1.0,transfer_to_human_agents,1.0,1
kev-9b,13/t0/turn2,13,respond_to_user,5,0.0,0.0,transfer_to_human_agents,1.0,1
kev-9b,13/t1/turn0,13,respond_to_user,5,0.0,0.0,get_reservation_details,1.0,1
kev-9b,13/t1/turn1,13,transfer_to_human_agents,5,1.0,1.0,transfer_to_human_agents,1.0,1
kev-9b,13/t1/turn2,13,respond_to_user,5,0.0,0.0,transfer_to_human_agents,1.0,1
kev-9b,13/t2/turn0,13,respond_to_user,5,1.0,1.0,respond_to_user,1.0,1
kev-9b,13/t2/turn1,13,get_user_details,5,0.0,0.0,get_reservation_details,1.0,1
kev-9b,13/t2/turn2,13,transfer_to_human_agents,5,0.0,0.0,get_user_details,1.0,1
kev-9b,13/t2/turn3,13,respond_to_user,5,0.0,0.0,transfer_to_human_agents,1.0,1
kev-9b,14/t1/turn0,14,respond_to_user,5,1.0,1.0,respond_to_user,1.0,1
kev-9b,14/t1/turn1,14,get_user_details,5,1.0,1.0,get_user_details,1.0,1
kev-9b,14/t1/turn10,14,respond_to_user,5,1.0,1.0,respond_to_user,1.0,1
kev-9b,14/t1/turn2,14,respond_to_user,5,0.0,0.0,get_user_details,1.0,1
kev-9b,14/t1/turn3,14,get_reservation_details,5,1.0,1.0,get_reservation_details,1.0,1
kev-9b,14/t1/turn4,14,search_direct_flight,5,0.0,0.0,get_reservation_details,1.0,1
kev-9b,14/t1/turn5,14,search_onestop_flight,5,0.0,0.0,search_direct_flight,1.0,1
kev-9b,14/t1/turn6,14,search_direct_flight,5,0.0,0.0,search_onestop_flight,1.0,1
kev-9b,14/t1/turn7,14,search_onestop_flight,5,1.0,1.0,search_onestop_flight,1.0,1
kev-9b,14/t1/turn8,14,respond_to_user,5,0.0,0.0,search_onestop_flight,1.0,1
kev-9b,14/t1/turn9,14,respond_to_user,5,0.0,0.0,cancel_reservation,1.0,1
kev-9b,14/t2/turn0,14,respond_to_user,5,1.0,1.0,respond_to_user,1.0,1
kev-9b,14/t2/turn1,14,get_user_details,5,1.0,1.0,get_user_details,1.0,1
kev-9b,14/t2/turn10,14,cancel_reservation,5,1.0,1.0,cancel_reservation,1.0,1
kev-9b,14/t2/turn2,14,respond_to_user,5,0.0,0.0,get_user_details,1.0,1
kev-9b,14/t2/turn3,14,get_reservation_details,5,1.0,1.0,get_reservation_details,1.0,1
kev-9b,14/t2/turn4,14,search_direct_flight,5,0.0,0.0,get_reservation_details,1.0,1
kev-9b,14/t2/turn5,14,search_onestop_flight,5,0.0,0.0,search_direct_flight,1.0,1
kev-9b,14/t2/turn6,14,search_direct_flight,5,0.0,0.0,search_onestop_flight,1.0,1
kev-9b,14/t2/turn7,14,search_onestop_flight,5,1.0,1.0,search_onestop_flight,1.0,1
kev-9b,14/t2/turn8,14,respond_to_user,5,0.0,0.0,search_onestop_flight,1.0,1
kev-9b,14/t2/turn9,14,respond_to_user,5,0.0,0.0,cancel_reservation,1.0,1
kev-9b,15/t0/turn0,15,respond_to_user,5,1.0,1.0,respond_to_user,1.0,1
kev-9b,15/t0/turn1,15,get_user_details,5,1.0,1.0,get_user_details,1.0,1
kev-9b,15/t0/turn2,15,get_reservation_details,5,0.0,0.0,get_user_details,1.0,1
kev-9b,15/t0/turn3,15,search_direct_flight,5,0.0,0.0,get_reservation_details,1.0,1
kev-9b,15/t0/turn4,15,search_onestop_flight,5,0.0,0.0,search_direct_flight,1.0,1
kev-9b,15/t0/turn5,15,respond_to_user,5,0.0,0.0,search_onestop_flight,1.0,1
kev-9b,15/t0/turn6,15,update_reservation_flights,5,1.0,1.0,update_reservation_flights,1.0,1
kev-9b,15/t0/turn7,15,respond_to_user,5,0.0,0.0,update_reservation_flights,1.0,1
kev-9b,15/t1/turn0,15,respond_to_user,5,1.0,1.0,respond_to_user,1.0,1
kev-9b,15/t1/turn1,15,get_user_details,5,1.0,1.0,get_user_details,1.0,1
kev-9b,15/t1/turn2,15,get_reservation_details,5,0.0,0.0,get_user_details,1.0,1
kev-9b,15/t1/turn3,15,get_reservation_details,5,1.0,1.0,get_reservation_details,1.0,1
kev-9b,15/t1/turn4,15,search_direct_flight,5,0.0,0.0,get_user_details,1.0,1
kev-9b,15/t1/turn5,15,search_onestop_flight,5,0.0,0.0,search_direct_flight,1.0,1
kev-9b,15/t1/turn6,15,search_direct_flight,5,0.0,0.0,search_onestop_flight,1.0,1
kev-9b,15/t1/turn7,15,search_onestop_flight,5,1.0,1.0,search_onestop_flight,1.0,1
kev-9b,15/t2/turn0,15,respond_to_user,5,1.0,1.0,respond_to_user,1.0,1
kev-9b,15/t2/turn1,15,get_user_details,5,1.0,1.0,get_user_details,1.0,1
kev-9b,15/t2/turn2,15,get_reservation_details,5,0.0,0.0,get_user_details,1.0,1
kev-9b,15/t2/turn3,15,search_direct_flight,5,0.0,0.0,get_reservation_details,1.0,1
kev-9b,15/t2/turn4,15,search_onestop_flight,5,0.0,0.0,search_direct_flight,1.0,1
kev-9b,15/t2/turn5,15,respond_to_user,5,0.0,0.0,search_onestop_flight,1.0,1
kev-9b,15/t2/turn6,15,update_reservation_flights,5,1.0,1.0,update_reservation_flights,1.0,1
kev-9b,15/t2/turn7,15,respond_to_user,5,0.0,0.0,update_reservation_flights,1.0,1
kev-9b,16/t0/turn0,16,respond_to_user,5,1.0,1.0,respond_to_user,1.0,1
kev-9b,16/t0/turn1,16,get_user_details,5,1.0,1.0,get_user_details,1.0,1
kev-9b,16/t0/turn2,16,get_reservation_details,5,0.0,0.0,get_user_details,1.0,1
kev-9b,16/t0/turn3,16,search_direct_flight,5,0.0,0.0,get_reservation_details,1.0,1
kev-9b,16/t0/turn4,16,search_onestop_flight,5,0.0,0.0,search_direct_flight,1.0,1
kev-9b,16/t0/turn5,16,respond_to_user,5,0.0,0.0,search_onestop_flight,1.0,1
kev-9b,16/t0/turn6,16,respond_to_user,5,1.0,1.0,respond_to_user,1.0,1
kev-9b,16/t0/turn7,16,update_reservation_flights,5,1.0,1.0,update_reservation_flights,1.0,1
kev-9b,16/t0/turn8,16,respond_to_user,5,0.0,0.0,update_reservation_flights,1.0,1
kev-9b,16/t1/turn0,16,respond_to_user,5,1.0,1.0,respond_to_user,1.0,1
kev-9b,16/t1/turn1,16,get_user_details,5,1.0,1.0,get_user_details,1.0,1
kev-9b,16/t1/turn2,16,get_reservation_details,5,0.0,0.0,get_user_details,1.0,1
kev-9b,16/t1/turn3,16,search_direct_flight,5,0.0,0.0,get_reservation_details,1.0,1
kev-9b,16/t1/turn4,16,search_onestop_flight,5,0.0,0.0,search_direct_flight,1.0,1
kev-9b,16/t1/turn5,16,respond_to_user,5,0.0,0.0,search_onestop_flight,1.0,1
kev-9b,16/t1/turn6,16,respond_to_user,5,1.0,1.0,respond_to_user,1.0,1
kev-9b,16/t1/turn7,16,update_reservation_flights,5,1.0,1.0,update_reservation_flights,1.0,1
kev-9b,16/t1/turn8,16,respond_to_user,5,0.0,0.0,update_reservation_flights,1.0,1
kev-9b,16/t2/turn0,16,respond_to_user,5,1.0,1.0,respond_to_user,1.0,1
kev-9b,16/t2/turn1,16,get_user_details,5,1.0,1.0,get_user_details,1.0,1
kev-9b,16/t2/turn2,16,get_reservation_details,5,0.0,0.0,get_user_details,1.0,1
kev-9b,16/t2/turn3,16,search_direct_flight,5,0.0,0.0,get_reservation_details,1.0,1
kev-9b,16/t2/turn4,16,search_onestop_flight,5,0.0,0.0,search_direct_flight,1.0,1
kev-9b,16/t2/turn5,16,respond_to_user,5,0.0,0.0,search_onestop_flight,1.0,1
kev-9b,16/t2/turn6,16,respond_to_user,5,1.0,1.0,respond_to_user,1.0,1
kev-9b,16/t2/turn7,16,update_reservation_flights,5,1.0,1.0,update_reservation_flights,1.0,1
kev-9b,16/t2/turn8,16,respond_to_user,5,0.0,0.0,update_reservation_flights,1.0,1
kev-9b,17/t0/turn0,17,respond_to_user,5,1.0,1.0,respond_to_user,1.0,1
kev-9b,17/t0/turn1,17,get_user_details,5,1.0,1.0,get_user_details,1.0,1
kev-9b,17/t0/turn10,17,update_reservation_baggages,5,0.0,0.0,update_reservation_passengers,1.0,1
kev-9b,17/t0/turn2,17,get_reservation_details,5,0.0,0.0,get_user_details,1.0,1
kev-9b,17/t0/turn3,17,get_reservation_details,5,1.0,1.0,get_reservation_details,1.0,1
kev-9b,17/t0/turn4,17,get_reservation_details,5,0.0,0.0,respond_to_user,1.0,1
kev-9b,17/t0/turn5,17,search_onestop_flight,5,0.0,0.0,respond_to_user,1.0,1
kev-9b,17/t0/turn6,17,respond_to_user,5,0.0,0.0,search_onestop_flight,1.0,1
kev-9b,17/t0/turn7,17,respond_to_user,5,1.0,1.0,respond_to_user,1.0,1
kev-9b,17/t0/turn8,17,update_reservation_flights,5,1.0,1.0,update_reservation_flights,1.0,1
kev-9b,17/t0/turn9,17,update_reservation_passengers,5,1.0,1.0,update_reservation_passengers,1.0,1
kev-9b,17/t1/turn0,17,respond_to_user,5,1.0,1.0,respond_to_user,1.0,1
kev-9b,17/t1/turn1,17,get_user_details,5,1.0,1.0,get_user_details,1.0,1
kev-9b,17/t1/turn10,17,update_reservation_passengers,5,1.0,1.0,update_reservation_passengers,1.0,1
kev-9b,17/t1/turn11,17,update_reservation_baggages,5,0.0,0.0,update_reservation_passengers,1.0,1
kev-9b,17/t1/turn12,17,respond_to_user,5,0.0,0.0,update_reservation_passengers,1.0,1
kev-9b,17/t1/turn2,17,get_reservation_details,5,0.0,0.0,get_user_details,1.0,1
kev-9b,17/t1/turn3,17,get_reservation_details,5,1.0,1.0,get_reservation_details,1.0,1
kev-9b,17/t1/turn4,17,get_reservation_details,5,0.0,0.0,respond_to_user,1.0,1
kev-9b,17/t1/turn5,17,get_reservation_details,5,0.0,0.0,respond_to_user,1.0,1
kev-9b,17/t1/turn6,17,search_direct_flight,5,0.0,0.0,respond_to_user,1.0,1
kev-9b,17/t1/turn7,17,search_direct_flight,5,0.0,0.0,respond_to_user,1.0,1
kev-9b,17/t1/turn8,17,respond_to_user,5,1.0,1.0,respond_to_user,1.0,1
kev-9b,17/t1/turn9,17,update_reservation_flights,5,1.0,1.0,update_reservation_flights,1.0,1
kev-9b,17/t2/turn0,17,respond_to_user,5,1.0,1.0,respond_to_user,1.0,1
kev-9b,17/t2/turn1,17,get_user_details,5,1.0,1.0,get_user_details,1.0,1
kev-9b,17/t2/turn10,17,update_reservation_passengers,5,1.0,1.0,update_reservation_passengers,1.0,1
kev-9b,17/t2/turn11,17,update_reservation_flights,5,0.0,0.0,update_reservation_passengers,1.0,1
kev-9b,17/t2/turn12,17,update_reservation_baggages,5,0.0,0.0,update_reservation_passengers,1.0,1
kev-9b,17/t2/turn13,17,respond_to_user,5,0.0,0.0,update_reservation_passengers,1.0,1
kev-9b,17/t2/turn2,17,get_reservation_details,5,0.0,0.0,get_user_details,1.0,1
kev-9b,17/t2/turn3,17,get_reservation_details,5,1.0,1.0,get_reservation_details,1.0,1
kev-9b,17/t2/turn4,17,get_reservation_details,5,0.0,0.0,respond_to_user,1.0,1
kev-9b,17/t2/turn5,17,get_reservation_details,5,0.0,0.0,respond_to_user,1.0,1
kev-9b,17/t2/turn6,17,search_direct_flight,5,0.0,0.0,respond_to_user,1.0,1
kev-9b,17/t2/turn7,17,search_direct_flight,5,0.0,0.0,respond_to_user,1.0,1
kev-9b,17/t2/turn8,17,respond_to_user,5,1.0,1.0,respond_to_user,1.0,1
kev-9b,17/t2/turn9,17,respond_to_user,5,1.0,1.0,respond_to_user,1.0,1
kev-9b,19/t0/turn0,19,respond_to_user,5,0.0,0.0,get_user_details,1.0,1
kev-9b,19/t0/turn1,19,get_user_details,5,1.0,1.0,get_user_details,1.0,1
kev-9b,19/t0/turn2,19,get_reservation_details,5,0.0,0.0,get_user_details,1.0,1
kev-9b,19/t0/turn3,19,get_reservation_details,5,1.0,1.0,get_reservation_details,1.0,1
kev-9b,19/t0/turn4,19,get_reservation_details,5,0.0,0.0,get_user_details,1.0,1
kev-9b,19/t0/turn5,19,respond_to_user,5,1.0,1.0,respond_to_user,1.0,1
kev-9b,19/t0/turn6,19,respond_to_user,5,0.0,0.0,cancel_reservation,1.0,1
kev-9b,19/t0/turn7,19,cancel_reservation,5,1.0,1.0,cancel_reservation,1.0,1
kev-9b,19/t0/turn8,19,respond_to_user,5,1.0,1.0,respond_to_user,1.0,1
kev-9b,19/t1/turn0,19,respond_to_user,5,1.0,1.0,respond_to_user,1.0,1
kev-9b,19/t1/turn1,19,get_user_details,5,1.0,1.0,get_user_details,1.0,1
kev-9b,19/t1/turn2,19,get_reservation_details,5,0.0,0.0,get_user_details,1.0,1
kev-9b,19/t1/turn3,19,respond_to_user,5,0.0,0.0,get_reservation_details,1.0,1
kev-9b,19/t1/turn4,19,respond_to_user,5,0.0,0.0,cancel_reservation,1.0,1
kev-9b,19/t1/turn5,19,cancel_reservation,5,1.0,1.0,cancel_reservation,1.0,1
kev-9b,19/t1/turn6,19,respond_to_user,5,1.0,1.0,respond_to_user,1.0,1
kev-9b,19/t2/turn0,19,respond_to_user,5,0.0,0.0,get_user_details,1.0,1
kev-9b,19/t2/turn1,19,get_user_details,5,1.0,1.0,get_user_details,1.0,1
kev-9b,19/t2/turn2,19,get_reservation_details,5,0.0,0.0,get_user_details,1.0,1
kev-9b,19/t2/turn3,19,respond_to_user,5,0.0,0.0,get_reservation_details,1.0,1
kev-9b,19/t2/turn4,19,respond_to_user,5,0.0,0.0,cancel_reservation,1.0,1
kev-9b,19/t2/turn5,19,cancel_reservation,5,1.0,1.0,cancel_reservation,1.0,1
kev-9b,19/t2/turn6,19,respond_to_user,5,1.0,1.0,respond_to_user,1.0,1
kev-9b,2/t0/turn0,2,respond_to_user,5,1.0,1.0,respond_to_user,1.0,1
kev-9b,2/t0/turn1,2,get_user_details,5,1.0,1.0,get_user_details,1.0,1
kev-9b,2/t0/turn10,2,transfer_to_human_agents,5,0.0,0.0,respond_to_user,1.0,1
kev-9b,2/t0/turn11,2,respond_to_user,5,0.0,0.0,transfer_to_human_agents,1.0,1
kev-9b,2/t0/turn2,2,get_reservation_details,5,0.0,1.0,get_user_details,1.0,1
kev-9b,2/t0/turn3,2,get_reservation_details,5,0.0,0.0,respond_to_user,1.0,1
kev-9b,2/t0/turn4,2,respond_to_user,5,1.0,1.0,respond_to_user,1.0,1
kev-9b,2/t0/turn5,2,get_flight_status,5,1.0,1.0,get_flight_status,1.0,1
kev-9b,2/t0/turn6,2,get_flight_status,5,1.0,1.0,get_flight_status,1.0,1
kev-9b,2/t0/turn7,2,get_flight_status,5,1.0,1.0,get_flight_status,1.0,1
kev-9b,2/t0/turn8,2,get_flight_status,5,1.0,1.0,get_flight_status,1.0,1
kev-9b,2/t0/turn9,2,respond_to_user,5,1.0,1.0,respond_to_user,1.0,1
kev-9b,2/t2/turn0,2,respond_to_user,5,1.0,1.0,respond_to_user,1.0,1
kev-9b,2/t2/turn1,2,get_user_details,5,1.0,1.0,get_user_details,1.0,1
kev-9b,2/t2/turn10,2,transfer_to_human_agents,5,0.0,0.0,respond_to_user,1.0,1
kev-9b,2/t2/turn11,2,respond_to_user,5,0.0,0.0,transfer_to_human_agents,1.0,1
kev-9b,2/t2/turn2,2,get_reservation_details,5,0.0,1.0,get_user_details,1.0,1
kev-9b,2/t2/turn3,2,get_reservation_details,5,0.0,0.0,respond_to_user,1.0,1
kev-9b,2/t2/turn4,2,respond_to_user,5,1.0,1.0,respond_to_user,1.0,1
kev-9b,2/t2/turn5,2,get_flight_status,5,0.0,0.0,respond_to_user,1.0,1
kev-9b,2/t2/turn6,2,get_flight_status,5,0.0,0.0,respond_to_user,1.0,1
kev-9b,2/t2/turn7,2,get_flight_status,5,0.0,0.0,respond_to_user,1.0,1
kev-9b,2/t2/turn8,2,get_flight_status,5,0.0,0.0,respond_to_user,1.0,1
kev-9b,2/t2/turn9,2,respond_to_user,5,1.0,1.0,respond_to_user,1.0,1
kev-9b,20/t2/turn0,20,respond_to_user,5,0.0,0.0,search_direct_flight,1.0,1
kev-9b,20/t2/turn1,20,get_user_details,5,0.0,0.0,respond_to_user,1.0,1
kev-9b,20/t2/turn2,20,respond_to_user,5,0.0,0.0,get_user_details,1.0,1
kev-9b,20/t2/turn3,20,list_all_airports,5,0.0,0.0,search_direct_flight,1.0,1
kev-9b,20/t2/turn4,20,search_direct_flight,5,0.0,0.0,list_all_airports,1.0,1
kev-9b,20/t2/turn5,20,respond_to_user,5,0.0,0.0,search_direct_flight,1.0,1
kev-9b,20/t2/turn6,20,search_onestop_flight,5,1.0,1.0,search_onestop_flight,1.0,1
kev-9b,21/t1/turn0,21,respond_to_user,5,1.0,1.0,respond_to_user,1.0,1
kev-9b,21/t1/turn1,21,get_user_details,5,1.0,1.0,get_user_details,1.0,1
kev-9b,21/t1/turn10,21,get_flight_status,5,0.0,0.0,search_onestop_flight,1.0,1
kev-9b,21/t1/turn11,21,search_direct_flight,5,0.0,0.0,search_onestop_flight,1.0,1
kev-9b,21/t1/turn12,21,search_direct_flight,5,0.0,0.0,search_onestop_flight,1.0,1
kev-9b,21/t1/turn13,21,respond_to_user,5,0.0,0.0,search_onestop_flight,1.0,1
kev-9b,21/t1/turn14,21,update_reservation_flights,5,0.0,0.0,book_reservation,1.0,1
kev-9b,21/t1/turn15,21,respond_to_user,5,0.0,0.0,update_reservation_flights,1.0,1
kev-9b,21/t1/turn16,21,respond_to_user,5,0.0,0.0,update_reservation_baggages,1.0,1
kev-9b,21/t1/turn17,21,update_reservation_baggages,5,1.0,1.0,update_reservation_baggages,1.0,1
kev-9b,21/t1/turn2,21,get_reservation_details,5,0.0,0.0,get_user_details,1.0,1
kev-9b,21/t1/turn3,21,get_reservation_details,5,1.0,1.0,get_reservation_details,1.0,1
kev-9b,21/t1/turn4,21,get_reservation_details,5,0.0,0.0,get_user_details,1.0,1
kev-9b,21/t1/turn5,21,get_reservation_details,5,0.0,0.0,get_user_details,1.0,1
kev-9b,21/t1/turn6,21,get_reservation_details,5,0.0,0.0,get_user_details,1.0,1
kev-9b,21/t1/turn7,21,respond_to_user,5,1.0,1.0,respond_to_user,1.0,1
kev-9b,21/t1/turn8,21,search_direct_flight,5,0.0,0.0,respond_to_user,1.0,1
kev-9b,21/t1/turn9,21,search_onestop_flight,5,1.0,1.0,search_onestop_flight,1.0,1
kev-9b,21/t2/turn0,21,respond_to_user,5,1.0,1.0,respond_to_user,1.0,1
kev-9b,21/t2/turn1,21,get_user_details,5,1.0,1.0,get_user_details,1.0,1
kev-9b,21/t2/turn10,21,respond_to_user,5,0.0,0.0,search_onestop_flight,1.0,1
kev-9b,21/t2/turn11,21,update_reservation_flights,5,1.0,1.0,update_reservation_flights,1.0,1
kev-9b,21/t2/turn12,21,respond_to_user,5,0.0,0.0,update_reservation_flights,1.0,1
kev-9b,21/t2/turn13,21,update_reservation_flights,5,1.0,1.0,update_reservation_flights,1.0,1
kev-9b,21/t2/turn14,21,respond_to_user,5,1.0,1.0,respond_to_user,1.0,1
kev-9b,21/t2/turn15,21,respond_to_user,5,0.0,0.0,update_reservation_baggages,1.0,1
kev-9b,21/t2/turn16,21,update_reservation_baggages,5,1.0,1.0,update_reservation_baggages,1.0,1
kev-9b,21/t2/turn17,21,respond_to_user,5,0.0,0.0,update_reservation_baggages,1.0,1
kev-9b,21/t2/turn2,21,get_reservation_details,5,0.0,0.0,get_user_details,1.0,1
kev-9b,21/t2/turn3,21,get_reservation_details,5,0.0,0.0,get_user_details,1.0,1
kev-9b,21/t2/turn4,21,get_reservation_details,5,0.0,0.0,get_user_details,1.0,1
kev-9b,21/t2/turn5,21,get_reservation_details,5,0.0,0.0,get_user_details,1.0,1
kev-9b,21/t2/turn6,21,get_reservation_details,5,0.0,0.0,get_user_details,1.0,1
kev-9b,21/t2/turn7,21,respond_to_user,5,0.0,0.0,get_user_details,1.0,1
kev-9b,21/t2/turn8,21,search_direct_flight,5,0.0,0.0,search_onestop_flight,1.0,1
kev-9b,21/t2/turn9,21,search_onestop_flight,5,1.0,1.0,search_onestop_flight,1.0,1
kev-9b,22/t0/turn0,22,respond_to_user,5,1.0,1.0,respond_to_user,1.0,1
kev-9b,22/t0/turn1,22,get_user_details,5,1.0,1.0,get_user_details,1.0,1
kev-9b,22/t0/turn10,22,update_reservation_baggages,5,0.0,0.0,update_reservation_passengers,1.0,1
kev-9b,22/t0/turn11,22,respond_to_user,5,1.0,1.0,respond_to_user,1.0,1
kev-9b,22/t0/turn2,22,get_reservation_details,5,0.0,0.0,get_user_details,1.0,1
kev-9b,22/t0/turn3,22,get_reservation_details,5,1.0,1.0,get_reservation_details,1.0,1
kev-9b,22/t0/turn4,22,get_reservation_details,5,0.0,0.0,respond_to_user,1.0,1
kev-9b,22/t0/turn5,22,search_direct_flight,5,0.0,0.0,respond_to_user,1.0,1
kev-9b,22/t0/turn6,22,search_direct_flight,5,0.0,0.0,respond_to_user,1.0,1
kev-9b,22/t0/turn7,22,respond_to_user,5,1.0,1.0,respond_to_user,1.0,1
kev-9b,22/t0/turn8,22,update_reservation_flights,5,0.0,0.0,update_reservation_passengers,1.0,1
kev-9b,22/t0/turn9,22,update_reservation_passengers,5,1.0,1.0,update_reservation_passengers,1.0,1
kev-9b,22/t1/turn0,22,respond_to_user,5,1.0,1.0,respond_to_user,1.0,1
kev-9b,22/t1/turn1,22,get_user_details,5,1.0,1.0,get_user_details,1.0,1
kev-9b,22/t1/turn10,22,update_reservation_passengers,5,1.0,1.0,update_reservation_passengers,1.0,1
kev-9b,22/t1/turn11,22,update_reservation_flights,5,0.0,0.0,update_reservation_passengers,1.0,1
kev-9b,22/t1/turn12,22,update_reservation_baggages,5,0.0,0.0,update_reservation_flights,1.0,1
kev-9b,22/t1/turn13,22,respond_to_user,5,0.0,0.0,update_reservation_passengers,1.0,1
kev-9b,22/t1/turn2,22,get_reservation_details,5,0.0,0.0,get_user_details,1.0,1
kev-9b,22/t1/turn3,22,get_reservation_details,5,1.0,1.0,get_reservation_details,1.0,1
kev-9b,22/t1/turn4,22,get_reservation_details,5,0.0,0.0,respond_to_user,1.0,1
kev-9b,22/t1/turn5,22,get_reservation_details,5,0.0,0.0,respond_to_user,1.0,1
kev-9b,22/t1/turn6,22,search_direct_flight,5,0.0,0.0,respond_to_user,1.0,1
kev-9b,22/t1/turn7,22,search_direct_flight,5,0.0,0.0,respond_to_user,1.0,1
kev-9b,22/t1/turn8,22,calculate,5,0.0,0.0,respond_to_user,1.0,1
kev-9b,22/t1/turn9,22,respond_to_user,5,1.0,1.0,respond_to_user,1.0,1
kev-9b,22/t2/turn0,22,respond_to_user,5,1.0,1.0,respond_to_user,1.0,1
kev-9b,22/t2/turn1,22,get_user_details,5,1.0,1.0,get_user_details,1.0,1
kev-9b,22/t2/turn10,22,update_reservation_flights,5,0.0,0.0,update_reservation_passengers,1.0,1
kev-9b,22/t2/turn11,22,update_reservation_baggages,5,1.0,1.0,update_reservation_baggages,1.0,1
kev-9b,22/t2/turn12,22,respond_to_user,5,1.0,1.0,respond_to_user,1.0,1
kev-9b,22/t2/turn2,22,get_reservation_details,5,0.0,0.0,get_user_details,1.0,1
kev-9b,22/t2/turn3,22,get_reservation_details,5,1.0,1.0,get_reservation_details,1.0,1
kev-9b,22/t2/turn4,22,get_reservation_details,5,0.0,0.0,respond_to_user,1.0,1
kev-9b,22/t2/turn5,22,search_direct_flight,5,0.0,0.0,respond_to_user,1.0,1
kev-9b,22/t2/turn6,22,search_direct_flight,5,0.0,0.0,respond_to_user,1.0,1
kev-9b,22/t2/turn7,22,respond_to_user,5,1.0,1.0,respond_to_user,1.0,1
kev-9b,22/t2/turn8,22,respond_to_user,5,1.0,1.0,respond_to_user,1.0,1
kev-9b,22/t2/turn9,22,update_reservation_passengers,5,0.0,0.0,respond_to_user,1.0,1
kev-9b,23/t0/turn0,23,respond_to_user,5,0.0,0.0,get_user_details,1.0,1
kev-9b,23/t0/turn1,23,get_user_details,5,1.0,1.0,get_user_details,1.0,1
kev-9b,23/t0/turn2,23,get_reservation_details,5,0.0,0.0,get_user_details,1.0,1
kev-9b,23/t0/turn3,23,search_direct_flight,5,0.0,0.0,respond_to_user,1.0,1
kev-9b,23/t0/turn4,23,search_onestop_flight,5,0.0,0.0,search_direct_flight,1.0,1
kev-9b,23/t0/turn5,23,search_direct_flight,5,0.0,0.0,search_onestop_flight,1.0,1
kev-9b,23/t0/turn6,23,search_onestop_flight,5,1.0,1.0,search_onestop_flight,1.0,1
kev-9b,23/t0/turn7,23,respond_to_user,5,0.0,0.0,search_onestop_flight,1.0,1
kev-9b,23/t0/turn8,23,respond_to_user,5,1.0,1.0,respond_to_user,1.0,1
kev-9b,23/t0/turn9,23,respond_to_user,5,1.0,1.0,respond_to_user,1.0,1
kev-9b,23/t1/turn0,23,respond_to_user,5,0.0,0.0,get_user_details,1.0,1
kev-9b,23/t1/turn1,23,get_user_details,5,1.0,1.0,get_user_details,1.0,1
kev-9b,23/t1/turn2,23,get_reservation_details,5,0.0,0.0,get_user_details,1.0,1
kev-9b,23/t1/turn3,23,search_direct_flight,5,0.0,0.0,get_reservation_details,1.0,1
kev-9b,23/t1/turn4,23,search_onestop_flight,5,0.0,0.0,search_direct_flight,1.0,1
kev-9b,23/t1/turn5,23,search_direct_flight,5,0.0,0.0,search_onestop_flight,1.0,1
kev-9b,23/t1/turn6,23,search_onestop_flight,5,1.0,1.0,search_onestop_flight,1.0,1
kev-9b,23/t1/turn7,23,respond_to_user,5,0.0,0.0,search_onestop_flight,1.0,1
kev-9b,23/t1/turn8,23,respond_to_user,5,0.0,0.0,search_onestop_flight,1.0,1
kev-9b,23/t1/turn9,23,respond_to_user,5,1.0,1.0,respond_to_user,1.0,1
kev-9b,23/t2/turn0,23,respond_to_user,5,0.0,0.0,get_user_details,1.0,1
kev-9b,23/t2/turn1,23,get_user_details,5,1.0,1.0,get_user_details,1.0,1
kev-9b,23/t2/turn2,23,get_reservation_details,5,0.0,0.0,get_user_details,1.0,1
kev-9b,23/t2/turn3,23,search_direct_flight,5,0.0,0.0,get_reservation_details,1.0,1
kev-9b,23/t2/turn4,23,search_direct_flight,5,1.0,1.0,search_direct_flight,1.0,1
kev-9b,23/t2/turn5,23,search_onestop_flight,5,0.0,0.0,search_direct_flight,1.0,1
kev-9b,23/t2/turn6,23,respond_to_user,5,0.0,0.0,search_onestop_flight,1.0,1
kev-9b,23/t2/turn7,23,search_onestop_flight,5,0.0,0.0,respond_to_user,1.0,1
kev-9b,23/t2/turn8,23,respond_to_user,5,0.0,0.0,search_onestop_flight,1.0,1
kev-9b,24/t2/turn0,24,respond_to_user,5,0.0,0.0,update_reservation_passengers,1.0,1
kev-9b,24/t2/turn1,24,respond_to_user,5,0.0,0.0,get_reservation_details,1.0,1
kev-9b,24/t2/turn10,24,search_direct_flight,5,1.0,1.0,search_direct_flight,1.0,1
kev-9b,24/t2/turn11,24,search_direct_flight,5,1.0,1.0,search_direct_flight,1.0,1
kev-9b,24/t2/turn12,24,search_direct_flight,5,1.0,1.0,search_direct_flight,1.0,1
kev-9b,24/t2/turn13,24,search_direct_flight,5,1.0,1.0,search_direct_flight,1.0,1
kev-9b,24/t2/turn14,24,respond_to_user,5,0.0,0.0,search_direct_flight,1.0,1
kev-9b,24/t2/turn15,24,get_user_details,5,0.0,0.0,book_reservation,1.0,1
kev-9b,24/t2/turn16,24,respond_to_user,5,0.0,0.0,get_user_details,1.0,1
kev-9b,24/t2/turn17,24,book_reservation,5,1.0,1.0,book_reservation,1.0,1
kev-9b,24/t2/turn18,24,respond_to_user,5,0.0,0.0,book_reservation,1.0,1
kev-9b,24/t2/turn2,24,get_reservation_details,5,1.0,1.0,get_reservation_details,1.0,1
kev-9b,24/t2/turn3,24,respond_to_user,5,0.0,0.0,get_reservation_details,1.0,1
kev-9b,24/t2/turn4,24,list_all_airports,5,0.0,0.0,search_direct_flight,1.0,1
kev-9b,24/t2/turn5,24,search_direct_flight,5,0.0,0.0,list_all_airports,1.0,1
kev-9b,24/t2/turn6,24,search_direct_flight,5,1.0,1.0,search_direct_flight,1.0,1
kev-9b,24/t2/turn7,24,search_direct_flight,5,1.0,1.0,search_direct_flight,1.0,1
kev-9b,24/t2/turn8,24,search_direct_flight,5,1.0,1.0,search_direct_flight,1.0,1
kev-9b,24/t2/turn9,24,search_direct_flight,5,1.0,1.0,search_direct_flight,1.0,1
kev-9b,25/t0/turn0,25,respond_to_user,5,0.0,0.0,get_reservation_details,1.0,1
kev-9b,25/t0/turn1,25,get_user_details,5,1.0,1.0,get_user_details,1.0,1
kev-9b,25/t0/turn2,25,get_reservation_details,5,0.0,0.0,get_user_details,1.0,1
kev-9b,25/t0/turn3,25,search_direct_flight,5,0.0,0.0,get_reservation_details,1.0,1
kev-9b,25/t0/turn4,25,search_direct_flight,5,1.0,1.0,search_direct_flight,1.0,1
kev-9b,25/t0/turn5,25,respond_to_user,5,0.0,0.0,search_direct_flight,1.0,1
kev-9b,25/t0/turn6,25,respond_to_user,5,0.0,0.0,book_reservation,1.0,1
kev-9b,25/t0/turn7,25,book_reservation,5,1.0,1.0,book_reservation,1.0,1
kev-9b,25/t0/turn8,25,respond_to_user,5,0.0,0.0,book_reservation,1.0,1
kev-9b,25/t1/turn0,25,respond_to_user,5,1.0,1.0,respond_to_user,1.0,1
kev-9b,25/t1/turn1,25,get_user_details,5,1.0,1.0,get_user_details,1.0,1
kev-9b,25/t1/turn2,25,get_reservation_details,5,0.0,0.0,get_user_details,1.0,1
kev-9b,25/t1/turn3,25,search_onestop_flight,5,0.0,0.0,get_reservation_details,1.0,1
kev-9b,25/t1/turn4,25,respond_to_user,5,0.0,0.0,search_onestop_flight,1.0,1
kev-9b,25/t1/turn5,25,respond_to_user,5,0.0,0.0,get_user_details,1.0,1
kev-9b,25/t1/turn6,25,respond_to_user,5,0.0,0.0,book_reservation,1.0,1
kev-9b,25/t1/turn7,25,book_reservation,5,1.0,1.0,book_reservation,1.0,1
kev-9b,25/t1/turn8,25,respond_to_user,5,0.0,0.0,book_reservation,1.0,1
kev-9b,25/t2/turn0,25,respond_to_user,5,0.0,0.0,get_user_details,1.0,1
kev-9b,25/t2/turn1,25,get_user_details,5,1.0,1.0,get_user_details,1.0,1
kev-9b,25/t2/turn2,25,get_reservation_details,5,0.0,0.0,get_user_details,1.0,1
kev-9b,25/t2/turn3,25,respond_to_user,5,0.0,0.0,get_reservation_details,1.0,1
kev-9b,25/t2/turn4,25,search_onestop_flight,5,0.0,0.0,get_user_details,1.0,1
kev-9b,25/t2/turn5,25,respond_to_user,5,0.0,0.0,search_onestop_flight,1.0,1
kev-9b,25/t2/turn6,25,respond_to_user,5,0.0,0.0,book_reservation,1.0,1
kev-9b,25/t2/turn7,25,book_reservation,5,1.0,1.0,book_reservation,1.0,1
kev-9b,25/t2/turn8,25,respond_to_user,5,0.0,0.0,book_reservation,1.0,1
kev-9b,26/t0/turn0,26,respond_to_user,5,0.0,0.0,get_reservation_details,1.0,1
kev-9b,26/t0/turn1,26,get_user_details,5,1.0,1.0,get_user_details,1.0,1
kev-9b,26/t0/turn2,26,get_reservation_details,5,0.0,0.0,get_user_details,1.0,1
kev-9b,26/t0/turn3,26,respond_to_user,5,0.0,0.0,get_reservation_details,1.0,1
kev-9b,26/t0/turn4,26,respond_to_user,5,1.0,1.0,respond_to_user,1.0,1
kev-9b,26/t0/turn5,26,respond_to_user,5,1.0,1.0,respond_to_user,1.0,1
kev-9b,26/t0/turn6,26,transfer_to_human_agents,5,1.0,1.0,transfer_to_human_agents,1.0,1
kev-9b,26/t0/turn7,26,respond_to_user,5,0.0,0.0,transfer_to_human_agents,1.0,1
kev-9b,26/t1/turn0,26,respond_to_user,5,0.0,0.0,get_reservation_details,1.0,1
kev-9b,26/t1/turn1,26,get_user_details,5,1.0,1.0,get_user_details,1.0,1
kev-9b,26/t1/turn2,26,get_reservation_details,5,0.0,0.0,get_user_details,1.0,1
kev-9b,26/t1/turn3,26,get_flight_status,5,0.0,0.0,get_reservation_details,1.0,1
kev-9b,26/t1/turn4,26,get_flight_status,5,1.0,1.0,get_flight_status,1.0,1
kev-9b,26/t1/turn5,26,transfer_to_human_agents,5,0.0,0.0,get_flight_status,1.0,1
kev-9b,26/t1/turn6,26,respond_to_user,5,0.0,0.0,transfer_to_human_agents,1.0,1
kev-9b,26/t2/turn0,26,respond_to_user,5,0.0,0.0,get_reservation_details,1.0,1
kev-9b,26/t2/turn1,26,get_user_details,5,1.0,1.0,get_user_details,1.0,1
kev-9b,26/t2/turn2,26,get_reservation_details,5,0.0,0.0,get_user_details,1.0,1
kev-9b,26/t2/turn3,26,respond_to_user,5,0.0,0.0,get_reservation_details,1.0,1
kev-9b,26/t2/turn4,26,respond_to_user,5,0.0,0.0,cancel_reservation,1.0,1
kev-9b,26/t2/turn5,26,transfer_to_human_agents,5,1.0,1.0,transfer_to_human_agents,1.0,1
kev-9b,26/t2/turn6,26,respond_to_user,5,0.0,0.0,transfer_to_human_agents,1.0,1
kev-9b,27/t0/turn0,27,respond_to_user,5,0.0,0.0,get_flight_status,1.0,1
kev-9b,27/t0/turn1,27,get_user_details,5,1.0,1.0,get_user_details,1.0,1
kev-9b,27/t0/turn10,27,get_reservation_details,5,0.0,0.0,respond_to_user,1.0,1
kev-9b,27/t0/turn11,27,get_flight_status,5,1.0,1.0,get_flight_status,1.0,1
kev-9b,27/t0/turn12,27,respond_to_user,5,0.0,0.0,get_flight_status,1.0,1
kev-9b,27/t0/turn13,27,transfer_to_human_agents,5,1.0,1.0,transfer_to_human_agents,1.0,1
kev-9b,27/t0/turn14,27,respond_to_user,5,0.0,0.0,transfer_to_human_agents,1.0,1
kev-9b,27/t0/turn2,27,get_reservation_details,5,0.0,1.0,get_user_details,1.0,1
kev-9b,27/t0/turn3,27,get_reservation_details,5,0.0,0.0,respond_to_user,1.0,1
kev-9b,27/t0/turn4,27,get_reservation_details,5,0.0,0.0,respond_to_user,1.0,1
kev-9b,27/t0/turn5,27,get_reservation_details,5,0.0,0.0,respond_to_user,1.0,1
kev-9b,27/t0/turn6,27,get_reservation_details,5,0.0,0.0,respond_to_user,1.0,1
kev-9b,27/t0/turn7,27,get_reservation_details,5,0.0,0.0,respond_to_user,1.0,1
kev-9b,27/t0/turn8,27,get_reservation_details,5,0.0,0.0,get_flight_status,1.0,1
kev-9b,27/t0/turn9,27,get_reservation_details,5,0.0,0.0,get_flight_status,1.0,1
kev-9b,27/t1/turn0,27,respond_to_user,5,0.0,0.0,get_flight_status,1.0,1
kev-9b,27/t1/turn1,27,get_user_details,5,1.0,1.0,get_user_details,1.0,1
kev-9b,27/t1/turn10,27,get_reservation_details,5,0.0,0.0,respond_to_user,1.0,1
kev-9b,27/t1/turn11,27,get_flight_status,5,0.0,1.0,get_user_details,1.0,1
kev-9b,27/t1/turn12,27,respond_to_user,5,0.0,0.0,get_flight_status,1.0,1
kev-9b,27/t1/turn13,27,transfer_to_human_agents,5,1.0,1.0,transfer_to_human_agents,1.0,1
kev-9b,27/t1/turn14,27,respond_to_user,5,0.0,0.0,transfer_to_human_agents,1.0,1
kev-9b,27/t1/turn2,27,get_reservation_details,5,0.0,1.0,get_user_details,1.0,1
kev-9b,27/t1/turn3,27,get_reservation_details,5,0.0,1.0,get_user_details,1.0,1
kev-9b,27/t1/turn4,27,get_reservation_details,5,0.0,1.0,get_user_details,1.0,1
kev-9b,27/t1/turn5,27,get_reservation_details,5,0.0,0.0,respond_to_user,1.0,1
kev-9b,27/t1/turn6,27,get_reservation_details,5,0.0,0.0,respond_to_user,1.0,1
kev-9b,27/t1/turn7,27,get_reservation_details,5,0.0,0.0,respond_to_user,1.0,1
kev-9b,27/t1/turn8,27,get_reservation_details,5,0.0,0.0,respond_to_user,1.0,1
kev-9b,27/t1/turn9,27,get_reservation_details,5,0.0,0.0,respond_to_user,1.0,1
kev-9b,27/t2/turn0,27,respond_to_user,5,1.0,1.0,respond_to_user,1.0,1
kev-9b,28/t0/turn0,28,respond_to_user,5,0.0,0.0,get_reservation_details,1.0,1
kev-9b,28/t0/turn1,28,get_reservation_details,5,1.0,1.0,get_reservation_details,1.0,1
kev-9b,28/t0/turn2,28,respond_to_user,5,0.0,0.0,get_reservation_details,1.0,1
kev-9b,28/t0/turn3,28,transfer_to_human_agents,5,1.0,1.0,transfer_to_human_agents,1.0,1
kev-9b,28/t0/turn4,28,respond_to_user,5,0.0,0.0,transfer_to_human_agents,1.0,1
kev-9b,28/t1/turn0,28,respond_to_user,5,0.0,0.0,get_reservation_details,1.0,1
kev-9b,28/t1/turn1,28,get_reservation_details,5,1.0,1.0,get_reservation_details,1.0,1
kev-9b,28/t1/turn2,28,get_flight_status,5,0.0,0.0,get_reservation_details,1.0,1
kev-9b,28/t1/turn3,28,respond_to_user,5,0.0,0.0,get_flight_status,1.0,1
kev-9b,28/t1/turn4,28,transfer_to_human_agents,5,1.0,1.0,transfer_to_human_agents,1.0,1
kev-9b,28/t1/turn5,28,respond_to_user,5,0.0,0.0,transfer_to_human_agents,1.0,1
kev-9b,28/t2/turn0,28,respond_to_user,5,0.0,0.0,get_reservation_details,1.0,1
kev-9b,28/t2/turn1,28,get_reservation_details,5,0.0,0.0,get_user_details,1.0,1
kev-9b,28/t2/turn2,28,respond_to_user,5,0.0,0.0,get_reservation_details,1.0,1
kev-9b,28/t2/turn3,28,transfer_to_human_agents,5,1.0,1.0,transfer_to_human_agents,1.0,1
kev-9b,28/t2/turn4,28,respond_to_user,5,0.0,0.0,transfer_to_human_agents,1.0,1
kev-9b,3/t0/turn0,3,respond_to_user,5,1.0,1.0,respond_to_user,1.0,1
kev-9b,3/t0/turn1,3,get_reservation_details,5,1.0,1.0,get_reservation_details,1.0,1
kev-9b,3/t0/turn2,3,get_user_details,5,0.0,1.0,get_reservation_details,1.0,1
kev-9b,3/t0/turn3,3,respond_to_user,5,0.0,1.0,get_user_details,1.0,1
kev-9b,3/t0/turn4,3,transfer_to_human_agents,5,1.0,1.0,transfer_to_human_agents,1.0,1
kev-9b,3/t0/turn5,3,respond_to_user,5,0.0,0.0,transfer_to_human_agents,1.0,1
kev-9b,3/t1/turn0,3,respond_to_user,5,1.0,1.0,respond_to_user,1.0,1
kev-9b,3/t1/turn1,3,get_reservation_details,5,1.0,1.0,get_reservation_details,1.0,1
kev-9b,3/t1/turn2,3,get_user_details,5,0.0,0.0,respond_to_user,1.0,1
kev-9b,3/t1/turn3,3,respond_to_user,5,0.0,1.0,get_user_details,1.0,1
kev-9b,3/t1/turn4,3,transfer_to_human_agents,5,1.0,1.0,transfer_to_human_agents,1.0,1
kev-9b,3/t1/turn5,3,respond_to_user,5,0.0,0.0,transfer_to_human_agents,1.0,1
kev-9b,3/t2/turn0,3,respond_to_user,5,1.0,1.0,respond_to_user,1.0,1
kev-9b,3/t2/turn1,3,get_user_details,5,0.0,1.0,get_reservation_details,1.0,1
kev-9b,3/t2/turn2,3,respond_to_user,5,1.0,1.0,respond_to_user,1.0,1
kev-9b,3/t2/turn3,3,transfer_to_human_agents,5,1.0,1.0,transfer_to_human_agents,1.0,1
kev-9b,3/t2/turn4,3,respond_to_user,5,0.0,0.0,transfer_to_human_agents,1.0,1
kev-9b,30/t0/turn0,30,respond_to_user,5,1.0,1.0,respond_to_user,1.0,1
kev-9b,30/t0/turn1,30,get_user_details,5,0.0,1.0,get_reservation_details,1.0,1
kev-9b,30/t0/turn2,30,search_direct_flight,5,0.0,0.0,get_user_details,1.0,1
kev-9b,30/t0/turn3,30,respond_to_user,5,0.0,1.0,search_direct_flight,1.0,1
kev-9b,30/t0/turn4,30,respond_to_user,5,0.0,0.0,update_reservation_flights,1.0,1
kev-9b,30/t0/turn5,30,update_reservation_flights,5,1.0,1.0,update_reservation_flights,1.0,1
kev-9b,30/t0/turn6,30,respond_to_user,5,0.0,0.0,update_reservation_flights,1.0,1
kev-9b,30/t1/turn0,30,respond_to_user,5,1.0,1.0,respond_to_user,1.0,1
kev-9b,30/t1/turn1,30,get_reservation_details,5,1.0,1.0,get_reservation_details,1.0,1
kev-9b,30/t1/turn2,30,search_direct_flight,5,0.0,1.0,get_reservation_details,1.0,1
kev-9b,30/t1/turn3,30,respond_to_user,5,0.0,1.0,search_direct_flight,1.0,1
kev-9b,30/t1/turn4,30,get_user_details,5,0.0,0.0,respond_to_user,1.0,1
kev-9b,30/t1/turn5,30,respond_to_user,5,0.0,0.0,get_user_details,1.0,1
kev-9b,30/t1/turn6,30,update_reservation_flights,5,1.0,1.0,update_reservation_flights,1.0,1
kev-9b,30/t1/turn7,30,respond_to_user,5,0.0,0.0,update_reservation_flights,1.0,1
kev-9b,30/t2/turn0,30,respond_to_user,5,1.0,1.0,respond_to_user,1.0,1
kev-9b,30/t2/turn1,30,get_reservation_details,5,1.0,1.0,get_reservation_details,1.0,1
kev-9b,30/t2/turn2,30,search_direct_flight,5,0.0,1.0,get_reservation_details,1.0,1
kev-9b,30/t2/turn3,30,respond_to_user,5,0.0,1.0,search_direct_flight,1.0,1
kev-9b,30/t2/turn4,30,respond_to_user,5,0.0,0.0,update_reservation_flights,1.0,1
kev-9b,30/t2/turn5,30,update_reservation_flights,5,1.0,1.0,update_reservation_flights,1.0,1
kev-9b,30/t2/turn6,30,respond_to_user,5,0.0,0.0,update_reservation_flights,1.0,1
kev-9b,31/t0/turn0,31,respond_to_user,5,1.0,1.0,respond_to_user,1.0,1
kev-9b,31/t0/turn1,31,get_user_details,5,1.0,1.0,get_user_details,1.0,1
kev-9b,31/t0/turn2,31,get_reservation_details,5,0.0,0.0,get_user_details,1.0,1
kev-9b,31/t0/turn3,31,respond_to_user,5,0.0,0.0,get_reservation_details,1.0,1
kev-9b,31/t0/turn4,31,transfer_to_human_agents,5,0.0,0.0,respond_to_user,1.0,1
kev-9b,31/t0/turn5,31,respond_to_user,5,0.0,0.0,transfer_to_human_agents,1.0,1
kev-9b,31/t1/turn0,31,respond_to_user,5,0.0,0.0,search_direct_flight,1.0,1
kev-9b,31/t1/turn1,31,get_user_details,5,1.0,1.0,get_user_details,1.0,1
kev-9b,31/t1/turn2,31,get_reservation_details,5,0.0,0.0,get_user_details,1.0,1
kev-9b,31/t1/turn3,31,respond_to_user,5,0.0,0.0,get_reservation_details,1.0,1
kev-9b,31/t1/turn4,31,search_direct_flight,5,0.0,0.0,respond_to_user,1.0,1
kev-9b,31/t1/turn5,31,transfer_to_human_agents,5,0.0,0.0,search_direct_flight,1.0,1
kev-9b,31/t1/turn6,31,respond_to_user,5,0.0,0.0,transfer_to_human_agents,1.0,1
kev-9b,33/t0/turn0,33,respond_to_user,5,0.0,1.0,get_reservation_details,1.0,1
kev-9b,33/t0/turn1,33,get_reservation_details,5,0.0,0.0,get_user_details,1.0,1
kev-9b,33/t0/turn10,33,respond_to_user,5,0.0,1.0,search_direct_flight,1.0,1
kev-9b,33/t0/turn11,33,respond_to_user,5,1.0,1.0,respond_to_user,1.0,1
kev-9b,33/t0/turn12,33,update_reservation_baggages,5,1.0,1.0,update_reservation_baggages,1.0,1
kev-9b,33/t0/turn13,33,respond_to_user,5,0.0,0.0,update_reservation_baggages,1.0,1
kev-9b,33/t0/turn2,33,search_direct_flight,5,0.0,1.0,get_reservation_details,1.0,1
kev-9b,33/t0/turn3,33,search_direct_flight,5,1.0,1.0,search_direct_flight,1.0,1
kev-9b,33/t0/turn4,33,respond_to_user,5,0.0,1.0,search_direct_flight,1.0,1
kev-9b,33/t0/turn5,33,update_reservation_flights,5,1.0,1.0,update_reservation_flights,1.0,1
kev-9b,33/t0/turn6,33,respond_to_user,5,0.0,0.0,update_reservation_flights,1.0,1
kev-9b,33/t0/turn7,33,get_user_details,5,0.0,0.0,respond_to_user,1.0,1
kev-9b,33/t0/turn8,33,search_direct_flight,5,0.0,0.0,get_user_details,1.0,1
kev-9b,33/t0/turn9,33,search_direct_flight,5,1.0,1.0,search_direct_flight,1.0,1
kev-9b,33/t1/turn0,33,respond_to_user,5,0.0,1.0,get_reservation_details,1.0,1
kev-9b,33/t1/turn1,33,get_user_details,5,1.0,1.0,get_user_details,1.0,1
kev-9b,33/t1/turn10,33,update_reservation_baggages,5,1.0,1.0,update_reservation_baggages,1.0,1
kev-9b,33/t1/turn11,33,respond_to_user,5,0.0,0.0,update_reservation_baggages,1.0,1
kev-9b,33/t1/turn2,33,search_direct_flight,5,0.0,0.0,get_user_details,1.0,1
kev-9b,33/t1/turn3,33,respond_to_user,5,0.0,1.0,search_direct_flight,1.0,1
kev-9b,33/t1/turn4,33,update_reservation_flights,5,1.0,1.0,update_reservation_flights,1.0,1
kev-9b,33/t1/turn5,33,respond_to_user,5,0.0,0.0,update_reservation_flights,1.0,1
kev-9b,33/t1/turn6,33,search_direct_flight,5,0.0,0.0,respond_to_user,1.0,1
kev-9b,33/t1/turn7,33,search_direct_flight,5,1.0,1.0,search_direct_flight,1.0,1
kev-9b,33/t1/turn8,33,respond_to_user,5,0.0,1.0,search_direct_flight,1.0,1
kev-9b,33/t1/turn9,33,respond_to_user,5,0.0,0.0,update_reservation_baggages,1.0,1
kev-9b,33/t2/turn0,33,respond_to_user,5,0.0,1.0,get_reservation_details,1.0,1
kev-9b,33/t2/turn1,33,get_user_details,5,1.0,1.0,get_user_details,1.0,1
kev-9b,33/t2/turn10,33,respond_to_user,5,1.0,1.0,respond_to_user,1.0,1
kev-9b,33/t2/turn11,33,respond_to_user,5,0.0,0.0,update_reservation_baggages,1.0,1
kev-9b,33/t2/turn12,33,update_reservation_baggages,5,1.0,1.0,update_reservation_baggages,1.0,1
kev-9b,33/t2/turn13,33,respond_to_user,5,0.0,0.0,update_reservation_baggages,1.0,1
kev-9b,33/t2/turn2,33,search_direct_flight,5,0.0,0.0,get_user_details,1.0,1
kev-9b,33/t2/turn3,33,search_direct_flight,5,1.0,1.0,search_direct_flight,1.0,1
kev-9b,33/t2/turn4,33,respond_to_user,5,0.0,1.0,search_direct_flight,1.0,1
kev-9b,33/t2/turn5,33,search_direct_flight,5,1.0,1.0,search_direct_flight,1.0,1
kev-9b,33/t2/turn6,33,respond_to_user,5,0.0,1.0,search_direct_flight,1.0,1
kev-9b,33/t2/turn7,33,update_reservation_flights,5,1.0,1.0,update_reservation_flights,1.0,1
kev-9b,33/t2/turn8,33,respond_to_user,5,0.0,0.0,update_reservation_flights,1.0,1
kev-9b,33/t2/turn9,33,respond_to_user,5,1.0,1.0,respond_to_user,1.0,1
kev-9b,34/t2/turn0,34,respond_to_user,5,0.0,0.0,get_reservation_details,1.0,1
kev-9b,34/t2/turn1,34,get_reservation_details,5,1.0,1.0,get_reservation_details,1.0,1
kev-9b,34/t2/turn2,34,respond_to_user,5,0.0,0.0,get_reservation_details,1.0,1
kev-9b,34/t2/turn3,34,search_direct_flight,5,0.0,0.0,respond_to_user,1.0,1
kev-9b,34/t2/turn4,34,search_direct_flight,5,1.0,1.0,search_direct_flight,1.0,1
kev-9b,34/t2/turn5,34,get_user_details,5,0.0,0.0,search_direct_flight,1.0,1
kev-9b,34/t2/turn6,34,respond_to_user,5,0.0,0.0,get_user_details,1.0,1
kev-9b,34/t2/turn7,34,respond_to_user,5,1.0,1.0,respond_to_user,1.0,1
kev-9b,36/t0/turn0,36,respond_to_user,5,1.0,1.0,respond_to_user,1.0,1
kev-9b,36/t0/turn1,36,get_reservation_details,5,1.0,1.0,get_reservation_details,1.0,1
kev-9b,36/t0/turn2,36,transfer_to_human_agents,5,0.0,1.0,get_reservation_details,1.0,1
kev-9b,36/t0/turn3,36,respond_to_user,5,0.0,0.0,transfer_to_human_agents,1.0,1
kev-9b,36/t1/turn0,36,respond_to_user,5,1.0,1.0,respond_to_user,1.0,1
kev-9b,36/t1/turn1,36,get_reservation_details,5,1.0,1.0,get_reservation_details,1.0,1
kev-9b,36/t1/turn2,36,transfer_to_human_agents,5,0.0,1.0,get_reservation_details,1.0,1
kev-9b,36/t1/turn3,36,respond_to_user,5,0.0,0.0,transfer_to_human_agents,1.0,1
kev-9b,36/t2/turn0,36,respond_to_user,5,0.0,1.0,get_reservation_details,1.0,1
kev-9b,36/t2/turn1,36,get_reservation_details,5,1.0,1.0,get_reservation_details,1.0,1
kev-9b,36/t2/turn2,36,transfer_to_human_agents,5,0.0,0.0,get_user_details,1.0,1
kev-9b,36/t2/turn3,36,respond_to_user,5,0.0,0.0,transfer_to_human_agents,1.0,1
kev-9b,37/t0/turn0,37,respond_to_user,5,1.0,1.0,respond_to_user,1.0,1
kev-9b,37/t0/turn1,37,get_user_details,5,1.0,1.0,get_user_details,1.0,1
kev-9b,37/t0/turn10,37,transfer_to_human_agents,5,0.0,0.0,update_reservation_flights,1.0,1
kev-9b,37/t0/turn11,37,respond_to_user,5,0.0,0.0,transfer_to_human_agents,1.0,1
kev-9b,37/t0/turn2,37,get_reservation_details,5,0.0,0.0,get_user_details,1.0,1
kev-9b,37/t0/turn3,37,get_reservation_details,5,1.0,1.0,get_reservation_details,1.0,1
kev-9b,37/t0/turn4,37,get_reservation_details,5,1.0,1.0,get_reservation_details,1.0,1
kev-9b,37/t0/turn5,37,get_flight_status,5,0.0,0.0,get_user_details,1.0,1
kev-9b,37/t0/turn6,37,search_direct_flight,5,0.0,0.0,get_flight_status,1.0,1
kev-9b,37/t0/turn7,37,search_direct_flight,5,0.0,0.0,get_flight_status,1.0,1
kev-9b,37/t0/turn8,37,respond_to_user,5,0.0,0.0,get_flight_status,1.0,1
kev-9b,37/t0/turn9,37,update_reservation_flights,5,0.0,0.0,transfer_to_human_agents,1.0,1
kev-9b,37/t2/turn0,37,respond_to_user,5,0.0,1.0,get_reservation_details,1.0,1
kev-9b,37/t2/turn1,37,get_user_details,5,1.0,1.0,get_user_details,1.0,1
kev-9b,37/t2/turn10,37,transfer_to_human_agents,5,0.0,0.0,update_reservation_flights,1.0,1
kev-9b,37/t2/turn11,37,respond_to_user,5,0.0,0.0,transfer_to_human_agents,1.0,1
kev-9b,37/t2/turn2,37,get_reservation_details,5,0.0,0.0,get_user_details,1.0,1
kev-9b,37/t2/turn3,37,get_reservation_details,5,1.0,1.0,get_reservation_details,1.0,1
kev-9b,37/t2/turn4,37,get_flight_status,5,0.0,1.0,get_reservation_details,1.0,1
kev-9b,37/t2/turn5,37,get_reservation_details,5,0.0,0.0,get_flight_status,1.0,1
kev-9b,37/t2/turn6,37,search_direct_flight,5,0.0,0.0,get_flight_status,1.0,1
kev-9b,37/t2/turn7,37,search_direct_flight,5,0.0,0.0,respond_to_user,1.0,1
kev-9b,37/t2/turn8,37,respond_to_user,5,1.0,1.0,respond_to_user,1.0,1
kev-9b,37/t2/turn9,37,update_reservation_flights,5,1.0,1.0,update_reservation_flights,1.0,1
kev-9b,38/t0/turn0,38,respond_to_user,5,1.0,1.0,respond_to_user,1.0,1
kev-9b,38/t0/turn1,38,get_user_details,5,1.0,1.0,get_user_details,1.0,1
kev-9b,38/t0/turn10,38,respond_to_user,5,1.0,1.0,respond_to_user,1.0,1
kev-9b,38/t0/turn11,38,respond_to_user,5,1.0,1.0,respond_to_user,1.0,1
kev-9b,38/t0/turn2,38,get_reservation_details,5,0.0,1.0,get_user_details,1.0,1
kev-9b,38/t0/turn3,38,get_flight_status,5,1.0,1.0,get_flight_status,1.0,1
kev-9b,38/t0/turn4,38,get_flight_status,5,1.0,1.0,get_flight_status,1.0,1
kev-9b,38/t0/turn5,38,respond_to_user,5,0.0,0.0,get_flight_status,1.0,1
kev-9b,38/t0/turn6,38,respond_to_user,5,1.0,1.0,respond_to_user,1.0,1
kev-9b,38/t0/turn7,38,get_reservation_details,5,0.0,0.0,respond_to_user,1.0,1
kev-9b,38/t0/turn8,38,respond_to_user,5,1.0,1.0,respond_to_user,1.0,1
kev-9b,38/t0/turn9,38,get_reservation_details,5,0.0,0.0,respond_to_user,1.0,1
kev-9b,38/t1/turn0,38,respond_to_user,5,1.0,1.0,respond_to_user,1.0,1
kev-9b,38/t1/turn1,38,get_user_details,5,1.0,1.0,get_user_details,1.0,1
kev-9b,38/t1/turn10,38,respond_to_user,5,1.0,1.0,respond_to_user,1.0,1
kev-9b,38/t1/turn11,38,transfer_to_human_agents,5,1.0,1.0,transfer_to_human_agents,1.0,1
kev-9b,38/t1/turn12,38,respond_to_user,5,0.0,0.0,transfer_to_human_agents,1.0,1
kev-9b,38/t1/turn2,38,get_reservation_details,5,0.0,1.0,get_user_details,1.0,1
kev-9b,38/t1/turn3,38,get_reservation_details,5,0.0,0.0,respond_to_user,1.0,1
kev-9b,38/t1/turn4,38,respond_to_user,5,0.0,0.0,get_flight_status,1.0,1
kev-9b,38/t1/turn5,38,get_flight_status,5,1.0,1.0,get_flight_status,1.0,1
kev-9b,38/t1/turn6,38,get_flight_status,5,1.0,1.0,get_flight_status,1.0,1
kev-9b,38/t1/turn7,38,get_flight_status,5,1.0,1.0,get_flight_status,1.0,1
kev-9b,38/t1/turn8,38,get_flight_status,5,1.0,1.0,get_flight_status,1.0,1
kev-9b,38/t1/turn9,38,respond_to_user,5,1.0,1.0,respond_to_user,1.0,1
kev-9b,38/t2/turn0,38,respond_to_user,5,1.0,1.0,respond_to_user,1.0,1
kev-9b,38/t2/turn1,38,get_user_details,5,1.0,1.0,get_user_details,1.0,1
kev-9b,38/t2/turn2,38,get_reservation_details,5,0.0,1.0,get_user_details,1.0,1
kev-9b,38/t2/turn3,38,get_reservation_details,5,0.0,0.0,respond_to_user,1.0,1
kev-9b,38/t2/turn4,38,get_flight_status,5,1.0,1.0,get_flight_status,1.0,1
kev-9b,38/t2/turn5,38,get_flight_status,5,1.0,1.0,get_flight_status,1.0,1
kev-9b,38/t2/turn6,38,respond_to_user,5,0.0,0.0,get_flight_status,1.0,1
kev-9b,38/t2/turn7,38,respond_to_user,5,1.0,1.0,respond_to_user,1.0,1
kev-9b,4/t0/turn0,4,respond_to_user,5,1.0,1.0,respond_to_user,1.0,1
kev-9b,4/t0/turn1,4,get_user_details,5,1.0,1.0,get_user_details,1.0,1
kev-9b,4/t0/turn10,4,transfer_to_human_agents,5,1.0,1.0,transfer_to_human_agents,1.0,1
kev-9b,4/t0/turn11,4,respond_to_user,5,0.0,0.0,transfer_to_human_agents,1.0,1
kev-9b,4/t0/turn2,4,get_reservation_details,5,0.0,1.0,get_user_details,1.0,1
kev-9b,4/t0/turn3,4,get_reservation_details,5,1.0,1.0,get_reservation_details,1.0,1
kev-9b,4/t0/turn4,4,get_reservation_details,5,0.0,1.0,get_user_details,1.0,1
kev-9b,4/t0/turn5,4,get_reservation_details,5,0.0,1.0,get_user_details,1.0,1
kev-9b,4/t0/turn6,4,get_reservation_details,5,0.0,1.0,get_user_details,1.0,1
kev-9b,4/t0/turn7,4,get_flight_status,5,0.0,0.0,respond_to_user,1.0,1
kev-9b,4/t0/turn8,4,get_flight_status,5,1.0,1.0,get_flight_status,1.0,1
kev-9b,4/t0/turn9,4,respond_to_user,5,1.0,1.0,respond_to_user,1.0,1
kev-9b,4/t1/turn0,4,respond_to_user,5,0.0,1.0,get_user_details,1.0,1
kev-9b,4/t1/turn1,4,get_user_details,5,1.0,1.0,get_user_details,1.0,1
kev-9b,4/t1/turn10,4,transfer_to_human_agents,5,1.0,1.0,transfer_to_human_agents,1.0,1
kev-9b,4/t1/turn11,4,respond_to_user,5,0.0,0.0,transfer_to_human_agents,1.0,1
kev-9b,4/t1/turn2,4,get_reservation_details,5,0.0,1.0,get_user_details,1.0,1
kev-9b,4/t1/turn3,4,get_reservation_details,5,1.0,1.0,get_reservation_details,1.0,1
kev-9b,4/t1/turn4,4,get_reservation_details,5,0.0,1.0,get_user_details,1.0,1
kev-9b,4/t1/turn5,4,get_reservation_details,5,0.0,1.0,get_user_details,1.0,1
kev-9b,4/t1/turn6,4,get_reservation_details,5,0.0,1.0,get_user_details,1.0,1
kev-9b,4/t1/turn7,4,get_flight_status,5,0.0,0.0,respond_to_user,1.0,1
kev-9b,4/t1/turn8,4,get_flight_status,5,1.0,1.0,get_flight_status,1.0,1
kev-9b,4/t1/turn9,4,respond_to_user,5,1.0,1.0,respond_to_user,1.0,1
kev-9b,4/t2/turn0,4,respond_to_user,5,1.0,1.0,respond_to_user,1.0,1
kev-9b,4/t2/turn1,4,get_user_details,5,1.0,1.0,get_user_details,1.0,1
kev-9b,4/t2/turn10,4,transfer_to_human_agents,5,1.0,1.0,transfer_to_human_agents,1.0,1
kev-9b,4/t2/turn11,4,respond_to_user,5,0.0,0.0,transfer_to_human_agents,1.0,1
kev-9b,4/t2/turn2,4,get_reservation_details,5,0.0,1.0,get_user_details,1.0,1
kev-9b,4/t2/turn3,4,get_reservation_details,5,1.0,1.0,get_reservation_details,1.0,1
kev-9b,4/t2/turn4,4,get_reservation_details,5,1.0,1.0,get_reservation_details,1.0,1
kev-9b,4/t2/turn5,4,get_reservation_details,5,0.0,1.0,get_user_details,1.0,1
kev-9b,4/t2/turn6,4,get_reservation_details,5,0.0,0.0,respond_to_user,1.0,1
kev-9b,4/t2/turn7,4,get_flight_status,5,0.0,0.0,respond_to_user,1.0,1
kev-9b,4/t2/turn8,4,get_flight_status,5,1.0,1.0,get_flight_status,1.0,1
kev-9b,4/t2/turn9,4,respond_to_user,5,1.0,1.0,respond_to_user,1.0,1
kev-9b,40/t0/turn0,40,respond_to_user,5,0.0,0.0,update_reservation_passengers,1.0,1
kev-9b,40/t0/turn1,40,get_user_details,5,0.0,1.0,get_reservation_details,1.0,1
kev-9b,40/t0/turn2,40,respond_to_user,5,0.0,0.0,update_reservation_passengers,1.0,1
kev-9b,40/t0/turn3,40,update_reservation_passengers,5,1.0,1.0,update_reservation_passengers,1.0,1
kev-9b,40/t0/turn4,40,respond_to_user,5,0.0,0.0,update_reservation_passengers,1.0,1
kev-9b,40/t1/turn0,40,respond_to_user,5,0.0,0.0,update_reservation_passengers,1.0,1
kev-9b,40/t1/turn1,40,get_reservation_details,5,0.0,0.0,update_reservation_passengers,1.0,1
kev-9b,40/t1/turn2,40,respond_to_user,5,0.0,0.0,update_reservation_passengers,1.0,1
kev-9b,40/t1/turn3,40,update_reservation_passengers,5,1.0,1.0,update_reservation_passengers,1.0,1
kev-9b,40/t1/turn4,40,respond_to_user,5,0.0,0.0,update_reservation_passengers,1.0,1
kev-9b,40/t2/turn0,40,respond_to_user,5,0.0,0.0,update_reservation_passengers,1.0,1
kev-9b,40/t2/turn1,40,get_user_details,5,1.0,1.0,get_user_details,1.0,1
kev-9b,40/t2/turn2,40,respond_to_user,5,0.0,0.0,update_reservation_passengers,1.0,1
kev-9b,40/t2/turn3,40,update_reservation_passengers,5,1.0,1.0,update_reservation_passengers,1.0,1
kev-9b,40/t2/turn4,40,respond_to_user,5,0.0,0.0,update_reservation_passengers,1.0,1
kev-9b,41/t0/turn0,41,respond_to_user,5,0.0,1.0,get_user_details,1.0,1
kev-9b,41/t0/turn1,41,get_user_details,5,1.0,1.0,get_user_details,1.0,1
kev-9b,41/t0/turn10,41,respond_to_user,5,1.0,1.0,respond_to_user,1.0,1
kev-9b,41/t0/turn11,41,transfer_to_human_agents,5,1.0,1.0,transfer_to_human_agents,1.0,1
kev-9b,41/t0/turn12,41,respond_to_user,5,0.0,0.0,transfer_to_human_agents,1.0,1
kev-9b,41/t0/turn2,41,get_reservation_details,5,0.0,1.0,get_user_details,1.0,1
kev-9b,41/t0/turn3,41,get_reservation_details,5,1.0,1.0,get_reservation_details,1.0,1
kev-9b,41/t0/turn4,41,get_reservation_details,5,1.0,1.0,get_reservation_details,1.0,1
kev-9b,41/t0/turn5,41,get_reservation_details,5,0.0,1.0,get_user_details,1.0,1
kev-9b,41/t0/turn6,41,get_reservation_details,5,0.0,1.0,get_user_details,1.0,1
kev-9b,41/t0/turn7,41,get_reservation_details,5,0.0,1.0,get_user_details,1.0,1
kev-9b,41/t0/turn8,41,get_reservation_details,5,0.0,1.0,get_user_details,1.0,1
kev-9b,41/t0/turn9,41,respond_to_user,5,0.0,1.0,get_user_details,1.0,1
kev-9b,41/t1/turn0,41,respond_to_user,5,0.0,1.0,get_user_details,1.0,1
kev-9b,41/t1/turn1,41,get_user_details,5,1.0,1.0,get_user_details,1.0,1
kev-9b,41/t1/turn10,41,respond_to_user,5,1.0,1.0,respond_to_user,1.0,1
kev-9b,41/t1/turn11,41,respond_to_user,5,1.0,1.0,respond_to_user,1.0,1
kev-9b,41/t1/turn12,41,transfer_to_human_agents,5,1.0,1.0,transfer_to_human_agents,1.0,1
kev-9b,41/t1/turn13,41,respond_to_user,5,0.0,0.0,transfer_to_human_agents,1.0,1
kev-9b,41/t1/turn2,41,get_reservation_details,5,0.0,1.0,get_user_details,1.0,1
kev-9b,41/t1/turn3,41,get_reservation_details,5,1.0,1.0,get_reservation_details,1.0,1
kev-9b,41/t1/turn4,41,get_reservation_details,5,1.0,1.0,get_reservation_details,1.0,1
kev-9b,41/t1/turn5,41,get_reservation_details,5,1.0,1.0,get_reservation_details,1.0,1
kev-9b,41/t1/turn6,41,get_reservation_details,5,1.0,1.0,get_reservation_details,1.0,1
kev-9b,41/t1/turn7,41,get_reservation_details,5,1.0,1.0,get_reservation_details,1.0,1
kev-9b,41/t1/turn8,41,get_reservation_details,5,0.0,1.0,get_user_details,1.0,1
kev-9b,41/t1/turn9,41,get_flight_status,5,0.0,1.0,get_user_details,1.0,1
kev-9b,41/t2/turn0,41,respond_to_user,5,0.0,1.0,get_user_details,1.0,1
kev-9b,41/t2/turn1,41,get_user_details,5,1.0,1.0,get_user_details,1.0,1
kev-9b,41/t2/turn10,41,respond_to_user,5,1.0,1.0,respond_to_user,1.0,1
kev-9b,41/t2/turn11,41,transfer_to_human_agents,5,1.0,1.0,transfer_to_human_agents,1.0,1
kev-9b,41/t2/turn12,41,respond_to_user,5,0.0,0.0,transfer_to_human_agents,1.0,1
kev-9b,41/t2/turn2,41,get_reservation_details,5,0.0,1.0,get_user_details,1.0,1
kev-9b,41/t2/turn3,41,get_reservation_details,5,1.0,1.0,get_reservation_details,1.0,1
kev-9b,41/t2/turn4,41,get_reservation_details,5,1.0,1.0,get_reservation_details,1.0,1
kev-9b,41/t2/turn5,41,get_reservation_details,5,0.0,1.0,get_user_details,1.0,1
kev-9b,41/t2/turn6,41,get_reservation_details,5,0.0,1.0,get_user_details,1.0,1
kev-9b,41/t2/turn7,41,get_reservation_details,5,0.0,1.0,get_user_details,1.0,1
kev-9b,41/t2/turn8,41,get_reservation_details,5,0.0,1.0,get_user_details,1.0,1
kev-9b,41/t2/turn9,41,respond_to_user,5,0.0,1.0,get_user_details,1.0,1
kev-9b,42/t0/turn0,42,respond_to_user,5,0.0,1.0,get_user_details,1.0,1
kev-9b,42/t0/turn1,42,get_user_details,5,1.0,1.0,get_user_details,1.0,1
kev-9b,42/t0/turn10,42,respond_to_user,5,0.0,0.0,cancel_reservation,1.0,1
kev-9b,42/t0/turn11,42,cancel_reservation,5,1.0,1.0,cancel_reservation,1.0,1
kev-9b,42/t0/turn12,42,cancel_reservation,5,1.0,1.0,cancel_reservation,1.0,1
kev-9b,42/t0/turn13,42,respond_to_user,5,1.0,1.0,respond_to_user,1.0,1
kev-9b,42/t0/turn2,42,get_reservation_details,5,0.0,1.0,get_user_details,1.0,1
kev-9b,42/t0/turn3,42,get_reservation_details,5,1.0,1.0,get_reservation_details,1.0,1
kev-9b,42/t0/turn4,42,get_reservation_details,5,0.0,0.0,respond_to_user,1.0,1
kev-9b,42/t0/turn5,42,get_reservation_details,5,0.0,0.0,respond_to_user,1.0,1
kev-9b,42/t0/turn6,42,get_reservation_details,5,0.0,0.0,respond_to_user,1.0,1
kev-9b,42/t0/turn7,42,get_reservation_details,5,0.0,0.0,respond_to_user,1.0,1
kev-9b,42/t0/turn8,42,get_reservation_details,5,0.0,0.0,respond_to_user,1.0,1
kev-9b,42/t0/turn9,42,respond_to_user,5,1.0,1.0,respond_to_user,1.0,1
kev-9b,42/t1/turn0,42,respond_to_user,5,0.0,1.0,get_user_details,1.0,1
kev-9b,42/t1/turn1,42,get_user_details,5,1.0,1.0,get_user_details,1.0,1
kev-9b,42/t1/turn10,42,respond_to_user,5,0.0,0.0,cancel_reservation,1.0,1
kev-9b,42/t1/turn11,42,cancel_reservation,5,1.0,1.0,cancel_reservation,1.0,1
kev-9b,42/t1/turn12,42,cancel_reservation,5,1.0,1.0,cancel_reservation,1.0,1
kev-9b,42/t1/turn13,42,respond_to_user,5,1.0,1.0,respond_to_user,1.0,1
kev-9b,42/t1/turn2,42,get_reservation_details,5,0.0,1.0,get_user_details,1.0,1
kev-9b,42/t1/turn3,42,get_reservation_details,5,1.0,1.0,get_reservation_details,1.0,1
kev-9b,42/t1/turn4,42,get_reservation_details,5,0.0,1.0,get_user_details,1.0,1
kev-9b,42/t1/turn5,42,get_reservation_details,5,0.0,0.0,respond_to_user,1.0,1
kev-9b,42/t1/turn6,42,get_reservation_details,5,0.0,0.0,respond_to_user,1.0,1
kev-9b,42/t1/turn7,42,get_reservation_details,5,0.0,0.0,respond_to_user,1.0,1
kev-9b,42/t1/turn8,42,get_reservation_details,5,0.0,0.0,respond_to_user,1.0,1
kev-9b,42/t1/turn9,42,respond_to_user,5,1.0,1.0,respond_to_user,1.0,1
kev-9b,42/t2/turn0,42,respond_to_user,5,0.0,1.0,get_user_details,1.0,1
kev-9b,42/t2/turn1,42,get_user_details,5,1.0,1.0,get_user_details,1.0,1
kev-9b,42/t2/turn10,42,cancel_reservation,5,0.0,0.0,respond_to_user,1.0,1
kev-9b,42/t2/turn11,42,cancel_reservation,5,0.0,0.0,respond_to_user,1.0,1
kev-9b,42/t2/turn12,42,respond_to_user,5,1.0,1.0,respond_to_user,1.0,1
kev-9b,42/t2/turn2,42,get_reservation_details,5,0.0,1.0,get_user_details,1.0,1
kev-9b,42/t2/turn3,42,get_reservation_details,5,1.0,1.0,get_reservation_details,1.0,1
kev-9b,42/t2/turn4,42,get_reservation_details,5,1.0,1.0,get_reservation_details,1.0,1
kev-9b,42/t2/turn5,42,get_reservation_details,5,0.0,0.0,respond_to_user,1.0,1
kev-9b,42/t2/turn6,42,get_reservation_details,5,0.0,0.0,respond_to_user,1.0,1
kev-9b,42/t2/turn7,42,get_reservation_details,5,0.0,0.0,respond_to_user,1.0,1
kev-9b,42/t2/turn8,42,get_reservation_details,5,0.0,0.0,respond_to_user,1.0,1
kev-9b,42/t2/turn9,42,respond_to_user,5,1.0,1.0,respond_to_user,1.0,1
kev-9b,43/t0/turn0,43,respond_to_user,5,0.0,1.0,get_user_details,1.0,1
kev-9b,43/t0/turn1,43,get_user_details,5,1.0,1.0,get_user_details,1.0,1
kev-9b,43/t0/turn10,43,respond_to_user,5,0.0,1.0,get_reservation_details,1.0,1
kev-9b,43/t0/turn2,43,get_reservation_details,5,0.0,1.0,get_user_details,1.0,1
kev-9b,43/t0/turn3,43,get_reservation_details,5,0.0,1.0,get_user_details,1.0,1
kev-9b,43/t0/turn4,43,get_reservation_details,5,0.0,1.0,get_user_details,1.0,1
kev-9b,43/t0/turn5,43,get_reservation_details,5,0.0,0.0,respond_to_user,1.0,1
kev-9b,43/t0/turn6,43,get_reservation_details,5,1.0,1.0,get_reservation_details,1.0,1
kev-9b,43/t0/turn7,43,get_reservation_details,5,0.0,0.0,respond_to_user,1.0,1
kev-9b,43/t0/turn8,43,respond_to_user,5,1.0,1.0,respond_to_user,1.0,1
kev-9b,43/t0/turn9,43,respond_to_user,5,1.0,1.0,respond_to_user,1.0,1
kev-9b,43/t1/turn0,43,respond_to_user,5,0.0,1.0,get_user_details,1.0,1
kev-9b,43/t1/turn1,43,get_user_details,5,1.0,1.0,get_user_details,1.0,1
kev-9b,43/t1/turn2,43,get_reservation_details,5,0.0,1.0,get_user_details,1.0,1
kev-9b,43/t1/turn3,43,get_reservation_details,5,0.0,1.0,get_user_details,1.0,1
kev-9b,43/t1/turn4,43,get_reservation_details,5,0.0,1.0,get_user_details,1.0,1
kev-9b,43/t1/turn5,43,get_reservation_details,5,0.0,0.0,respond_to_user,1.0,1
kev-9b,43/t1/turn6,43,get_reservation_details,5,1.0,1.0,get_reservation_details,1.0,1
kev-9b,43/t1/turn7,43,get_reservation_details,5,0.0,1.0,get_user_details,1.0,1
kev-9b,43/t1/turn8,43,transfer_to_human_agents,5,0.0,1.0,get_user_details,1.0,1
kev-9b,43/t1/turn9,43,respond_to_user,5,0.0,0.0,transfer_to_human_agents,1.0,1
kev-9b,43/t2/turn0,43,respond_to_user,5,0.0,1.0,get_user_details,1.0,1
kev-9b,43/t2/turn1,43,get_user_details,5,1.0,1.0,get_user_details,1.0,1
kev-9b,43/t2/turn2,43,get_reservation_details,5,0.0,1.0,get_user_details,1.0,1
kev-9b,43/t2/turn3,43,get_reservation_details,5,0.0,1.0,get_user_details,1.0,1
kev-9b,43/t2/turn4,43,get_reservation_details,5,0.0,1.0,get_user_details,1.0,1
kev-9b,43/t2/turn5,43,get_reservation_details,5,0.0,0.0,respond_to_user,1.0,1
kev-9b,43/t2/turn6,43,get_flight_status,5,0.0,1.0,get_reservation_details,1.0,1
kev-9b,43/t2/turn7,43,respond_to_user,5,1.0,1.0,respond_to_user,1.0,1
kev-9b,43/t2/turn8,43,transfer_to_human_agents,5,0.0,0.0,respond_to_user,1.0,1
kev-9b,43/t2/turn9,43,respond_to_user,5,0.0,0.0,transfer_to_human_agents,1.0,1
kev-9b,45/t0/turn0,45,respond_to_user,5,0.0,1.0,get_reservation_details,1.0,1
kev-9b,45/t0/turn1,45,get_reservation_details,5,1.0,1.0,get_reservation_details,1.0,1
kev-9b,45/t0/turn2,45,get_flight_status,5,0.0,1.0,get_reservation_details,1.0,1
kev-9b,45/t0/turn3,45,respond_to_user,5,0.0,0.0,get_flight_status,1.0,1
kev-9b,45/t0/turn4,45,respond_to_user,5,1.0,1.0,respond_to_user,1.0,1
kev-9b,45/t0/turn5,45,respond_to_user,5,1.0,1.0,respond_to_user,1.0,1
kev-9b,45/t1/turn0,45,respond_to_user,5,0.0,1.0,get_reservation_details,1.0,1
kev-9b,45/t1/turn1,45,get_reservation_details,5,1.0,1.0,get_reservation_details,1.0,1
kev-9b,45/t1/turn2,45,get_flight_status,5,0.0,1.0,get_reservation_details,1.0,1
kev-9b,45/t1/turn3,45,get_flight_status,5,1.0,1.0,get_flight_status,1.0,1
kev-9b,45/t1/turn4,45,respond_to_user,5,0.0,0.0,get_flight_status,1.0,1
kev-9b,45/t1/turn5,45,respond_to_user,5,1.0,1.0,respond_to_user,1.0,1
kev-9b,45/t1/turn6,45,respond_to_user,5,1.0,1.0,respond_to_user,1.0,1
kev-9b,45/t2/turn0,45,respond_to_user,5,0.0,1.0,get_reservation_details,1.0,1
kev-9b,45/t2/turn1,45,get_reservation_details,5,1.0,1.0,get_reservation_details,1.0,1
kev-9b,45/t2/turn2,45,respond_to_user,5,0.0,1.0,get_reservation_details,1.0,1
kev-9b,45/t2/turn3,45,respond_to_user,5,1.0,1.0,respond_to_user,1.0,1
kev-9b,45/t2/turn4,45,respond_to_user,5,1.0,1.0,respond_to_user,1.0,1
kev-9b,45/t2/turn5,45,respond_to_user,5,1.0,1.0,respond_to_user,1.0,1
kev-9b,46/t0/turn0,46,transfer_to_human_agents,5,0.0,0.0,respond_to_user,1.0,1
kev-9b,46/t0/turn1,46,respond_to_user,5,0.0,0.0,transfer_to_human_agents,1.0,1
kev-9b,46/t1/turn0,46,transfer_to_human_agents,5,0.0,0.0,respond_to_user,1.0,1
kev-9b,46/t1/turn1,46,respond_to_user,5,0.0,0.0,transfer_to_human_agents,1.0,1
kev-9b,46/t2/turn0,46,transfer_to_human_agents,5,0.0,0.0,respond_to_user,1.0,1
kev-9b,46/t2/turn1,46,respond_to_user,5,0.0,0.0,transfer_to_human_agents,1.0,1
kev-9b,47/t0/turn0,47,respond_to_user,5,1.0,1.0,respond_to_user,1.0,1
kev-9b,47/t0/turn1,47,get_reservation_details,5,0.0,0.0,respond_to_user,1.0,1
kev-9b,47/t0/turn2,47,respond_to_user,5,0.0,1.0,get_reservation_details,1.0,1
kev-9b,47/t0/turn3,47,respond_to_user,5,1.0,1.0,respond_to_user,1.0,1
kev-9b,47/t0/turn4,47,respond_to_user,5,1.0,1.0,respond_to_user,1.0,1
kev-9b,47/t0/turn5,47,respond_to_user,5,1.0,1.0,respond_to_user,1.0,1
kev-9b,47/t0/turn6,47,respond_to_user,5,1.0,1.0,respond_to_user,1.0,1
kev-9b,47/t0/turn7,47,respond_to_user,5,1.0,1.0,respond_to_user,1.0,1
kev-9b,47/t1/turn0,47,respond_to_user,5,1.0,1.0,respond_to_user,1.0,1
kev-9b,47/t1/turn1,47,get_user_details,5,0.0,1.0,get_reservation_details,1.0,1
kev-9b,47/t1/turn2,47,get_reservation_details,5,1.0,1.0,get_reservation_details,1.0,1
kev-9b,47/t1/turn3,47,get_flight_status,5,0.0,1.0,get_reservation_details,1.0,1
kev-9b,47/t1/turn4,47,respond_to_user,5,0.0,0.0,get_flight_status,1.0,1
kev-9b,47/t1/turn5,47,transfer_to_human_agents,5,0.0,0.0,respond_to_user,1.0,1
kev-9b,47/t1/turn6,47,respond_to_user,5,0.0,0.0,transfer_to_human_agents,1.0,1
kev-9b,47/t2/turn0,47,respond_to_user,5,1.0,1.0,respond_to_user,1.0,1
kev-9b,47/t2/turn1,47,get_user_details,5,0.0,1.0,get_reservation_details,1.0,1
kev-9b,47/t2/turn2,47,respond_to_user,5,0.0,0.0,get_user_details,1.0,1
kev-9b,47/t2/turn3,47,respond_to_user,5,1.0,1.0,respond_to_user,1.0,1
kev-9b,47/t2/turn4,47,respond_to_user,5,1.0,1.0,respond_to_user,1.0,1
kev-9b,47/t2/turn5,47,respond_to_user,5,1.0,1.0,respond_to_user,1.0,1
kev-9b,47/t2/turn6,47,transfer_to_human_agents,5,0.0,0.0,respond_to_user,1.0,1
kev-9b,47/t2/turn7,47,respond_to_user,5,0.0,0.0,transfer_to_human_agents,1.0,1
kev-9b,48/t0/turn0,48,respond_to_user,5,1.0,1.0,respond_to_user,1.0,1
kev-9b,48/t0/turn1,48,get_reservation_details,5,1.0,1.0,get_reservation_details,1.0,1
kev-9b,48/t0/turn2,48,respond_to_user,5,0.0,1.0,get_reservation_details,1.0,1
kev-9b,48/t0/turn3,48,get_reservation_details,5,1.0,1.0,get_reservation_details,1.0,1
kev-9b,48/t0/turn4,48,transfer_to_human_agents,5,0.0,0.0,respond_to_user,1.0,1
kev-9b,48/t0/turn5,48,respond_to_user,5,0.0,0.0,transfer_to_human_agents,1.0,1
kev-9b,48/t1/turn0,48,respond_to_user,5,1.0,1.0,respond_to_user,1.0,1
kev-9b,48/t1/turn1,48,get_reservation_details,5,1.0,1.0,get_reservation_details,1.0,1
kev-9b,48/t1/turn2,48,respond_to_user,5,0.0,1.0,get_reservation_details,1.0,1
kev-9b,48/t1/turn3,48,get_reservation_details,5,0.0,0.0,respond_to_user,1.0,1
kev-9b,48/t1/turn4,48,transfer_to_human_agents,5,0.0,0.0,respond_to_user,1.0,1
kev-9b,48/t1/turn5,48,respond_to_user,5,0.0,0.0,transfer_to_human_agents,1.0,1
kev-9b,48/t2/turn0,48,respond_to_user,5,1.0,1.0,respond_to_user,1.0,1
kev-9b,48/t2/turn1,48,get_reservation_details,5,1.0,1.0,get_reservation_details,1.0,1
kev-9b,48/t2/turn2,48,respond_to_user,5,0.0,1.0,get_reservation_details,1.0,1
kev-9b,48/t2/turn3,48,get_reservation_details,5,0.0,0.0,respond_to_user,1.0,1
kev-9b,48/t2/turn4,48,transfer_to_human_agents,5,0.0,0.0,respond_to_user,1.0,1
kev-9b,48/t2/turn5,48,respond_to_user,5,0.0,0.0,transfer_to_human_agents,1.0,1
kev-9b,49/t0/turn0,49,respond_to_user,5,0.0,1.0,get_reservation_details,1.0,1
kev-9b,49/t0/turn1,49,get_reservation_details,5,1.0,1.0,get_reservation_details,1.0,1
kev-9b,49/t0/turn2,49,transfer_to_human_agents,5,0.0,1.0,get_reservation_details,1.0,1
kev-9b,49/t0/turn3,49,respond_to_user,5,0.0,0.0,transfer_to_human_agents,1.0,1
kev-9b,49/t1/turn0,49,respond_to_user,5,0.0,1.0,get_reservation_details,1.0,1
kev-9b,49/t1/turn1,49,get_reservation_details,5,1.0,1.0,get_reservation_details,1.0,1
kev-9b,49/t1/turn2,49,respond_to_user,5,0.0,1.0,get_reservation_details,1.0,1
kev-9b,49/t1/turn3,49,get_user_details,5,0.0,0.0,respond_to_user,1.0,1
kev-9b,49/t1/turn4,49,transfer_to_human_agents,5,0.0,0.0,get_user_details,1.0,1
kev-9b,49/t1/turn5,49,respond_to_user,5,0.0,0.0,transfer_to_human_agents,1.0,1
kev-9b,49/t2/turn0,49,respond_to_user,5,0.0,1.0,get_reservation_details,1.0,1
kev-9b,49/t2/turn1,49,get_reservation_details,5,1.0,1.0,get_reservation_details,1.0,1
kev-9b,49/t2/turn2,49,respond_to_user,5,0.0,1.0,get_reservation_details,1.0,1
kev-9b,49/t2/turn3,49,get_user_details,5,0.0,0.0,respond_to_user,1.0,1
kev-9b,49/t2/turn4,49,transfer_to_human_agents,5,0.0,0.0,get_user_details,1.0,1
kev-9b,49/t2/turn5,49,respond_to_user,5,0.0,0.0,transfer_to_human_agents,1.0,1
kev-9b,5/t0/turn0,5,respond_to_user,5,1.0,1.0,respond_to_user,1.0,1
kev-9b,5/t0/turn1,5,respond_to_user,5,1.0,1.0,respond_to_user,1.0,1
kev-9b,5/t0/turn2,5,respond_to_user,5,1.0,1.0,respond_to_user,1.0,1
kev-9b,5/t1/turn0,5,respond_to_user,5,1.0,1.0,respond_to_user,1.0,1
kev-9b,5/t1/turn1,5,get_user_details,5,1.0,1.0,get_user_details,1.0,1
kev-9b,5/t1/turn10,5,transfer_to_human_agents,5,0.0,0.0,respond_to_user,1.0,1
kev-9b,5/t1/turn11,5,respond_to_user,5,0.0,0.0,transfer_to_human_agents,1.0,1
kev-9b,5/t1/turn2,5,get_reservation_details,5,0.0,1.0,get_user_details,1.0,1
kev-9b,5/t1/turn3,5,get_reservation_details,5,0.0,1.0,get_user_details,1.0,1
kev-9b,5/t1/turn4,5,get_reservation_details,5,0.0,1.0,get_user_details,1.0,1
kev-9b,5/t1/turn5,5,get_flight_status,5,0.0,1.0,get_user_details,1.0,1
kev-9b,5/t1/turn6,5,respond_to_user,5,0.0,0.0,get_flight_status,1.0,1
kev-9b,5/t1/turn7,5,respond_to_user,5,1.0,1.0,respond_to_user,1.0,1
kev-9b,5/t1/turn8,5,get_user_details,5,1.0,1.0,get_user_details,1.0,1
kev-9b,5/t1/turn9,5,respond_to_user,5,1.0,1.0,respond_to_user,1.0,1
kev-9b,5/t2/turn0,5,respond_to_user,5,1.0,1.0,respond_to_user,1.0,1
kev-9b,5/t2/turn1,5,respond_to_user,5,1.0,1.0,respond_to_user,1.0,1
kev-9b,5/t2/turn2,5,respond_to_user,5,1.0,1.0,respond_to_user,1.0,1
kev-9b,5/t2/turn3,5,respond_to_user,5,1.0,1.0,respond_to_user,1.0,1
kev-9b,6/t0/turn0,6,respond_to_user,5,0.0,0.0,get_user_details,1.0,1
kev-9b,6/t0/turn1,6,get_reservation_details,5,1.0,1.0,get_reservation_details,1.0,1
kev-9b,6/t0/turn2,6,respond_to_user,5,0.0,1.0,get_reservation_details,1.0,1
kev-9b,6/t0/turn3,6,respond_to_user,5,1.0,1.0,respond_to_user,1.0,1
kev-9b,6/t0/turn4,6,transfer_to_human_agents,5,1.0,1.0,transfer_to_human_agents,1.0,1
kev-9b,6/t0/turn5,6,respond_to_user,5,0.0,0.0,transfer_to_human_agents,1.0,1
kev-9b,6/t1/turn0,6,respond_to_user,5,0.0,0.0,get_user_details,1.0,1
kev-9b,6/t1/turn1,6,get_reservation_details,5,1.0,1.0,get_reservation_details,1.0,1
kev-9b,6/t1/turn2,6,respond_to_user,5,0.0,1.0,get_reservation_details,1.0,1
kev-9b,6/t1/turn3,6,respond_to_user,5,0.0,0.0,transfer_to_human_agents,1.0,1
kev-9b,6/t1/turn4,6,get_flight_status,5,0.0,0.0,respond_to_user,1.0,1
kev-9b,6/t1/turn5,6,get_flight_status,5,1.0,1.0,get_flight_status,1.0,1
kev-9b,6/t1/turn6,6,respond_to_user,5,0.0,0.0,get_flight_status,1.0,1
kev-9b,6/t1/turn7,6,respond_to_user,5,1.0,1.0,respond_to_user,1.0,1
kev-9b,6/t1/turn8,6,respond_to_user,5,1.0,1.0,respond_to_user,1.0,1
kev-9b,6/t2/turn0,6,respond_to_user,5,0.0,0.0,get_user_details,1.0,1
kev-9b,6/t2/turn1,6,get_reservation_details,5,1.0,1.0,get_reservation_details,1.0,1
kev-9b,6/t2/turn2,6,respond_to_user,5,0.0,1.0,get_reservation_details,1.0,1
kev-9b,6/t2/turn3,6,respond_to_user,5,1.0,1.0,respond_to_user,1.0,1
kev-9b,6/t2/turn4,6,respond_to_user,5,1.0,1.0,respond_to_user,1.0,1
kev-9b,6/t2/turn5,6,get_flight_status,5,0.0,0.0,respond_to_user,1.0,1
kev-9b,6/t2/turn6,6,get_flight_status,5,1.0,1.0,get_flight_status,1.0,1
kev-9b,6/t2/turn7,6,respond_to_user,5,0.0,0.0,get_flight_status,1.0,1
kev-9b,6/t2/turn8,6,respond_to_user,5,1.0,1.0,respond_to_user,1.0,1
kev-9b,8/t1/turn0,8,respond_to_user,5,0.0,1.0,search_direct_flight,1.0,1
kev-9b,8/t1/turn1,8,get_user_details,5,1.0,1.0,get_user_details,1.0,1
kev-9b,8/t1/turn10,8,respond_to_user,5,0.0,0.0,book_reservation,1.0,1
kev-9b,8/t1/turn11,8,book_reservation,5,1.0,1.0,book_reservation,1.0,1
kev-9b,8/t1/turn12,8,respond_to_user,5,0.0,0.0,book_reservation,1.0,1
kev-9b,8/t1/turn2,8,get_reservation_details,5,0.0,1.0,get_user_details,1.0,1
kev-9b,8/t1/turn3,8,get_reservation_details,5,0.0,1.0,search_direct_flight,1.0,1
kev-9b,8/t1/turn4,8,get_reservation_details,5,0.0,1.0,search_direct_flight,1.0,1
kev-9b,8/t1/turn5,8,get_reservation_details,5,0.0,1.0,search_direct_flight,1.0,1
kev-9b,8/t1/turn6,8,get_reservation_details,5,0.0,1.0,search_direct_flight,1.0,1
kev-9b,8/t1/turn7,8,search_direct_flight,5,1.0,1.0,search_direct_flight,1.0,1
kev-9b,8/t1/turn8,8,respond_to_user,5,0.0,1.0,search_direct_flight,1.0,1
kev-9b,8/t1/turn9,8,respond_to_user,5,0.0,0.0,book_reservation,1.0,1
kev-9b,8/t2/turn0,8,respond_to_user,5,0.0,1.0,search_direct_flight,1.0,1
kev-9b,8/t2/turn1,8,get_user_details,5,1.0,1.0,get_user_details,1.0,1
kev-9b,8/t2/turn10,8,book_reservation,5,1.0,1.0,book_reservation,1.0,1
kev-9b,8/t2/turn11,8,respond_to_user,5,0.0,0.0,book_reservation,1.0,1
kev-9b,8/t2/turn2,8,get_reservation_details,5,0.0,1.0,get_user_details,1.0,1
kev-9b,8/t2/turn3,8,get_reservation_details,5,0.0,1.0,search_direct_flight,1.0,1
kev-9b,8/t2/turn4,8,get_reservation_details,5,0.0,1.0,search_direct_flight,1.0,1
kev-9b,8/t2/turn5,8,get_reservation_details,5,0.0,1.0,search_direct_flight,1.0,1
kev-9b,8/t2/turn6,8,get_reservation_details,5,0.0,1.0,search_direct_flight,1.0,1
kev-9b,8/t2/turn7,8,search_direct_flight,5,1.0,1.0,search_direct_flight,1.0,1
kev-9b,8/t2/turn8,8,respond_to_user,5,0.0,1.0,search_direct_flight,1.0,1
kev-9b,8/t2/turn9,8,respond_to_user,5,0.0,0.0,book_reservation,1.0,1
kev-9b,9/t0/turn0,9,respond_to_user,5,1.0,1.0,respond_to_user,1.0,1
kev-9b,9/t0/turn1,9,get_user_details,5,1.0,1.0,get_user_details,1.0,1
kev-9b,9/t0/turn2,9,get_reservation_details,5,0.0,0.0,get_user_details,1.0,1
kev-9b,9/t0/turn3,9,get_reservation_details,5,1.0,1.0,get_reservation_details,1.0,1
kev-9b,9/t0/turn4,9,get_reservation_details,5,1.0,1.0,get_reservation_details,1.0,1
kev-9b,9/t0/turn5,9,search_direct_flight,5,0.0,0.0,get_user_details,1.0,1
kev-9b,9/t0/turn6,9,get_flight_status,5,0.0,1.0,search_direct_flight,1.0,1
kev-9b,9/t0/turn7,9,transfer_to_human_agents,5,0.0,0.0,respond_to_user,1.0,1
kev-9b,9/t0/turn8,9,respond_to_user,5,0.0,0.0,transfer_to_human_agents,1.0,1
kev-9b,9/t1/turn0,9,respond_to_user,5,1.0,1.0,respond_to_user,1.0,1
kev-9b,9/t1/turn1,9,get_user_details,5,1.0,1.0,get_user_details,1.0,1
kev-9b,9/t1/turn10,9,respond_to_user,5,0.0,0.0,transfer_to_human_agents,1.0,1
kev-9b,9/t1/turn2,9,get_reservation_details,5,0.0,0.0,get_user_details,1.0,1
kev-9b,9/t1/turn3,9,get_reservation_details,5,1.0,1.0,get_reservation_details,1.0,1
kev-9b,9/t1/turn4,9,get_reservation_details,5,1.0,1.0,get_reservation_details,1.0,1
kev-9b,9/t1/turn5,9,get_flight_status,5,0.0,0.0,get_reservation_details,1.0,1
kev-9b,9/t1/turn6,9,get_flight_status,5,1.0,1.0,get_flight_status,1.0,1
kev-9b,9/t1/turn7,9,get_flight_status,5,1.0,1.0,get_flight_status,1.0,1
kev-9b,9/t1/turn8,9,search_direct_flight,5,0.0,0.0,get_flight_status,1.0,1
kev-9b,9/t1/turn9,9,transfer_to_human_agents,5,0.0,1.0,search_direct_flight,1.0,1
kev-9b,9/t2/turn0,9,respond_to_user,5,1.0,1.0,respond_to_user,1.0,1
kev-9b,9/t2/turn1,9,get_user_details,5,1.0,1.0,get_user_details,1.0,1
kev-9b,9/t2/turn2,9,get_reservation_details,5,0.0,0.0,get_user_details,1.0,1
kev-9b,9/t2/turn3,9,get_reservation_details,5,1.0,1.0,get_reservation_details,1.0,1
kev-9b,9/t2/turn4,9,get_reservation_details,5,1.0,1.0,get_reservation_details,1.0,1
kev-9b,9/t2/turn5,9,get_flight_status,5,0.0,0.0,get_reservation_details,1.0,1
kev-9b,9/t2/turn6,9,search_direct_flight,5,0.0,0.0,get_flight_status,1.0,1
kev-9b,9/t2/turn7,9,transfer_to_human_agents,5,0.0,1.0,search_direct_flight,1.0,1
kev-9b,9/t2/turn8,9,respond_to_user,5,0.0,0.0,transfer_to_human_agents,1.0,1
llm:local/qwen3-8b,0/t0/turn0,0,respond_to_user,5,0.0,0.0,get_reservation_details,1.0,1
llm:local/qwen3-8b,0/t0/turn1,0,get_reservation_details,5,1.0,1.0,get_reservation_details,1.0,1
llm:local/qwen3-8b,0/t0/turn2,0,respond_to_user,5,0.2,0.2,cancel_reservation,0.8,2
llm:local/qwen3-8b,0/t0/turn3,0,transfer_to_human_agents,5,0.0,0.0,respond_to_user,1.0,1
llm:local/qwen3-8b,0/t0/turn4,0,respond_to_user,5,1.0,1.0,respond_to_user,1.0,1
llm:local/qwen3-8b,0/t1/turn0,0,respond_to_user,5,0.0,0.0,get_reservation_details,1.0,1
llm:local/qwen3-8b,0/t1/turn1,0,get_user_details,5,0.0,0.0,get_reservation_details,1.0,1
llm:local/qwen3-8b,0/t1/turn2,0,respond_to_user,5,1.0,1.0,respond_to_user,1.0,1
llm:local/qwen3-8b,0/t1/turn3,0,respond_to_user,5,1.0,1.0,respond_to_user,1.0,1
llm:local/qwen3-8b,0/t2/turn0,0,respond_to_user,5,0.0,0.0,get_reservation_details,1.0,1
llm:local/qwen3-8b,0/t2/turn1,0,get_user_details,5,0.0,0.0,get_reservation_details,1.0,1
llm:local/qwen3-8b,0/t2/turn2,0,get_reservation_details,5,0.0,0.0,respond_to_user,1.0,1
llm:local/qwen3-8b,0/t2/turn3,0,get_flight_status,5,0.0,0.0,respond_to_user,1.0,1
llm:local/qwen3-8b,0/t2/turn4,0,respond_to_user,5,1.0,1.0,respond_to_user,1.0,1
llm:local/qwen3-8b,0/t2/turn5,0,respond_to_user,5,1.0,1.0,respond_to_user,1.0,1
llm:local/qwen3-8b,1/t0/turn0,1,respond_to_user,5,0.0,1.0,get_user_details,1.0,1
llm:local/qwen3-8b,1/t0/turn1,1,get_user_details,5,0.0,1.0,get_reservation_details,1.0,1
llm:local/qwen3-8b,1/t0/turn10,1,respond_to_user,5,0.0,0.0,cancel_reservation,1.0,1
llm:local/qwen3-8b,1/t0/turn11,1,transfer_to_human_agents,5,1.0,1.0,transfer_to_human_agents,1.0,1
llm:local/qwen3-8b,1/t0/turn12,1,respond_to_user,5,1.0,1.0,respond_to_user,1.0,1
llm:local/qwen3-8b,1/t0/turn2,1,get_reservation_details,5,1.0,1.0,get_reservation_details,1.0,1
llm:local/qwen3-8b,1/t0/turn3,1,get_reservation_details,5,0.0,0.0,cancel_reservation,1.0,1
llm:local/qwen3-8b,1/t0/turn4,1,get_reservation_details,5,0.0,0.0,cancel_reservation,1.0,1
llm:local/qwen3-8b,1/t0/turn5,1,get_reservation_details,5,0.0,0.0,cancel_reservation,1.0,1
llm:local/qwen3-8b,1/t0/turn6,1,get_reservation_details,5,0.0,0.0,cancel_reservation,1.0,1
llm:local/qwen3-8b,1/t0/turn7,1,get_flight_status,5,0.0,0.0,cancel_reservation,1.0,1
llm:local/qwen3-8b,1/t0/turn8,1,get_flight_status,5,0.0,0.0,respond_to_user,0.6,2
llm:local/qwen3-8b,1/t0/turn9,1,get_flight_status,5,0.0,0.0,respond_to_user,0.6,2
llm:local/qwen3-8b,1/t1/turn0,1,respond_to_user,5,0.0,1.0,get_reservation_details,1.0,1
llm:local/qwen3-8b,1/t1/turn1,1,get_user_details,5,0.0,1.0,get_reservation_details,1.0,1
llm:local/qwen3-8b,1/t1/turn10,1,get_flight_status,5,0.0,0.0,respond_to_user,1.0,1
llm:local/qwen3-8b,1/t1/turn11,1,respond_to_user,5,1.0,1.0,respond_to_user,1.0,1
llm:local/qwen3-8b,1/t1/turn2,1,get_reservation_details,5,1.0,1.0,get_reservation_details,1.0,1
llm:local/qwen3-8b,1/t1/turn3,1,get_reservation_details,5,0.0,0.0,respond_to_user,1.0,1
llm:local/qwen3-8b,1/t1/turn4,1,get_reservation_details,5,0.0,0.0,respond_to_user,1.0,1
llm:local/qwen3-8b,1/t1/turn5,1,get_reservation_details,5,0.0,0.0,respond_to_user,1.0,1
llm:local/qwen3-8b,1/t1/turn6,1,get_reservation_details,5,0.0,0.0,respond_to_user,1.0,1
llm:local/qwen3-8b,1/t1/turn7,1,respond_to_user,5,0.4,0.4,cancel_reservation,0.6,2
llm:local/qwen3-8b,1/t1/turn8,1,get_flight_status,5,0.0,0.0,respond_to_user,1.0,1
llm:local/qwen3-8b,1/t1/turn9,1,get_flight_status,5,0.0,0.0,respond_to_user,1.0,1
llm:local/qwen3-8b,1/t2/turn0,1,respond_to_user,5,0.0,1.0,get_user_details,1.0,1
llm:local/qwen3-8b,1/t2/turn1,1,get_user_details,5,0.0,1.0,get_reservation_details,1.0,1
llm:local/qwen3-8b,1/t2/turn2,1,get_reservation_details,5,0.4,0.4,transfer_to_human_agents,0.6,2
llm:local/qwen3-8b,1/t2/turn3,1,get_reservation_details,5,0.0,0.0,cancel_reservation,1.0,1
llm:local/qwen3-8b,1/t2/turn4,1,get_reservation_details,5,0.0,0.0,cancel_reservation,0.8,2
llm:local/qwen3-8b,1/t2/turn5,1,get_reservation_details,5,0.0,0.0,cancel_reservation,0.8,2
llm:local/qwen3-8b,1/t2/turn6,1,get_reservation_details,5,0.0,0.0,respond_to_user,1.0,1
llm:local/qwen3-8b,1/t2/turn7,1,respond_to_user,5,1.0,1.0,respond_to_user,1.0,1
llm:local/qwen3-8b,10/t0/turn0,10,respond_to_user,5,0.0,0.0,get_user_details,1.0,1
llm:local/qwen3-8b,10/t0/turn1,10,get_user_details,5,0.2,0.2,get_reservation_details,0.8,2
llm:local/qwen3-8b,10/t0/turn10,10,respond_to_user,5,1.0,1.0,respond_to_user,1.0,1
llm:local/qwen3-8b,10/t0/turn11,10,respond_to_user,5,1.0,1.0,respond_to_user,1.0,1
llm:local/qwen3-8b,10/t0/turn2,10,get_reservation_details,5,0.0,0.0,search_onestop_flight,1.0,1
llm:local/qwen3-8b,10/t0/turn3,10,search_onestop_flight,5,0.0,0.0,update_reservation_flights,1.0,1
llm:local/qwen3-8b,10/t0/turn4,10,search_direct_flight,5,0.0,0.0,respond_to_user,1.0,1
llm:local/qwen3-8b,10/t0/turn5,10,search_direct_flight,5,0.0,0.0,respond_to_user,1.0,1
llm:local/qwen3-8b,10/t0/turn6,10,search_direct_flight,5,0.0,0.0,respond_to_user,1.0,1
llm:local/qwen3-8b,10/t0/turn7,10,respond_to_user,5,1.0,1.0,respond_to_user,1.0,1
llm:local/qwen3-8b,10/t0/turn8,10,respond_to_user,5,0.8,0.8,respond_to_user,0.8,2
llm:local/qwen3-8b,10/t0/turn9,10,respond_to_user,5,1.0,1.0,respond_to_user,1.0,1
llm:local/qwen3-8b,10/t1/turn0,10,respond_to_user,5,0.0,0.0,get_user_details,1.0,1
llm:local/qwen3-8b,10/t1/turn1,10,get_user_details,5,1.0,1.0,get_user_details,1.0,1
llm:local/qwen3-8b,10/t1/turn10,10,respond_to_user,5,1.0,1.0,respond_to_user,1.0,1
llm:local/qwen3-8b,10/t1/turn2,10,get_reservation_details,5,0.0,0.0,search_direct_flight,1.0,1
llm:local/qwen3-8b,10/t1/turn3,10,respond_to_user,5,0.0,0.0,update_reservation_flights,1.0,1
llm:local/qwen3-8b,10/t1/turn4,10,search_direct_flight,5,0.0,0.0,search_onestop_flight,1.0,1
llm:local/qwen3-8b,10/t1/turn5,10,search_onestop_flight,5,0.2,0.2,respond_to_user,0.8,2
llm:local/qwen3-8b,10/t1/turn6,10,search_direct_flight,5,0.0,0.0,respond_to_user,1.0,1
llm:local/qwen3-8b,10/t1/turn7,10,search_direct_flight,5,0.0,0.0,respond_to_user,1.0,1
llm:local/qwen3-8b,10/t1/turn8,10,respond_to_user,5,1.0,1.0,respond_to_user,1.0,1
llm:local/qwen3-8b,10/t1/turn9,10,respond_to_user,5,1.0,1.0,respond_to_user,1.0,1
llm:local/qwen3-8b,10/t2/turn0,10,respond_to_user,5,0.0,0.0,get_user_details,1.0,1
llm:local/qwen3-8b,10/t2/turn1,10,get_user_details,5,0.2,0.2,get_reservation_details,0.8,2
llm:local/qwen3-8b,10/t2/turn2,10,get_reservation_details,5,0.0,0.0,search_onestop_flight,0.8,2
llm:local/qwen3-8b,10/t2/turn3,10,search_direct_flight,5,0.0,0.0,update_reservation_flights,1.0,1
llm:local/qwen3-8b,10/t2/turn4,10,search_onestop_flight,5,0.0,0.0,respond_to_user,1.0,1
llm:local/qwen3-8b,10/t2/turn5,10,search_direct_flight,5,0.0,0.0,respond_to_user,1.0,1
llm:local/qwen3-8b,10/t2/turn6,10,search_direct_flight,5,0.0,0.0,respond_to_user,1.0,1
llm:local/qwen3-8b,10/t2/turn7,10,respond_to_user,5,1.0,1.0,respond_to_user,1.0,1
llm:local/qwen3-8b,10/t2/turn8,10,respond_to_user,5,0.0,0.0,search_onestop_flight,1.0,1
llm:local/qwen3-8b,10/t2/turn9,10,respond_to_user,5,1.0,1.0,respond_to_user,1.0,1
llm:local/qwen3-8b,11/t0/turn0,11,respond_to_user,5,0.0,0.0,get_user_details,1.0,1
llm:local/qwen3-8b,11/t0/turn1,11,get_user_details,5,0.0,0.0,get_reservation_details,1.0,1
llm:local/qwen3-8b,11/t0/turn2,11,get_reservation_details,5,0.0,0.0,respond_to_user,1.0,1
llm:local/qwen3-8b,11/t0/turn3,11,get_reservation_details,5,0.0,0.0,respond_to_user,1.0,1
llm:local/qwen3-8b,11/t0/turn4,11,get_reservation_details,5,0.0,0.0,respond_to_user,1.0,1
llm:local/qwen3-8b,11/t0/turn5,11,search_direct_flight,5,0.0,0.0,respond_to_user,1.0,1
llm:local/qwen3-8b,11/t0/turn6,11,respond_to_user,5,1.0,1.0,respond_to_user,1.0,1
llm:local/qwen3-8b,11/t0/turn7,11,update_reservation_flights,5,1.0,1.0,update_reservation_flights,1.0,1
llm:local/qwen3-8b,11/t0/turn8,11,respond_to_user,5,1.0,1.0,respond_to_user,1.0,1
llm:local/qwen3-8b,11/t1/turn0,11,respond_to_user,5,0.0,0.0,get_user_details,1.0,1
llm:local/qwen3-8b,11/t1/turn1,11,get_user_details,5,0.0,0.0,get_reservation_details,1.0,1
llm:local/qwen3-8b,11/t1/turn2,11,get_reservation_details,5,1.0,1.0,get_reservation_details,1.0,1
llm:local/qwen3-8b,11/t1/turn3,11,get_reservation_details,5,0.0,0.0,respond_to_user,0.6,2
llm:local/qwen3-8b,11/t1/turn4,11,get_reservation_details,5,0.0,0.0,respond_to_user,1.0,1
llm:local/qwen3-8b,11/t1/turn5,11,search_direct_flight,5,0.0,0.0,update_reservation_flights,1.0,1
llm:local/qwen3-8b,11/t1/turn6,11,search_direct_flight,5,0.0,0.0,respond_to_user,1.0,1
llm:local/qwen3-8b,11/t1/turn7,11,respond_to_user,5,1.0,1.0,respond_to_user,1.0,1
llm:local/qwen3-8b,11/t1/turn8,11,update_reservation_flights,5,1.0,1.0,update_reservation_flights,1.0,1
llm:local/qwen3-8b,11/t1/turn9,11,respond_to_user,5,1.0,1.0,respond_to_user,1.0,1
llm:local/qwen3-8b,11/t2/turn0,11,respond_to_user,5,0.0,0.0,get_user_details,1.0,1
llm:local/qwen3-8b,11/t2/turn1,11,respond_to_user,5,0.0,0.0,update_reservation_flights,1.0,1
llm:local/qwen3-8b,11/t2/turn10,11,respond_to_user,5,1.0,1.0,respond_to_user,1.0,1
llm:local/qwen3-8b,11/t2/turn11,11,update_reservation_flights,5,1.0,1.0,update_reservation_flights,1.0,1
llm:local/qwen3-8b,11/t2/turn12,11,respond_to_user,5,1.0,1.0,respond_to_user,1.0,1
llm:local/qwen3-8b,11/t2/turn2,11,get_user_details,5,0.6,0.6,get_user_details,0.6,2
llm:local/qwen3-8b,11/t2/turn3,11,get_reservation_details,5,1.0,1.0,get_reservation_details,1.0,1
llm:local/qwen3-8b,11/t2/turn4,11,get_reservation_details,5,0.0,0.0,respond_to_user,0.8,2
llm:local/qwen3-8b,11/t2/turn5,11,get_reservation_details,5,0.0,0.0,respond_to_user,1.0,1
llm:local/qwen3-8b,11/t2/turn6,11,get_flight_status,5,0.0,0.0,update_reservation_flights,1.0,1
llm:local/qwen3-8b,11/t2/turn7,11,get_flight_status,5,0.0,0.0,update_reservation_flights,0.6,2
llm:local/qwen3-8b,11/t2/turn8,11,search_direct_flight,5,0.0,0.0,respond_to_user,1.0,1
llm:local/qwen3-8b,11/t2/turn9,11,search_direct_flight,5,0.0,0.0,respond_to_user,1.0,1
llm:local/qwen3-8b,12/t0/turn0,12,respond_to_user,5,0.0,1.0,get_reservation_details,1.0,1
llm:local/qwen3-8b,12/t0/turn1,12,get_reservation_details,5,1.0,1.0,get_reservation_details,1.0,1
llm:local/qwen3-8b,12/t0/turn2,12,search_direct_flight,5,0.0,0.0,update_reservation_flights,1.0,1
llm:local/qwen3-8b,12/t0/turn3,12,search_direct_flight,5,0.0,0.0,respond_to_user,0.8,2
llm:local/qwen3-8b,12/t0/turn4,12,get_user_details,5,0.0,0.0,respond_to_user,1.0,1
llm:local/qwen3-8b,12/t0/turn5,12,respond_to_user,5,1.0,1.0,respond_to_user,1.0,1
llm:local/qwen3-8b,12/t0/turn6,12,update_reservation_baggages,5,0.0,0.0,update_reservation_flights,1.0,1
llm:local/qwen3-8b,12/t0/turn7,12,respond_to_user,5,1.0,1.0,respond_to_user,1.0,1
llm:local/qwen3-8b,12/t1/turn0,12,respond_to_user,5,0.0,0.4,get_user_details,0.4,3
llm:local/qwen3-8b,12/t1/turn1,12,get_reservation_details,5,0.0,0.0,update_reservation_flights,1.0,1
llm:local/qwen3-8b,12/t1/turn2,12,search_direct_flight,5,0.0,0.0,update_reservation_flights,1.0,1
llm:local/qwen3-8b,12/t1/turn3,12,search_direct_flight,5,0.0,0.0,update_reservation_flights,0.8,2
llm:local/qwen3-8b,12/t1/turn4,12,get_user_details,5,0.0,0.0,respond_to_user,1.0,1
llm:local/qwen3-8b,12/t1/turn5,12,respond_to_user,5,0.8,0.8,respond_to_user,0.8,2
llm:local/qwen3-8b,12/t1/turn6,12,respond_to_user,5,0.0,0.0,update_reservation_flights,1.0,1
llm:local/qwen3-8b,12/t1/turn7,12,update_reservation_baggages,5,1.0,1.0,update_reservation_baggages,1.0,1
llm:local/qwen3-8b,12/t1/turn8,12,respond_to_user,5,1.0,1.0,respond_to_user,1.0,1
llm:local/qwen3-8b,12/t2/turn0,12,respond_to_user,5,0.0,0.0,get_user_details,1.0,1
llm:local/qwen3-8b,12/t2/turn1,12,get_user_details,5,0.0,1.0,get_reservation_details,1.0,1
llm:local/qwen3-8b,12/t2/turn2,12,search_direct_flight,5,0.0,0.0,respond_to_user,1.0,1
llm:local/qwen3-8b,12/t2/turn3,12,search_direct_flight,5,0.0,0.0,respond_to_user,1.0,1
llm:local/qwen3-8b,12/t2/turn4,12,respond_to_user,5,1.0,1.0,respond_to_user,1.0,1
llm:local/qwen3-8b,12/t2/turn5,12,update_reservation_baggages,5,0.0,0.0,update_reservation_flights,1.0,1
llm:local/qwen3-8b,12/t2/turn6,12,respond_to_user,5,1.0,1.0,respond_to_user,1.0,1
llm:local/qwen3-8b,13/t0/turn0,13,respond_to_user,5,0.0,0.0,get_user_details,1.0,1
llm:local/qwen3-8b,13/t0/turn1,13,transfer_to_human_agents,5,1.0,1.0,transfer_to_human_agents,1.0,1
llm:local/qwen3-8b,13/t0/turn2,13,respond_to_user,5,1.0,1.0,respond_to_user,1.0,1
llm:local/qwen3-8b,13/t1/turn0,13,respond_to_user,5,0.0,0.0,get_user_details,1.0,1
llm:local/qwen3-8b,13/t1/turn1,13,transfer_to_human_agents,5,1.0,1.0,transfer_to_human_agents,1.0,1
llm:local/qwen3-8b,13/t1/turn2,13,respond_to_user,5,1.0,1.0,respond_to_user,1.0,1
llm:local/qwen3-8b,13/t2/turn0,13,respond_to_user,5,0.0,0.0,get_user_details,1.0,1
llm:local/qwen3-8b,13/t2/turn1,13,get_user_details,5,0.0,0.0,get_reservation_details,1.0,1
llm:local/qwen3-8b,13/t2/turn2,13,transfer_to_human_agents,5,0.0,0.0,update_reservation_flights,1.0,1
llm:local/qwen3-8b,13/t2/turn3,13,respond_to_user,5,1.0,1.0,respond_to_user,1.0,1
llm:local/qwen3-8b,14/t1/turn0,14,respond_to_user,5,0.0,0.0,transfer_to_human_agents,1.0,1
llm:local/qwen3-8b,14/t1/turn1,14,get_user_details,5,1.0,1.0,get_user_details,1.0,1
llm:local/qwen3-8b,14/t1/turn10,14,respond_to_user,5,1.0,1.0,respond_to_user,1.0,1
llm:local/qwen3-8b,14/t1/turn11,14,cancel_reservation,5,1.0,1.0,cancel_reservation,1.0,1
llm:local/qwen3-8b,14/t1/turn12,14,book_reservation,5,1.0,1.0,book_reservation,1.0,1
llm:local/qwen3-8b,14/t1/turn13,14,respond_to_user,5,1.0,1.0,respond_to_user,1.0,1
llm:local/qwen3-8b,14/t1/turn2,14,respond_to_user,5,1.0,1.0,respond_to_user,1.0,1
llm:local/qwen3-8b,14/t1/turn3,14,get_reservation_details,5,1.0,1.0,get_reservation_details,1.0,1
llm:local/qwen3-8b,14/t1/turn4,14,search_direct_flight,5,0.0,0.0,update_reservation_flights,1.0,1
llm:local/qwen3-8b,14/t1/turn5,14,search_onestop_flight,5,1.0,1.0,search_onestop_flight,1.0,1
llm:local/qwen3-8b,14/t1/turn6,14,search_direct_flight,5,0.0,0.0,respond_to_user,1.0,1
llm:local/qwen3-8b,14/t1/turn7,14,search_onestop_flight,5,0.0,0.0,respond_to_user,1.0,1
llm:local/qwen3-8b,14/t1/turn8,14,respond_to_user,5,1.0,1.0,respond_to_user,1.0,1
llm:local/qwen3-8b,14/t1/turn9,14,respond_to_user,5,1.0,1.0,respond_to_user,1.0,1
llm:local/qwen3-8b,14/t2/turn0,14,respond_to_user,5,0.0,0.0,transfer_to_human_agents,0.6,2
llm:local/qwen3-8b,14/t2/turn1,14,get_user_details,5,1.0,1.0,get_user_details,1.0,1
llm:local/qwen3-8b,14/t2/turn10,14,cancel_reservation,5,1.0,1.0,cancel_reservation,1.0,1
llm:local/qwen3-8b,14/t2/turn11,14,book_reservation,5,0.2,0.2,respond_to_user,0.8,2
llm:local/qwen3-8b,14/t2/turn12,14,respond_to_user,5,1.0,1.0,respond_to_user,1.0,1
llm:local/qwen3-8b,14/t2/turn2,14,respond_to_user,5,1.0,1.0,respond_to_user,1.0,1
llm:local/qwen3-8b,14/t2/turn3,14,get_reservation_details,5,0.8,0.8,get_reservation_details,0.8,2
llm:local/qwen3-8b,14/t2/turn4,14,search_direct_flight,5,0.0,0.0,update_reservation_flights,1.0,1
llm:local/qwen3-8b,14/t2/turn5,14,search_onestop_flight,5,1.0,1.0,search_onestop_flight,1.0,1
llm:local/qwen3-8b,14/t2/turn6,14,search_direct_flight,5,0.0,0.0,respond_to_user,1.0,1
llm:local/qwen3-8b,14/t2/turn7,14,search_onestop_flight,5,0.0,0.0,respond_to_user,1.0,1
llm:local/qwen3-8b,14/t2/turn8,14,respond_to_user,5,1.0,1.0,respond_to_user,1.0,1
llm:local/qwen3-8b,14/t2/turn9,14,respond_to_user,5,0.8,0.8,respond_to_user,0.8,2
llm:local/qwen3-8b,15/t0/turn0,15,respond_to_user,5,0.0,0.0,get_user_details,0.8,2
llm:local/qwen3-8b,15/t0/turn1,15,get_user_details,5,0.0,0.0,search_onestop_flight,0.8,2
llm:local/qwen3-8b,15/t0/turn2,15,get_reservation_details,5,0.0,0.0,search_onestop_flight,1.0,1
llm:local/qwen3-8b,15/t0/turn3,15,search_direct_flight,5,0.0,0.0,update_reservation_flights,1.0,1
llm:local/qwen3-8b,15/t0/turn4,15,search_onestop_flight,5,0.0,0.0,respond_to_user,1.0,1
llm:local/qwen3-8b,15/t0/turn5,15,respond_to_user,5,1.0,1.0,respond_to_user,1.0,1
llm:local/qwen3-8b,15/t0/turn6,15,update_reservation_flights,5,1.0,1.0,update_reservation_flights,1.0,1
llm:local/qwen3-8b,15/t0/turn7,15,respond_to_user,5,1.0,1.0,respond_to_user,1.0,1
llm:local/qwen3-8b,15/t1/turn0,15,respond_to_user,5,0.0,0.0,search_direct_flight,1.0,1
llm:local/qwen3-8b,15/t1/turn1,15,get_user_details,5,1.0,1.0,get_user_details,1.0,1
llm:local/qwen3-8b,15/t1/turn10,15,update_reservation_flights,5,1.0,1.0,update_reservation_flights,1.0,1
llm:local/qwen3-8b,15/t1/turn11,15,respond_to_user,5,1.0,1.0,respond_to_user,1.0,1
llm:local/qwen3-8b,15/t1/turn2,15,get_reservation_details,5,0.0,0.0,search_onestop_flight,0.8,2
llm:local/qwen3-8b,15/t1/turn3,15,get_reservation_details,5,0.0,0.0,respond_to_user,1.0,1
llm:local/qwen3-8b,15/t1/turn4,15,search_direct_flight,5,0.0,0.0,respond_to_user,1.0,1
llm:local/qwen3-8b,15/t1/turn5,15,search_onestop_flight,5,0.0,0.0,respond_to_user,1.0,1
llm:local/qwen3-8b,15/t1/turn6,15,search_direct_flight,5,0.0,0.0,respond_to_user,1.0,1
llm:local/qwen3-8b,15/t1/turn7,15,search_onestop_flight,5,0.0,0.0,respond_to_user,1.0,1
llm:local/qwen3-8b,15/t1/turn8,15,respond_to_user,5,1.0,1.0,respond_to_user,1.0,1
llm:local/qwen3-8b,15/t1/turn9,15,respond_to_user,5,0.0,0.0,update_reservation_flights,1.0,1
llm:local/qwen3-8b,15/t2/turn0,15,respond_to_user,5,0.0,0.0,get_user_details,0.6,2
llm:local/qwen3-8b,15/t2/turn1,15,get_user_details,5,0.0,0.0,get_reservation_details,1.0,1
llm:local/qwen3-8b,15/t2/turn2,15,get_reservation_details,5,1.0,1.0,get_reservation_details,1.0,1
llm:local/qwen3-8b,15/t2/turn3,15,search_direct_flight,5,0.0,0.0,search_onestop_flight,0.6,3
llm:local/qwen3-8b,15/t2/turn4,15,search_onestop_flight,5,0.0,0.0,respond_to_user,1.0,1
llm:local/qwen3-8b,15/t2/turn5,15,respond_to_user,5,1.0,1.0,respond_to_user,1.0,1
llm:local/qwen3-8b,15/t2/turn6,15,update_reservation_flights,5,1.0,1.0,update_reservation_flights,1.0,1
llm:local/qwen3-8b,15/t2/turn7,15,respond_to_user,5,1.0,1.0,respond_to_user,1.0,1
llm:local/qwen3-8b,16/t0/turn0,16,respond_to_user,5,0.0,0.0,get_user_details,1.0,1
llm:local/qwen3-8b,16/t0/turn1,16,get_user_details,5,0.0,0.0,get_reservation_details,1.0,1
llm:local/qwen3-8b,16/t0/turn2,16,get_reservation_details,5,0.0,0.0,search_direct_flight,1.0,1
llm:local/qwen3-8b,16/t0/turn3,16,search_direct_flight,5,0.0,0.0,update_reservation_flights,1.0,1
llm:local/qwen3-8b,16/t0/turn4,16,search_onestop_flight,5,0.0,0.0,respond_to_user,1.0,1
llm:local/qwen3-8b,16/t0/turn5,16,respond_to_user,5,1.0,1.0,respond_to_user,1.0,1
llm:local/qwen3-8b,16/t0/turn6,16,respond_to_user,5,0.0,0.0,update_reservation_flights,1.0,1
llm:local/qwen3-8b,16/t0/turn7,16,update_reservation_flights,5,1.0,1.0,update_reservation_flights,1.0,1
llm:local/qwen3-8b,16/t0/turn8,16,respond_to_user,5,1.0,1.0,respond_to_user,1.0,1
llm:local/qwen3-8b,16/t1/turn0,16,respond_to_user,5,0.0,0.0,get_user_details,1.0,1
llm:local/qwen3-8b,16/t1/turn1,16,get_user_details,5,1.0,1.0,get_user_details,1.0,1
llm:local/qwen3-8b,16/t1/turn2,16,get_reservation_details,5,0.0,0.0,respond_to_user,1.0,1
llm:local/qwen3-8b,16/t1/turn3,16,search_direct_flight,5,0.0,0.0,update_reservation_flights,1.0,1
llm:local/qwen3-8b,16/t1/turn4,16,search_onestop_flight,5,0.0,0.0,respond_to_user,1.0,1
llm:local/qwen3-8b,16/t1/turn5,16,respond_to_user,5,1.0,1.0,respond_to_user,1.0,1
llm:local/qwen3-8b,16/t1/turn6,16,respond_to_user,5,0.0,0.0,update_reservation_flights,1.0,1
llm:local/qwen3-8b,16/t1/turn7,16,update_reservation_flights,5,1.0,1.0,update_reservation_flights,1.0,1
llm:local/qwen3-8b,16/t1/turn8,16,respond_to_user,5,1.0,1.0,respond_to_user,1.0,1
llm:local/qwen3-8b,16/t2/turn0,16,respond_to_user,5,0.0,0.0,get_user_details,1.0,1
llm:local/qwen3-8b,16/t2/turn1,16,get_user_details,5,0.4,0.4,get_reservation_details,0.6,2
llm:local/qwen3-8b,16/t2/turn2,16,get_reservation_details,5,0.0,0.0,search_direct_flight,0.6,2
llm:local/qwen3-8b,16/t2/turn3,16,search_direct_flight,5,0.0,0.0,respond_to_user,0.6,2
llm:local/qwen3-8b,16/t2/turn4,16,search_onestop_flight,5,0.0,0.0,respond_to_user,1.0,1
llm:local/qwen3-8b,16/t2/turn5,16,respond_to_user,5,1.0,1.0,respond_to_user,1.0,1
llm:local/qwen3-8b,16/t2/turn6,16,respond_to_user,5,0.0,0.0,update_reservation_flights,1.0,1
llm:local/qwen3-8b,16/t2/turn7,16,update_reservation_flights,5,1.0,1.0,update_reservation_flights,1.0,1
llm:local/qwen3-8b,16/t2/turn8,16,respond_to_user,5,1.0,1.0,respond_to_user,1.0,1
llm:local/qwen3-8b,17/t0/turn0,17,respond_to_user,5,0.0,0.0,get_user_details,1.0,1
llm:local/qwen3-8b,17/t0/turn1,17,get_user_details,5,0.0,0.0,get_reservation_details,1.0,1
llm:local/qwen3-8b,17/t0/turn10,17,update_reservation_baggages,5,1.0,1.0,update_reservation_baggages,1.0,1
llm:local/qwen3-8b,17/t0/turn11,17,respond_to_user,5,1.0,1.0,respond_to_user,1.0,1
llm:local/qwen3-8b,17/t0/turn2,17,get_reservation_details,5,1.0,1.0,get_reservation_details,1.0,1
llm:local/qwen3-8b,17/t0/turn3,17,get_reservation_details,5,0.0,0.0,respond_to_user,1.0,1
llm:local/qwen3-8b,17/t0/turn4,17,get_reservation_details,5,0.0,0.0,respond_to_user,1.0,1
llm:local/qwen3-8b,17/t0/turn5,17,search_onestop_flight,5,0.0,0.0,respond_to_user,1.0,1
llm:local/qwen3-8b,17/t0/turn6,17,respond_to_user,5,1.0,1.0,respond_to_user,1.0,1
llm:local/qwen3-8b,17/t0/turn7,17,respond_to_user,5,1.0,1.0,respond_to_user,1.0,1
llm:local/qwen3-8b,17/t0/turn8,17,update_reservation_flights,5,1.0,1.0,update_reservation_flights,1.0,1
llm:local/qwen3-8b,17/t0/turn9,17,update_reservation_passengers,5,0.6,0.6,update_reservation_passengers,0.6,2
llm:local/qwen3-8b,17/t1/turn0,17,respond_to_user,5,0.0,0.0,get_user_details,1.0,1
llm:local/qwen3-8b,17/t1/turn1,17,get_user_details,5,0.0,0.0,get_reservation_details,1.0,1
llm:local/qwen3-8b,17/t1/turn10,17,update_reservation_passengers,5,1.0,1.0,update_reservation_passengers,1.0,1
llm:local/qwen3-8b,17/t1/turn11,17,update_reservation_baggages,5,0.0,0.0,respond_to_user,1.0,1
llm:local/qwen3-8b,17/t1/turn12,17,respond_to_user,5,1.0,1.0,respond_to_user,1.0,1
llm:local/qwen3-8b,17/t1/turn2,17,get_reservation_details,5,0.0,0.0,respond_to_user,1.0,1
llm:local/qwen3-8b,17/t1/turn3,17,get_reservation_details,5,0.0,0.0,respond_to_user,1.0,1
llm:local/qwen3-8b,17/t1/turn4,17,get_reservation_details,5,0.0,0.0,respond_to_user,1.0,1
llm:local/qwen3-8b,17/t1/turn5,17,get_reservation_details,5,0.0,0.0,respond_to_user,1.0,1
llm:local/qwen3-8b,17/t1/turn6,17,search_direct_flight,5,0.0,0.0,respond_to_user,1.0,1
llm:local/qwen3-8b,17/t1/turn7,17,search_direct_flight,5,0.0,0.0,respond_to_user,1.0,1
llm:local/qwen3-8b,17/t1/turn8,17,respond_to_user,5,1.0,1.0,respond_to_user,1.0,1
llm:local/qwen3-8b,17/t1/turn9,17,update_reservation_flights,5,1.0,1.0,update_reservation_flights,1.0,1
llm:local/qwen3-8b,17/t2/turn0,17,respond_to_user,5,0.0,0.0,get_user_details,1.0,1
llm:local/qwen3-8b,17/t2/turn1,17,get_user_details,5,0.0,0.0,get_reservation_details,1.0,1
llm:local/qwen3-8b,17/t2/turn10,17,update_reservation_passengers,5,0.0,0.0,update_reservation_flights,1.0,1
llm:local/qwen3-8b,17/t2/turn11,17,update_reservation_flights,5,1.0,1.0,update_reservation_flights,1.0,1
llm:local/qwen3-8b,17/t2/turn12,17,update_reservation_baggages,5,1.0,1.0,update_reservation_baggages,1.0,1
llm:local/qwen3-8b,17/t2/turn13,17,respond_to_user,5,1.0,1.0,respond_to_user,1.0,1
llm:local/qwen3-8b,17/t2/turn2,17,get_reservation_details,5,0.0,0.0,respond_to_user,1.0,1
llm:local/qwen3-8b,17/t2/turn3,17,get_reservation_details,5,0.0,0.0,respond_to_user,1.0,1
llm:local/qwen3-8b,17/t2/turn4,17,get_reservation_details,5,0.0,0.0,respond_to_user,1.0,1
llm:local/qwen3-8b,17/t2/turn5,17,get_reservation_details,5,0.0,0.0,respond_to_user,1.0,1
llm:local/qwen3-8b,17/t2/turn6,17,search_direct_flight,5,0.0,0.0,respond_to_user,1.0,1
llm:local/qwen3-8b,17/t2/turn7,17,search_direct_flight,5,0.0,0.0,respond_to_user,1.0,1
llm:local/qwen3-8b,17/t2/turn8,17,respond_to_user,5,1.0,1.0,respond_to_user,1.0,1
llm:local/qwen3-8b,17/t2/turn9,17,respond_to_user,5,0.0,0.0,update_reservation_flights,1.0,1
llm:local/qwen3-8b,19/t0/turn0,19,respond_to_user,5,0.0,0.0,get_user_details,1.0,1
llm:local/qwen3-8b,19/t0/turn1,19,get_user_details,5,0.8,0.8,get_user_details,0.8,2
llm:local/qwen3-8b,19/t0/turn2,19,get_reservation_details,5,0.0,0.0,respond_to_user,1.0,1
llm:local/qwen3-8b,19/t0/turn3,19,get_reservation_details,5,0.0,0.0,respond_to_user,1.0,1
llm:local/qwen3-8b,19/t0/turn4,19,get_reservation_details,5,0.0,0.0,respond_to_user,1.0,1
llm:local/qwen3-8b,19/t0/turn5,19,respond_to_user,5,1.0,1.0,respond_to_user,1.0,1
llm:local/qwen3-8b,19/t0/turn6,19,respond_to_user,5,0.0,0.0,transfer_to_human_agents,1.0,1
llm:local/qwen3-8b,19/t0/turn7,19,cancel_reservation,5,1.0,1.0,cancel_reservation,1.0,1
llm:local/qwen3-8b,19/t0/turn8,19,respond_to_user,5,1.0,1.0,respond_to_user,1.0,1
llm:local/qwen3-8b,19/t1/turn0,19,respond_to_user,5,0.0,0.0,get_user_details,1.0,1
llm:local/qwen3-8b,19/t1/turn1,19,get_user_details,5,0.0,0.0,get_reservation_details,1.0,1
llm:local/qwen3-8b,19/t1/turn2,19,get_reservation_details,5,1.0,1.0,get_reservation_details,1.0,1
llm:local/qwen3-8b,19/t1/turn3,19,respond_to_user,5,1.0,1.0,respond_to_user,1.0,1
llm:local/qwen3-8b,19/t1/turn4,19,respond_to_user,5,0.0,0.0,transfer_to_human_agents,0.8,2
llm:local/qwen3-8b,19/t1/turn5,19,cancel_reservation,5,1.0,1.0,cancel_reservation,1.0,1
llm:local/qwen3-8b,19/t1/turn6,19,respond_to_user,5,1.0,1.0,respond_to_user,1.0,1
llm:local/qwen3-8b,19/t2/turn0,19,respond_to_user,5,0.0,0.0,get_user_details,1.0,1
llm:local/qwen3-8b,19/t2/turn1,19,get_user_details,5,0.0,0.0,get_reservation_details,1.0,1
llm:local/qwen3-8b,19/t2/turn2,19,get_reservation_details,5,1.0,1.0,get_reservation_details,1.0,1
llm:local/qwen3-8b,19/t2/turn3,19,respond_to_user,5,0.4,0.4,update_reservation_flights,0.6,2
llm:local/qwen3-8b,19/t2/turn4,19,respond_to_user,5,0.0,0.0,cancel_reservation,1.0,1
llm:local/qwen3-8b,19/t2/turn5,19,cancel_reservation,5,1.0,1.0,cancel_reservation,1.0,1
llm:local/qwen3-8b,19/t2/turn6,19,respond_to_user,5,1.0,1.0,respond_to_user,1.0,1
llm:local/qwen3-8b,2/t0/turn0,2,respond_to_user,5,1.0,1.0,respond_to_user,1.0,1
llm:local/qwen3-8b,2/t0/turn1,2,get_user_details,5,0.0,0.0,transfer_to_human_agents,1.0,1
llm:local/qwen3-8b,2/t0/turn10,2,transfer_to_human_agents,5,1.0,1.0,transfer_to_human_agents,1.0,1
llm:local/qwen3-8b,2/t0/turn11,2,respond_to_user,5,1.0,1.0,respond_to_user,1.0,1
llm:local/qwen3-8b,2/t0/turn2,2,get_reservation_details,5,0.0,0.0,respond_to_user,1.0,1
llm:local/qwen3-8b,2/t0/turn3,2,get_reservation_details,5,0.0,0.0,respond_to_user,1.0,1
llm:local/qwen3-8b,2/t0/turn4,2,respond_to_user,5,1.0,1.0,respond_to_user,1.0,1
llm:local/qwen3-8b,2/t0/turn5,2,get_flight_status,5,1.0,1.0,get_flight_status,1.0,1
llm:local/qwen3-8b,2/t0/turn6,2,get_flight_status,5,0.0,0.0,respond_to_user,1.0,1
llm:local/qwen3-8b,2/t0/turn7,2,get_flight_status,5,0.0,0.0,respond_to_user,1.0,1
llm:local/qwen3-8b,2/t0/turn8,2,get_flight_status,5,0.0,0.0,respond_to_user,1.0,1
llm:local/qwen3-8b,2/t0/turn9,2,respond_to_user,5,1.0,1.0,respond_to_user,1.0,1
llm:local/qwen3-8b,2/t2/turn0,2,respond_to_user,5,1.0,1.0,respond_to_user,1.0,1
llm:local/qwen3-8b,2/t2/turn1,2,get_user_details,5,0.0,0.0,transfer_to_human_agents,1.0,1
llm:local/qwen3-8b,2/t2/turn10,2,transfer_to_human_agents,5,0.2,0.2,respond_to_user,0.8,2
llm:local/qwen3-8b,2/t2/turn11,2,respond_to_user,5,1.0,1.0,respond_to_user,1.0,1
llm:local/qwen3-8b,2/t2/turn2,2,get_reservation_details,5,0.0,0.0,respond_to_user,1.0,1
llm:local/qwen3-8b,2/t2/turn3,2,get_reservation_details,5,0.0,0.0,respond_to_user,1.0,1
llm:local/qwen3-8b,2/t2/turn4,2,respond_to_user,5,1.0,1.0,respond_to_user,1.0,1
llm:local/qwen3-8b,2/t2/turn5,2,get_flight_status,5,0.0,0.0,respond_to_user,1.0,1
llm:local/qwen3-8b,2/t2/turn6,2,get_flight_status,5,0.0,0.0,respond_to_user,1.0,1
llm:local/qwen3-8b,2/t2/turn7,2,get_flight_status,5,0.0,0.0,respond_to_user,1.0,1
llm:local/qwen3-8b,2/t2/turn8,2,get_flight_status,5,0.0,0.0,respond_to_user,1.0,1
llm:local/qwen3-8b,2/t2/turn9,2,respond_to_user,5,1.0,1.0,respond_to_user,1.0,1
llm:local/qwen3-8b,20/t2/turn0,20,respond_to_user,5,1.0,1.0,respond_to_user,1.0,1
llm:local/qwen3-8b,20/t2/turn1,20,get_user_details,5,0.0,0.0,search_direct_flight,1.0,1
llm:local/qwen3-8b,20/t2/turn10,20,respond_to_user,5,0.0,0.0,book_reservation,1.0,1
llm:local/qwen3-8b,20/t2/turn11,20,book_reservation,5,1.0,1.0,book_reservation,1.0,1
llm:local/qwen3-8b,20/t2/turn12,20,respond_to_user,5,1.0,1.0,respond_to_user,1.0,1
llm:local/qwen3-8b,20/t2/turn2,20,respond_to_user,5,0.0,0.0,search_direct_flight,1.0,1
llm:local/qwen3-8b,20/t2/turn3,20,list_all_airports,5,0.0,0.0,search_direct_flight,1.0,1
llm:local/qwen3-8b,20/t2/turn4,20,search_direct_flight,5,1.0,1.0,search_direct_flight,1.0,1
llm:local/qwen3-8b,20/t2/turn5,20,respond_to_user,5,1.0,1.0,respond_to_user,1.0,1
llm:local/qwen3-8b,20/t2/turn6,20,search_onestop_flight,5,1.0,1.0,search_onestop_flight,1.0,1
llm:local/qwen3-8b,20/t2/turn7,20,respond_to_user,5,1.0,1.0,respond_to_user,1.0,1
llm:local/qwen3-8b,20/t2/turn8,20,respond_to_user,5,0.0,0.0,book_reservation,1.0,1
llm:local/qwen3-8b,20/t2/turn9,20,respond_to_user,5,0.0,0.0,book_reservation,1.0,1
llm:local/qwen3-8b,21/t1/turn0,21,respond_to_user,5,0.0,0.0,get_user_details,1.0,1
llm:local/qwen3-8b,21/t1/turn1,21,get_user_details,5,1.0,1.0,get_user_details,1.0,1
llm:local/qwen3-8b,21/t1/turn10,21,get_flight_status,5,0.0,0.0,respond_to_user,1.0,1
llm:local/qwen3-8b,21/t1/turn11,21,search_direct_flight,5,0.0,0.0,respond_to_user,1.0,1
llm:local/qwen3-8b,21/t1/turn12,21,search_direct_flight,5,0.0,0.0,respond_to_user,1.0,1
llm:local/qwen3-8b,21/t1/turn13,21,respond_to_user,5,1.0,1.0,respond_to_user,1.0,1
llm:local/qwen3-8b,21/t1/turn14,21,update_reservation_flights,5,1.0,1.0,update_reservation_flights,1.0,1
llm:local/qwen3-8b,21/t1/turn15,21,respond_to_user,5,1.0,1.0,respond_to_user,1.0,1
llm:local/qwen3-8b,21/t1/turn16,21,respond_to_user,5,0.2,0.2,update_reservation_baggages,0.8,2
llm:local/qwen3-8b,21/t1/turn17,21,update_reservation_baggages,5,1.0,1.0,update_reservation_baggages,1.0,1
llm:local/qwen3-8b,21/t1/turn18,21,respond_to_user,5,1.0,1.0,respond_to_user,1.0,1
llm:local/qwen3-8b,21/t1/turn2,21,get_reservation_details,5,0.0,0.0,respond_to_user,1.0,1
llm:local/qwen3-8b,21/t1/turn3,21,get_reservation_details,5,0.0,0.0,respond_to_user,1.0,1
llm:local/qwen3-8b,21/t1/turn4,21,get_reservation_details,5,0.0,0.0,respond_to_user,1.0,1
llm:local/qwen3-8b,21/t1/turn5,21,get_reservation_details,5,0.0,0.0,respond_to_user,1.0,1
llm:local/qwen3-8b,21/t1/turn6,21,get_reservation_details,5,0.0,0.0,respond_to_user,1.0,1
llm:local/qwen3-8b,21/t1/turn7,21,respond_to_user,5,1.0,1.0,respond_to_user,1.0,1
llm:local/qwen3-8b,21/t1/turn8,21,search_direct_flight,5,0.0,0.0,update_reservation_flights,1.0,1
llm:local/qwen3-8b,21/t1/turn9,21,search_onestop_flight,5,0.0,0.0,respond_to_user,1.0,1
llm:local/qwen3-8b,21/t2/turn0,21,respond_to_user,5,0.0,0.0,get_user_details,1.0,1
llm:local/qwen3-8b,21/t2/turn1,21,get_user_details,5,1.0,1.0,get_user_details,1.0,1
llm:local/qwen3-8b,21/t2/turn10,21,respond_to_user,5,1.0,1.0,respond_to_user,1.0,1
llm:local/qwen3-8b,21/t2/turn11,21,update_reservation_flights,5,1.0,1.0,update_reservation_flights,1.0,1
llm:local/qwen3-8b,21/t2/turn12,21,respond_to_user,5,1.0,1.0,respond_to_user,1.0,1
llm:local/qwen3-8b,21/t2/turn13,21,update_reservation_flights,5,1.0,1.0,update_reservation_flights,1.0,1
llm:local/qwen3-8b,21/t2/turn14,21,respond_to_user,5,1.0,1.0,respond_to_user,1.0,1
llm:local/qwen3-8b,21/t2/turn15,21,respond_to_user,5,0.0,0.0,update_reservation_baggages,1.0,1
llm:local/qwen3-8b,21/t2/turn16,21,update_reservation_baggages,5,1.0,1.0,update_reservation_baggages,1.0,1
llm:local/qwen3-8b,21/t2/turn17,21,respond_to_user,5,1.0,1.0,respond_to_user,1.0,1
llm:local/qwen3-8b,21/t2/turn2,21,get_reservation_details,5,0.0,0.0,update_reservation_flights,0.8,2
llm:local/qwen3-8b,21/t2/turn3,21,get_reservation_details,5,0.0,0.0,update_reservation_flights,1.0,1
llm:local/qwen3-8b,21/t2/turn4,21,get_reservation_details,5,0.0,0.0,update_reservation_flights,0.6,2
llm:local/qwen3-8b,21/t2/turn5,21,get_reservation_details,5,0.0,0.0,respond_to_user,1.0,1
llm:local/qwen3-8b,21/t2/turn6,21,get_reservation_details,5,0.0,0.0,respond_to_user,1.0,1
llm:local/qwen3-8b,21/t2/turn7,21,respond_to_user,5,1.0,1.0,respond_to_user,1.0,1
llm:local/qwen3-8b,21/t2/turn8,21,search_direct_flight,5,0.0,0.0,search_onestop_flight,1.0,1
llm:local/qwen3-8b,21/t2/turn9,21,search_onestop_flight,5,1.0,1.0,search_onestop_flight,1.0,1
llm:local/qwen3-8b,22/t0/turn0,22,respond_to_user,5,0.0,0.0,get_user_details,1.0,1
llm:local/qwen3-8b,22/t0/turn1,22,get_user_details,5,0.0,0.0,get_reservation_details,1.0,1
llm:local/qwen3-8b,22/t0/turn10,22,update_reservation_baggages,5,0.6,0.6,update_reservation_baggages,0.6,2
llm:local/qwen3-8b,22/t0/turn11,22,respond_to_user,5,1.0,1.0,respond_to_user,1.0,1
llm:local/qwen3-8b,22/t0/turn2,22,get_reservation_details,5,0.6,0.6,get_reservation_details,0.6,3
llm:local/qwen3-8b,22/t0/turn3,22,get_reservation_details,5,0.0,0.0,update_reservation_passengers,0.8,2
llm:local/qwen3-8b,22/t0/turn4,22,get_reservation_details,5,0.0,0.0,respond_to_user,1.0,1
llm:local/qwen3-8b,22/t0/turn5,22,search_direct_flight,5,0.0,0.0,respond_to_user,1.0,1
llm:local/qwen3-8b,22/t0/turn6,22,search_direct_flight,5,0.0,0.0,respond_to_user,1.0,1
llm:local/qwen3-8b,22/t0/turn7,22,respond_to_user,5,1.0,1.0,respond_to_user,1.0,1
llm:local/qwen3-8b,22/t0/turn8,22,update_reservation_flights,5,1.0,1.0,update_reservation_flights,1.0,1
llm:local/qwen3-8b,22/t0/turn9,22,update_reservation_passengers,5,1.0,1.0,update_reservation_passengers,1.0,1
llm:local/qwen3-8b,22/t1/turn0,22,respond_to_user,5,0.0,0.0,get_user_details,1.0,1
llm:local/qwen3-8b,22/t1/turn1,22,get_user_details,5,0.0,0.0,get_reservation_details,1.0,1
llm:local/qwen3-8b,22/t1/turn10,22,update_reservation_passengers,5,0.0,0.0,update_reservation_flights,1.0,1
llm:local/qwen3-8b,22/t1/turn11,22,update_reservation_flights,5,1.0,1.0,update_reservation_flights,1.0,1
llm:local/qwen3-8b,22/t1/turn12,22,update_reservation_baggages,5,1.0,1.0,update_reservation_baggages,1.0,1
llm:local/qwen3-8b,22/t1/turn13,22,respond_to_user,5,1.0,1.0,respond_to_user,1.0,1
llm:local/qwen3-8b,22/t1/turn2,22,get_reservation_details,5,0.0,0.0,update_reservation_passengers,1.0,1
llm:local/qwen3-8b,22/t1/turn3,22,get_reservation_details,5,0.0,0.0,update_reservation_passengers,0.8,2
llm:local/qwen3-8b,22/t1/turn4,22,get_reservation_details,5,0.0,0.0,respond_to_user,0.8,2
llm:local/qwen3-8b,22/t1/turn5,22,get_reservation_details,5,0.0,0.0,respond_to_user,0.6,2
llm:local/qwen3-8b,22/t1/turn6,22,search_direct_flight,5,0.0,0.0,update_reservation_passengers,1.0,1
llm:local/qwen3-8b,22/t1/turn7,22,search_direct_flight,5,0.0,0.0,respond_to_user,1.0,1
llm:local/qwen3-8b,22/t1/turn8,22,calculate,5,0.0,0.0,respond_to_user,1.0,1
llm:local/qwen3-8b,22/t1/turn9,22,respond_to_user,5,1.0,1.0,respond_to_user,1.0,1
llm:local/qwen3-8b,22/t2/turn0,22,respond_to_user,5,0.0,0.0,get_user_details,1.0,1
llm:local/qwen3-8b,22/t2/turn1,22,get_user_details,5,0.0,0.0,get_reservation_details,1.0,1
llm:local/qwen3-8b,22/t2/turn10,22,update_reservation_flights,5,1.0,1.0,update_reservation_flights,1.0,1
llm:local/qwen3-8b,22/t2/turn11,22,update_reservation_baggages,5,1.0,1.0,update_reservation_baggages,1.0,1
llm:local/qwen3-8b,22/t2/turn12,22,respond_to_user,5,1.0,1.0,respond_to_user,1.0,1
llm:local/qwen3-8b,22/t2/turn2,22,get_reservation_details,5,0.0,0.0,update_reservation_passengers,1.0,1
llm:local/qwen3-8b,22/t2/turn3,22,get_reservation_details,5,0.0,0.0,update_reservation_passengers,1.0,1
llm:local/qwen3-8b,22/t2/turn4,22,get_reservation_details,5,0.0,0.0,respond_to_user,1.0,1
llm:local/qwen3-8b,22/t2/turn5,22,search_direct_flight,5,0.0,0.0,update_reservation_passengers,1.0,1
llm:local/qwen3-8b,22/t2/turn6,22,search_direct_flight,5,0.0,0.0,respond_to_user,1.0,1
llm:local/qwen3-8b,22/t2/turn7,22,respond_to_user,5,1.0,1.0,respond_to_user,1.0,1
llm:local/qwen3-8b,22/t2/turn8,22,respond_to_user,5,0.0,0.0,update_reservation_flights,1.0,1
llm:local/qwen3-8b,22/t2/turn9,22,update_reservation_passengers,5,0.0,0.0,update_reservation_flights,1.0,1
llm:local/qwen3-8b,23/t0/turn0,23,respond_to_user,5,0.0,0.0,get_user_details,1.0,1
llm:local/qwen3-8b,23/t0/turn1,23,get_user_details,5,1.0,1.0,get_user_details,1.0,1
llm:local/qwen3-8b,23/t0/turn10,23,cancel_reservation,5,1.0,1.0,cancel_reservation,1.0,1
llm:local/qwen3-8b,23/t0/turn11,23,book_reservation,5,0.2,0.2,respond_to_user,0.8,2
llm:local/qwen3-8b,23/t0/turn12,23,book_reservation,5,0.0,0.0,respond_to_user,1.0,1
llm:local/qwen3-8b,23/t0/turn13,23,book_reservation,5,0.0,0.0,respond_to_user,1.0,1
llm:local/qwen3-8b,23/t0/turn14,23,respond_to_user,5,1.0,1.0,respond_to_user,1.0,1
llm:local/qwen3-8b,23/t0/turn2,23,get_reservation_details,5,0.0,0.0,respond_to_user,1.0,1
llm:local/qwen3-8b,23/t0/turn3,23,search_direct_flight,5,0.0,0.0,respond_to_user,1.0,1
llm:local/qwen3-8b,23/t0/turn4,23,search_direct_flight,5,0.4,0.4,respond_to_user,0.6,2
llm:local/qwen3-8b,23/t0/turn5,23,search_onestop_flight,5,0.0,0.0,respond_to_user,1.0,1
llm:local/qwen3-8b,23/t0/turn6,23,respond_to_user,5,1.0,1.0,respond_to_user,1.0,1
llm:local/qwen3-8b,23/t0/turn7,23,search_onestop_flight,5,0.0,0.0,respond_to_user,1.0,1
llm:local/qwen3-8b,23/t0/turn8,23,respond_to_user,5,1.0,1.0,respond_to_user,1.0,1
llm:local/qwen3-8b,23/t0/turn9,23,respond_to_user,5,1.0,1.0,respond_to_user,1.0,1
llm:local/qwen3-8b,23/t1/turn0,23,respond_to_user,5,0.0,0.0,get_user_details,1.0,1
llm:local/qwen3-8b,23/t1/turn1,23,get_user_details,5,1.0,1.0,get_user_details,1.0,1
llm:local/qwen3-8b,23/t1/turn10,23,cancel_reservation,5,1.0,1.0,cancel_reservation,1.0,1
llm:local/qwen3-8b,23/t1/turn11,23,book_reservation,5,0.2,0.2,respond_to_user,0.8,2
llm:local/qwen3-8b,23/t1/turn12,23,book_reservation,5,0.0,0.0,respond_to_user,1.0,1
llm:local/qwen3-8b,23/t1/turn13,23,book_reservation,5,0.0,0.0,respond_to_user,1.0,1
llm:local/qwen3-8b,23/t1/turn14,23,respond_to_user,5,1.0,1.0,respond_to_user,1.0,1
llm:local/qwen3-8b,23/t1/turn2,23,get_reservation_details,5,0.4,0.4,respond_to_user,0.6,2
llm:local/qwen3-8b,23/t1/turn3,23,search_direct_flight,5,0.0,0.0,respond_to_user,1.0,1
llm:local/qwen3-8b,23/t1/turn4,23,search_onestop_flight,5,0.0,0.0,respond_to_user,0.8,2
llm:local/qwen3-8b,23/t1/turn5,23,search_direct_flight,5,0.0,0.0,respond_to_user,1.0,1
llm:local/qwen3-8b,23/t1/turn6,23,search_onestop_flight,5,0.0,0.0,respond_to_user,1.0,1
llm:local/qwen3-8b,23/t1/turn7,23,respond_to_user,5,1.0,1.0,respond_to_user,1.0,1
llm:local/qwen3-8b,23/t1/turn8,23,respond_to_user,5,1.0,1.0,respond_to_user,1.0,1
llm:local/qwen3-8b,23/t1/turn9,23,respond_to_user,5,1.0,1.0,respond_to_user,1.0,1
llm:local/qwen3-8b,23/t2/turn0,23,respond_to_user,5,0.0,0.0,get_user_details,1.0,1
llm:local/qwen3-8b,23/t2/turn1,23,get_user_details,5,1.0,1.0,get_user_details,1.0,1
llm:local/qwen3-8b,23/t2/turn10,23,respond_to_user,5,1.0,1.0,respond_to_user,1.0,1
llm:local/qwen3-8b,23/t2/turn11,23,cancel_reservation,5,1.0,1.0,cancel_reservation,1.0,1
llm:local/qwen3-8b,23/t2/turn12,23,book_reservation,5,0.0,0.0,respond_to_user,1.0,1
llm:local/qwen3-8b,23/t2/turn13,23,book_reservation,5,0.0,0.0,respond_to_user,1.0,1
llm:local/qwen3-8b,23/t2/turn14,23,book_reservation,5,0.0,0.0,respond_to_user,1.0,1
llm:local/qwen3-8b,23/t2/turn15,23,respond_to_user,5,1.0,1.0,respond_to_user,1.0,1
llm:local/qwen3-8b,23/t2/turn2,23,get_reservation_details,5,1.0,1.0,get_reservation_details,1.0,1
llm:local/qwen3-8b,23/t2/turn3,23,search_direct_flight,5,0.0,0.0,respond_to_user,1.0,1
llm:local/qwen3-8b,23/t2/turn4,23,search_onestop_flight,5,0.0,0.0,respond_to_user,1.0,1
llm:local/qwen3-8b,23/t2/turn5,23,search_direct_flight,5,0.0,0.0,respond_to_user,1.0,1
llm:local/qwen3-8b,23/t2/turn6,23,search_onestop_flight,5,0.0,0.0,respond_to_user,1.0,1
llm:local/qwen3-8b,23/t2/turn7,23,respond_to_user,5,1.0,1.0,respond_to_user,1.0,1
llm:local/qwen3-8b,23/t2/turn8,23,respond_to_user,5,1.0,1.0,respond_to_user,1.0,1
llm:local/qwen3-8b,23/t2/turn9,23,respond_to_user,5,1.0,1.0,respond_to_user,1.0,1
llm:local/qwen3-8b,24/t2/turn0,24,respond_to_user,5,0.0,0.0,update_reservation_passengers,0.6,2
llm:local/qwen3-8b,24/t2/turn1,24,respond_to_user,5,0.0,0.0,cancel_reservation,1.0,1
llm:local/qwen3-8b,24/t2/turn10,24,search_direct_flight,5,0.0,0.0,respond_to_user,1.0,1
llm:local/qwen3-8b,24/t2/turn11,24,search_direct_flight,5,0.0,0.0,respond_to_user,1.0,1
llm:local/qwen3-8b,24/t2/turn12,24,search_direct_flight,5,0.0,0.0,respond_to_user,1.0,1
llm:local/qwen3-8b,24/t2/turn13,24,search_direct_flight,5,0.0,0.0,respond_to_user,1.0,1
llm:local/qwen3-8b,24/t2/turn14,24,respond_to_user,5,1.0,1.0,respond_to_user,1.0,1
llm:local/qwen3-8b,24/t2/turn15,24,get_user_details,5,0.0,0.0,book_reservation,1.0,1
llm:local/qwen3-8b,24/t2/turn16,24,respond_to_user,5,0.0,0.0,book_reservation,1.0,1
llm:local/qwen3-8b,24/t2/turn17,24,book_reservation,5,1.0,1.0,book_reservation,1.0,1
llm:local/qwen3-8b,24/t2/turn18,24,respond_to_user,5,1.0,1.0,respond_to_user,1.0,1
llm:local/qwen3-8b,24/t2/turn2,24,get_reservation_details,5,0.0,0.0,cancel_reservation,1.0,1
llm:local/qwen3-8b,24/t2/turn3,24,respond_to_user,5,0.0,0.0,cancel_reservation,1.0,1
llm:local/qwen3-8b,24/t2/turn4,24,list_all_airports,5,0.0,0.0,search_direct_flight,1.0,1
llm:local/qwen3-8b,24/t2/turn5,24,search_direct_flight,5,1.0,1.0,search_direct_flight,1.0,1
llm:local/qwen3-8b,24/t2/turn6,24,search_direct_flight,5,0.4,0.4,respond_to_user,0.6,2
llm:local/qwen3-8b,24/t2/turn7,24,search_direct_flight,5,0.8,0.8,search_direct_flight,0.8,2
llm:local/qwen3-8b,24/t2/turn8,24,search_direct_flight,5,0.0,0.0,respond_to_user,1.0,1
llm:local/qwen3-8b,24/t2/turn9,24,search_direct_flight,5,0.0,0.0,respond_to_user,1.0,1
llm:local/qwen3-8b,25/t0/turn0,25,respond_to_user,5,0.0,0.0,get_user_details,1.0,1
llm:local/qwen3-8b,25/t0/turn1,25,get_user_details,5,1.0,1.0,get_user_details,1.0,1
llm:local/qwen3-8b,25/t0/turn2,25,get_reservation_details,5,0.0,0.0,respond_to_user,1.0,1
llm:local/qwen3-8b,25/t0/turn3,25,search_direct_flight,5,0.0,0.0,respond_to_user,1.0,1
llm:local/qwen3-8b,25/t0/turn4,25,search_direct_flight,5,0.0,0.0,respond_to_user,1.0,1
llm:local/qwen3-8b,25/t0/turn5,25,respond_to_user,5,1.0,1.0,respond_to_user,1.0,1
llm:local/qwen3-8b,25/t0/turn6,25,respond_to_user,5,0.0,0.0,book_reservation,1.0,1
llm:local/qwen3-8b,25/t0/turn7,25,book_reservation,5,1.0,1.0,book_reservation,1.0,1
llm:local/qwen3-8b,25/t0/turn8,25,respond_to_user,5,1.0,1.0,respond_to_user,1.0,1
llm:local/qwen3-8b,25/t1/turn0,25,respond_to_user,5,0.0,0.0,get_user_details,1.0,1
llm:local/qwen3-8b,25/t1/turn1,25,get_user_details,5,0.6,0.6,get_user_details,0.6,2
llm:local/qwen3-8b,25/t1/turn2,25,get_reservation_details,5,0.0,0.0,respond_to_user,1.0,1
llm:local/qwen3-8b,25/t1/turn3,25,search_onestop_flight,5,0.0,0.0,respond_to_user,1.0,1
llm:local/qwen3-8b,25/t1/turn4,25,respond_to_user,5,1.0,1.0,respond_to_user,1.0,1
llm:local/qwen3-8b,25/t1/turn5,25,respond_to_user,5,0.0,0.0,book_reservation,1.0,1
llm:local/qwen3-8b,25/t1/turn6,25,respond_to_user,5,0.0,0.0,book_reservation,1.0,1
llm:local/qwen3-8b,25/t1/turn7,25,book_reservation,5,1.0,1.0,book_reservation,1.0,1
llm:local/qwen3-8b,25/t1/turn8,25,respond_to_user,5,1.0,1.0,respond_to_user,1.0,1
llm:local/qwen3-8b,25/t2/turn0,25,respond_to_user,5,0.0,0.0,get_user_details,1.0,1
llm:local/qwen3-8b,25/t2/turn1,25,get_user_details,5,1.0,1.0,get_user_details,1.0,1
llm:local/qwen3-8b,25/t2/turn2,25,get_reservation_details,5,0.0,0.0,respond_to_user,1.0,1
llm:local/qwen3-8b,25/t2/turn3,25,respond_to_user,5,1.0,1.0,respond_to_user,1.0,1
llm:local/qwen3-8b,25/t2/turn4,25,search_onestop_flight,5,0.0,0.0,get_user_details,1.0,1
llm:local/qwen3-8b,25/t2/turn5,25,respond_to_user,5,1.0,1.0,respond_to_user,1.0,1
llm:local/qwen3-8b,25/t2/turn6,25,respond_to_user,5,0.0,0.0,book_reservation,1.0,1
llm:local/qwen3-8b,25/t2/turn7,25,book_reservation,5,1.0,1.0,book_reservation,1.0,1
llm:local/qwen3-8b,25/t2/turn8,25,respond_to_user,5,1.0,1.0,respond_to_user,1.0,1
llm:local/qwen3-8b,26/t0/turn0,26,respond_to_user,5,0.0,0.0,get_user_details,1.0,1
llm:local/qwen3-8b,26/t0/turn1,26,get_user_details,5,1.0,1.0,get_user_details,1.0,1
llm:local/qwen3-8b,26/t0/turn2,26,get_reservation_details,5,0.6,0.6,get_reservation_details,0.6,2
llm:local/qwen3-8b,26/t0/turn3,26,respond_to_user,5,0.0,0.0,cancel_reservation,1.0,1
llm:local/qwen3-8b,26/t0/turn4,26,respond_to_user,5,0.0,0.0,cancel_reservation,1.0,1
llm:local/qwen3-8b,26/t0/turn5,26,respond_to_user,5,0.0,0.0,cancel_reservation,1.0,1
llm:local/qwen3-8b,26/t0/turn6,26,transfer_to_human_agents,5,1.0,1.0,transfer_to_human_agents,1.0,1
llm:local/qwen3-8b,26/t0/turn7,26,respond_to_user,5,1.0,1.0,respond_to_user,1.0,1
llm:local/qwen3-8b,26/t1/turn0,26,respond_to_user,5,0.0,0.0,get_user_details,0.8,2
llm:local/qwen3-8b,26/t1/turn1,26,get_user_details,5,0.8,0.8,get_user_details,0.8,2
llm:local/qwen3-8b,26/t1/turn2,26,get_reservation_details,5,0.0,0.0,respond_to_user,1.0,1
llm:local/qwen3-8b,26/t1/turn3,26,get_flight_status,5,0.0,0.0,cancel_reservation,1.0,1
llm:local/qwen3-8b,26/t1/turn4,26,get_flight_status,5,0.0,0.0,respond_to_user,0.6,2
llm:local/qwen3-8b,26/t1/turn5,26,transfer_to_human_agents,5,0.0,0.0,cancel_reservation,1.0,1
llm:local/qwen3-8b,26/t1/turn6,26,respond_to_user,5,1.0,1.0,respond_to_user,1.0,1
llm:local/qwen3-8b,26/t2/turn0,26,respond_to_user,5,0.0,0.0,get_user_details,1.0,1
llm:local/qwen3-8b,26/t2/turn1,26,get_user_details,5,0.8,0.8,get_user_details,0.8,2
llm:local/qwen3-8b,26/t2/turn2,26,get_reservation_details,5,1.0,1.0,get_reservation_details,1.0,1
llm:local/qwen3-8b,26/t2/turn3,26,respond_to_user,5,0.0,0.0,cancel_reservation,1.0,1
llm:local/qwen3-8b,26/t2/turn4,26,respond_to_user,5,0.0,0.0,cancel_reservation,1.0,1
llm:local/qwen3-8b,26/t2/turn5,26,transfer_to_human_agents,5,1.0,1.0,transfer_to_human_agents,1.0,1
llm:local/qwen3-8b,26/t2/turn6,26,respond_to_user,5,1.0,1.0,respond_to_user,1.0,1
llm:local/qwen3-8b,27/t0/turn0,27,respond_to_user,5,0.0,0.0,get_flight_status,1.0,1
llm:local/qwen3-8b,27/t0/turn1,27,get_user_details,5,0.0,0.0,get_flight_status,1.0,1
llm:local/qwen3-8b,27/t0/turn10,27,get_reservation_details,5,0.0,0.0,respond_to_user,1.0,1
llm:local/qwen3-8b,27/t0/turn11,27,get_flight_status,5,0.0,0.0,respond_to_user,1.0,1
llm:local/qwen3-8b,27/t0/turn12,27,respond_to_user,5,1.0,1.0,respond_to_user,1.0,1
llm:local/qwen3-8b,27/t0/turn13,27,transfer_to_human_agents,5,1.0,1.0,transfer_to_human_agents,1.0,1
llm:local/qwen3-8b,27/t0/turn14,27,respond_to_user,5,1.0,1.0,respond_to_user,1.0,1
llm:local/qwen3-8b,27/t0/turn2,27,get_reservation_details,5,0.0,0.0,get_flight_status,1.0,1
llm:local/qwen3-8b,27/t0/turn3,27,get_reservation_details,5,0.0,0.0,get_flight_status,0.6,2
llm:local/qwen3-8b,27/t0/turn4,27,get_reservation_details,5,0.0,0.0,respond_to_user,1.0,1
llm:local/qwen3-8b,27/t0/turn5,27,get_reservation_details,5,0.0,0.0,get_flight_status,0.8,2
llm:local/qwen3-8b,27/t0/turn6,27,get_reservation_details,5,0.0,0.0,respond_to_user,0.8,2
llm:local/qwen3-8b,27/t0/turn7,27,get_reservation_details,5,0.0,0.0,respond_to_user,1.0,1
llm:local/qwen3-8b,27/t0/turn8,27,get_reservation_details,5,0.0,0.0,respond_to_user,1.0,1
llm:local/qwen3-8b,27/t0/turn9,27,get_reservation_details,5,0.0,0.0,respond_to_user,1.0,1
llm:local/qwen3-8b,27/t1/turn0,27,respond_to_user,5,0.0,0.0,get_flight_status,1.0,1
llm:local/qwen3-8b,27/t1/turn1,27,get_user_details,5,0.6,0.6,get_user_details,0.6,2
llm:local/qwen3-8b,27/t1/turn10,27,get_reservation_details,5,0.0,0.0,respond_to_user,1.0,1
llm:local/qwen3-8b,27/t1/turn11,27,get_flight_status,5,0.0,0.0,respond_to_user,1.0,1
llm:local/qwen3-8b,27/t1/turn12,27,respond_to_user,5,1.0,1.0,respond_to_user,1.0,1
llm:local/qwen3-8b,27/t1/turn13,27,transfer_to_human_agents,5,1.0,1.0,transfer_to_human_agents,1.0,1
llm:local/qwen3-8b,27/t1/turn14,27,respond_to_user,5,1.0,1.0,respond_to_user,1.0,1
llm:local/qwen3-8b,27/t1/turn2,27,get_reservation_details,5,0.0,0.0,get_flight_status,1.0,1
llm:local/qwen3-8b,27/t1/turn3,27,get_reservation_details,5,0.0,0.0,respond_to_user,1.0,1
llm:local/qwen3-8b,27/t1/turn4,27,get_reservation_details,5,0.0,0.0,respond_to_user,1.0,1
llm:local/qwen3-8b,27/t1/turn5,27,get_reservation_details,5,0.0,0.0,get_flight_status,1.0,1
llm:local/qwen3-8b,27/t1/turn6,27,get_reservation_details,5,0.0,0.0,get_flight_status,0.8,2
llm:local/qwen3-8b,27/t1/turn7,27,get_reservation_details,5,0.0,0.0,get_flight_status,0.6,2
llm:local/qwen3-8b,27/t1/turn8,27,get_reservation_details,5,0.0,0.0,respond_to_user,1.0,1
llm:local/qwen3-8b,27/t1/turn9,27,get_reservation_details,5,0.0,0.0,respond_to_user,1.0,1
llm:local/qwen3-8b,27/t2/turn0,27,respond_to_user,5,0.0,0.0,get_flight_status,1.0,1
llm:local/qwen3-8b,28/t0/turn0,28,respond_to_user,5,0.0,0.0,get_reservation_details,1.0,1
llm:local/qwen3-8b,28/t0/turn1,28,get_reservation_details,5,1.0,1.0,get_reservation_details,1.0,1
llm:local/qwen3-8b,28/t0/turn2,28,respond_to_user,5,0.0,0.0,cancel_reservation,1.0,1
llm:local/qwen3-8b,28/t0/turn3,28,transfer_to_human_agents,5,1.0,1.0,transfer_to_human_agents,1.0,1
llm:local/qwen3-8b,28/t0/turn4,28,respond_to_user,5,1.0,1.0,respond_to_user,1.0,1
llm:local/qwen3-8b,28/t1/turn0,28,respond_to_user,5,0.0,0.0,get_reservation_details,1.0,1
llm:local/qwen3-8b,28/t1/turn1,28,get_reservation_details,5,0.0,0.0,cancel_reservation,1.0,1
llm:local/qwen3-8b,28/t1/turn2,28,get_flight_status,5,0.0,0.0,cancel_reservation,1.0,1
llm:local/qwen3-8b,28/t1/turn3,28,respond_to_user,5,1.0,1.0,respond_to_user,1.0,1
llm:local/qwen3-8b,28/t1/turn4,28,transfer_to_human_agents,5,1.0,1.0,transfer_to_human_agents,1.0,1
llm:local/qwen3-8b,28/t1/turn5,28,respond_to_user,5,1.0,1.0,respond_to_user,1.0,1
llm:local/qwen3-8b,28/t2/turn0,28,respond_to_user,5,0.0,0.0,get_reservation_details,1.0,1
llm:local/qwen3-8b,28/t2/turn1,28,get_reservation_details,5,0.8,0.8,get_reservation_details,0.8,2
llm:local/qwen3-8b,28/t2/turn2,28,respond_to_user,5,0.8,0.8,respond_to_user,0.8,2
llm:local/qwen3-8b,28/t2/turn3,28,transfer_to_human_agents,5,1.0,1.0,transfer_to_human_agents,1.0,1
llm:local/qwen3-8b,28/t2/turn4,28,respond_to_user,5,1.0,1.0,respond_to_user,1.0,1
llm:local/qwen3-8b,3/t0/turn0,3,respond_to_user,5,0.0,1.0,get_user_details,1.0,1
llm:local/qwen3-8b,3/t0/turn1,3,get_reservation_details,5,1.0,1.0,get_reservation_details,1.0,1
llm:local/qwen3-8b,3/t0/turn2,3,get_user_details,5,0.0,0.0,respond_to_user,1.0,1
llm:local/qwen3-8b,3/t0/turn3,3,respond_to_user,5,1.0,1.0,respond_to_user,1.0,1
llm:local/qwen3-8b,3/t0/turn4,3,transfer_to_human_agents,5,1.0,1.0,transfer_to_human_agents,1.0,1
llm:local/qwen3-8b,3/t0/turn5,3,respond_to_user,5,1.0,1.0,respond_to_user,1.0,1
llm:local/qwen3-8b,3/t1/turn0,3,respond_to_user,5,0.0,1.0,get_user_details,1.0,1
llm:local/qwen3-8b,3/t1/turn1,3,get_reservation_details,5,1.0,1.0,get_reservation_details,1.0,1
llm:local/qwen3-8b,3/t1/turn2,3,get_user_details,5,0.0,0.0,respond_to_user,1.0,1
llm:local/qwen3-8b,3/t1/turn3,3,respond_to_user,5,1.0,1.0,respond_to_user,1.0,1
llm:local/qwen3-8b,3/t1/turn4,3,transfer_to_human_agents,5,1.0,1.0,transfer_to_human_agents,1.0,1
llm:local/qwen3-8b,3/t1/turn5,3,respond_to_user,5,1.0,1.0,respond_to_user,1.0,1
llm:local/qwen3-8b,3/t2/turn0,3,respond_to_user,5,0.0,1.0,get_user_details,1.0,1
llm:local/qwen3-8b,3/t2/turn1,3,get_user_details,5,0.0,1.0,get_reservation_details,1.0,1
llm:local/qwen3-8b,3/t2/turn2,3,respond_to_user,5,1.0,1.0,respond_to_user,1.0,1
llm:local/qwen3-8b,3/t2/turn3,3,transfer_to_human_agents,5,1.0,1.0,transfer_to_human_agents,1.0,1
llm:local/qwen3-8b,3/t2/turn4,3,respond_to_user,5,1.0,1.0,respond_to_user,1.0,1
llm:local/qwen3-8b,30/t0/turn0,30,respond_to_user,5,0.0,0.0,get_user_details,1.0,1
llm:local/qwen3-8b,30/t0/turn1,30,get_user_details,5,0.0,0.0,update_reservation_flights,1.0,1
llm:local/qwen3-8b,30/t0/turn2,30,search_direct_flight,5,0.0,0.0,respond_to_user,0.6,2
llm:local/qwen3-8b,30/t0/turn3,30,respond_to_user,5,1.0,1.0,respond_to_user,1.0,1
llm:local/qwen3-8b,30/t0/turn4,30,respond_to_user,5,0.0,0.0,update_reservation_flights,1.0,1
llm:local/qwen3-8b,30/t0/turn5,30,update_reservation_flights,5,1.0,1.0,update_reservation_flights,1.0,1
llm:local/qwen3-8b,30/t0/turn6,30,respond_to_user,5,1.0,1.0,respond_to_user,1.0,1
llm:local/qwen3-8b,30/t1/turn0,30,respond_to_user,5,0.0,0.8,search_direct_flight,0.8,2
llm:local/qwen3-8b,30/t1/turn1,30,get_reservation_details,5,0.0,0.0,update_reservation_flights,1.0,1
llm:local/qwen3-8b,30/t1/turn2,30,search_direct_flight,5,0.0,0.0,update_reservation_flights,1.0,1
llm:local/qwen3-8b,30/t1/turn3,30,respond_to_user,5,1.0,1.0,respond_to_user,1.0,1
llm:local/qwen3-8b,30/t1/turn4,30,get_user_details,5,0.0,0.0,update_reservation_flights,1.0,1
llm:local/qwen3-8b,30/t1/turn5,30,respond_to_user,5,1.0,1.0,respond_to_user,1.0,1
llm:local/qwen3-8b,30/t1/turn6,30,update_reservation_flights,5,1.0,1.0,update_reservation_flights,1.0,1
llm:local/qwen3-8b,30/t1/turn7,30,respond_to_user,5,1.0,1.0,respond_to_user,1.0,1
llm:local/qwen3-8b,30/t2/turn0,30,respond_to_user,5,0.0,0.0,get_user_details,1.0,1
llm:local/qwen3-8b,30/t2/turn1,30,get_reservation_details,5,1.0,1.0,get_reservation_details,1.0,1
llm:local/qwen3-8b,30/t2/turn2,30,search_direct_flight,5,0.0,0.0,update_reservation_flights,1.0,1
llm:local/qwen3-8b,30/t2/turn3,30,respond_to_user,5,1.0,1.0,respond_to_user,1.0,1
llm:local/qwen3-8b,30/t2/turn4,30,respond_to_user,5,0.0,0.0,update_reservation_flights,1.0,1
llm:local/qwen3-8b,30/t2/turn5,30,update_reservation_flights,5,1.0,1.0,update_reservation_flights,1.0,1
llm:local/qwen3-8b,30/t2/turn6,30,respond_to_user,5,1.0,1.0,respond_to_user,1.0,1
llm:local/qwen3-8b,31/t0/turn0,31,respond_to_user,5,0.0,0.0,get_user_details,1.0,1
llm:local/qwen3-8b,31/t0/turn1,31,get_user_details,5,0.8,0.8,get_user_details,0.8,2
llm:local/qwen3-8b,31/t0/turn2,31,get_reservation_details,5,0.0,0.0,search_direct_flight,1.0,1
llm:local/qwen3-8b,31/t0/turn3,31,respond_to_user,5,0.0,0.0,update_reservation_flights,1.0,1
llm:local/qwen3-8b,31/t0/turn4,31,transfer_to_human_agents,5,0.0,0.0,search_direct_flight,1.0,1
llm:local/qwen3-8b,31/t0/turn5,31,respond_to_user,5,1.0,1.0,respond_to_user,1.0,1
llm:local/qwen3-8b,31/t1/turn0,31,respond_to_user,5,0.0,0.0,get_user_details,1.0,1
llm:local/qwen3-8b,31/t1/turn1,31,get_user_details,5,1.0,1.0,get_user_details,1.0,1
llm:local/qwen3-8b,31/t1/turn2,31,get_reservation_details,5,0.0,0.0,search_onestop_flight,1.0,1
llm:local/qwen3-8b,31/t1/turn3,31,respond_to_user,5,0.6,0.6,respond_to_user,0.6,2
llm:local/qwen3-8b,31/t1/turn4,31,search_direct_flight,5,0.0,0.0,transfer_to_human_agents,1.0,1
llm:local/qwen3-8b,31/t1/turn5,31,transfer_to_human_agents,5,0.0,0.0,respond_to_user,1.0,1
llm:local/qwen3-8b,31/t1/turn6,31,respond_to_user,5,1.0,1.0,respond_to_user,1.0,1
llm:local/qwen3-8b,33/t0/turn0,33,respond_to_user,5,0.0,1.0,get_reservation_details,1.0,1
llm:local/qwen3-8b,33/t0/turn1,33,get_reservation_details,5,1.0,1.0,get_reservation_details,1.0,1
llm:local/qwen3-8b,33/t0/turn10,33,respond_to_user,5,1.0,1.0,respond_to_user,1.0,1
llm:local/qwen3-8b,33/t0/turn11,33,respond_to_user,5,1.0,1.0,respond_to_user,1.0,1
llm:local/qwen3-8b,33/t0/turn12,33,update_reservation_baggages,5,0.4,0.4,respond_to_user,0.6,2
llm:local/qwen3-8b,33/t0/turn13,33,respond_to_user,5,1.0,1.0,respond_to_user,1.0,1
llm:local/qwen3-8b,33/t0/turn2,33,search_direct_flight,5,0.0,0.0,update_reservation_flights,1.0,1
llm:local/qwen3-8b,33/t0/turn3,33,search_direct_flight,5,0.0,0.0,respond_to_user,0.6,2
llm:local/qwen3-8b,33/t0/turn4,33,respond_to_user,5,1.0,1.0,respond_to_user,1.0,1
llm:local/qwen3-8b,33/t0/turn5,33,respond_to_user,5,0.0,0.0,update_reservation_flights,1.0,1
llm:local/qwen3-8b,33/t0/turn6,33,search_direct_flight,5,1.0,1.0,search_direct_flight,1.0,1
llm:local/qwen3-8b,33/t0/turn7,33,respond_to_user,5,0.0,0.0,update_reservation_flights,1.0,1
llm:local/qwen3-8b,33/t0/turn8,33,update_reservation_flights,5,1.0,1.0,update_reservation_flights,1.0,1
llm:local/qwen3-8b,33/t0/turn9,33,respond_to_user,5,1.0,1.0,respond_to_user,1.0,1
llm:local/qwen3-8b,33/t1/turn0,33,respond_to_user,5,0.0,1.0,get_reservation_details,1.0,1
llm:local/qwen3-8b,33/t1/turn1,33,get_user_details,5,0.0,0.8,get_reservation_details,0.8,2
llm:local/qwen3-8b,33/t1/turn10,33,update_reservation_baggages,5,1.0,1.0,update_reservation_baggages,1.0,1
llm:local/qwen3-8b,33/t1/turn11,33,respond_to_user,5,1.0,1.0,respond_to_user,1.0,1
llm:local/qwen3-8b,33/t1/turn2,33,search_direct_flight,5,0.0,0.0,update_reservation_flights,1.0,1
llm:local/qwen3-8b,33/t1/turn3,33,respond_to_user,5,1.0,1.0,respond_to_user,1.0,1
llm:local/qwen3-8b,33/t1/turn4,33,update_reservation_flights,5,1.0,1.0,update_reservation_flights,1.0,1
llm:local/qwen3-8b,33/t1/turn5,33,respond_to_user,5,1.0,1.0,respond_to_user,1.0,1
llm:local/qwen3-8b,33/t1/turn6,33,search_direct_flight,5,0.0,0.0,respond_to_user,1.0,1
llm:local/qwen3-8b,33/t1/turn7,33,search_direct_flight,5,0.0,0.0,respond_to_user,1.0,1
llm:local/qwen3-8b,33/t1/turn8,33,respond_to_user,5,1.0,1.0,respond_to_user,1.0,1
llm:local/qwen3-8b,33/t1/turn9,33,respond_to_user,5,0.2,0.2,update_reservation_baggages,0.8,2
llm:local/qwen3-8b,33/t2/turn0,33,respond_to_user,5,0.0,1.0,get_reservation_details,1.0,1
llm:local/qwen3-8b,33/t2/turn1,33,get_user_details,5,0.0,1.0,get_reservation_details,1.0,1
llm:local/qwen3-8b,33/t2/turn10,33,respond_to_user,5,1.0,1.0,respond_to_user,1.0,1
llm:local/qwen3-8b,33/t2/turn11,33,respond_to_user,5,1.0,1.0,respond_to_user,1.0,1
llm:local/qwen3-8b,33/t2/turn12,33,update_reservation_baggages,5,0.0,0.0,respond_to_user,1.0,1
llm:local/qwen3-8b,33/t2/turn13,33,respond_to_user,5,1.0,1.0,respond_to_user,1.0,1
llm:local/qwen3-8b,33/t2/turn2,33,search_direct_flight,5,0.0,0.0,update_reservation_flights,1.0,1
llm:local/qwen3-8b,33/t2/turn3,33,search_direct_flight,5,0.0,0.0,search_onestop_flight,1.0,1
llm:local/qwen3-8b,33/t2/turn4,33,respond_to_user,5,1.0,1.0,respond_to_user,1.0,1
llm:local/qwen3-8b,33/t2/turn5,33,search_direct_flight,5,1.0,1.0,search_direct_flight,1.0,1
llm:local/qwen3-8b,33/t2/turn6,33,respond_to_user,5,1.0,1.0,respond_to_user,1.0,1
llm:local/qwen3-8b,33/t2/turn7,33,update_reservation_flights,5,1.0,1.0,update_reservation_flights,1.0,1
llm:local/qwen3-8b,33/t2/turn8,33,respond_to_user,5,1.0,1.0,respond_to_user,1.0,1
llm:local/qwen3-8b,33/t2/turn9,33,respond_to_user,5,0.0,0.0,calculate,1.0,1
llm:local/qwen3-8b,34/t2/turn0,34,respond_to_user,5,0.0,0.0,get_reservation_details,0.6,2
llm:local/qwen3-8b,34/t2/turn1,34,get_reservation_details,5,0.0,0.0,update_reservation_flights,1.0,1
llm:local/qwen3-8b,34/t2/turn2,34,respond_to_user,5,0.0,0.0,update_reservation_flights,1.0,1
llm:local/qwen3-8b,34/t2/turn3,34,search_direct_flight,5,0.0,0.0,update_reservation_flights,1.0,1
llm:local/qwen3-8b,34/t2/turn4,34,search_direct_flight,5,0.0,0.0,search_onestop_flight,1.0,1
llm:local/qwen3-8b,34/t2/turn5,34,get_user_details,5,0.0,0.0,respond_to_user,1.0,1
llm:local/qwen3-8b,34/t2/turn6,34,respond_to_user,5,1.0,1.0,respond_to_user,1.0,1
llm:local/qwen3-8b,34/t2/turn7,34,respond_to_user,5,1.0,1.0,respond_to_user,1.0,1
llm:local/qwen3-8b,36/t0/turn0,36,respond_to_user,5,0.0,0.0,transfer_to_human_agents,1.0,1
llm:local/qwen3-8b,36/t0/turn1,36,get_reservation_details,5,0.0,0.0,update_reservation_flights,1.0,1
llm:local/qwen3-8b,36/t0/turn2,36,transfer_to_human_agents,5,0.0,0.0,update_reservation_flights,1.0,1
llm:local/qwen3-8b,36/t0/turn3,36,respond_to_user,5,1.0,1.0,respond_to_user,1.0,1
llm:local/qwen3-8b,36/t1/turn0,36,respond_to_user,5,0.0,0.0,transfer_to_human_agents,1.0,1
llm:local/qwen3-8b,36/t1/turn1,36,get_reservation_details,5,0.0,0.0,update_reservation_flights,1.0,1
llm:local/qwen3-8b,36/t1/turn2,36,transfer_to_human_agents,5,0.0,0.0,update_reservation_flights,1.0,1
llm:local/qwen3-8b,36/t1/turn3,36,respond_to_user,5,1.0,1.0,respond_to_user,1.0,1
llm:local/qwen3-8b,36/t2/turn0,36,respond_to_user,5,0.0,0.0,transfer_to_human_agents,1.0,1
llm:local/qwen3-8b,36/t2/turn1,36,get_reservation_details,5,1.0,1.0,get_reservation_details,1.0,1
llm:local/qwen3-8b,36/t2/turn2,36,transfer_to_human_agents,5,0.0,0.0,respond_to_user,0.8,2
llm:local/qwen3-8b,36/t2/turn3,36,respond_to_user,5,1.0,1.0,respond_to_user,1.0,1
llm:local/qwen3-8b,37/t0/turn0,37,respond_to_user,5,0.0,0.0,get_user_details,1.0,1
llm:local/qwen3-8b,37/t0/turn1,37,get_user_details,5,0.0,1.0,get_reservation_details,1.0,1
llm:local/qwen3-8b,37/t0/turn10,37,transfer_to_human_agents,5,1.0,1.0,transfer_to_human_agents,1.0,1
llm:local/qwen3-8b,37/t0/turn11,37,respond_to_user,5,1.0,1.0,respond_to_user,1.0,1
llm:local/qwen3-8b,37/t0/turn2,37,get_reservation_details,5,0.0,0.0,respond_to_user,1.0,1
llm:local/qwen3-8b,37/t0/turn3,37,get_reservation_details,5,0.0,0.0,respond_to_user,1.0,1
llm:local/qwen3-8b,37/t0/turn4,37,get_reservation_details,5,0.0,0.0,respond_to_user,1.0,1
llm:local/qwen3-8b,37/t0/turn5,37,get_flight_status,5,0.0,0.0,respond_to_user,1.0,1
llm:local/qwen3-8b,37/t0/turn6,37,search_direct_flight,5,0.0,0.0,respond_to_user,1.0,1
llm:local/qwen3-8b,37/t0/turn7,37,search_direct_flight,5,0.0,0.0,respond_to_user,1.0,1
llm:local/qwen3-8b,37/t0/turn8,37,respond_to_user,5,1.0,1.0,respond_to_user,1.0,1
llm:local/qwen3-8b,37/t0/turn9,37,update_reservation_flights,5,1.0,1.0,update_reservation_flights,1.0,1
llm:local/qwen3-8b,37/t2/turn0,37,respond_to_user,5,0.0,0.0,get_user_details,1.0,1
llm:local/qwen3-8b,37/t2/turn1,37,get_user_details,5,0.0,1.0,get_reservation_details,1.0,1
llm:local/qwen3-8b,37/t2/turn10,37,transfer_to_human_agents,5,0.0,0.0,respond_to_user,1.0,1
llm:local/qwen3-8b,37/t2/turn11,37,respond_to_user,5,1.0,1.0,respond_to_user,1.0,1
llm:local/qwen3-8b,37/t2/turn2,37,get_reservation_details,5,0.0,0.0,cancel_reservation,0.8,2
llm:local/qwen3-8b,37/t2/turn3,37,get_reservation_details,5,0.0,0.0,respond_to_user,0.8,2
llm:local/qwen3-8b,37/t2/turn4,37,get_flight_status,5,0.0,0.0,respond_to_user,1.0,1
llm:local/qwen3-8b,37/t2/turn5,37,get_reservation_details,5,0.0,0.0,respond_to_user,1.0,1
llm:local/qwen3-8b,37/t2/turn6,37,search_direct_flight,5,0.0,0.0,respond_to_user,1.0,1
llm:local/qwen3-8b,37/t2/turn7,37,search_direct_flight,5,0.0,0.0,respond_to_user,1.0,1
llm:local/qwen3-8b,37/t2/turn8,37,respond_to_user,5,1.0,1.0,respond_to_user,1.0,1
llm:local/qwen3-8b,37/t2/turn9,37,update_reservation_flights,5,1.0,1.0,update_reservation_flights,1.0,1
llm:local/qwen3-8b,38/t0/turn0,38,respond_to_user,5,0.0,0.0,get_flight_status,1.0,1
llm:local/qwen3-8b,38/t0/turn1,38,get_user_details,5,1.0,1.0,get_user_details,1.0,1
llm:local/qwen3-8b,38/t0/turn10,38,respond_to_user,5,1.0,1.0,respond_to_user,1.0,1
llm:local/qwen3-8b,38/t0/turn11,38,respond_to_user,5,1.0,1.0,respond_to_user,1.0,1
llm:local/qwen3-8b,38/t0/turn2,38,get_reservation_details,5,0.0,0.0,get_flight_status,1.0,1
llm:local/qwen3-8b,38/t0/turn3,38,get_flight_status,5,1.0,1.0,get_flight_status,1.0,1
llm:local/qwen3-8b,38/t0/turn4,38,get_flight_status,5,0.0,0.0,respond_to_user,1.0,1
llm:local/qwen3-8b,38/t0/turn5,38,respond_to_user,5,1.0,1.0,respond_to_user,1.0,1
llm:local/qwen3-8b,38/t0/turn6,38,respond_to_user,5,1.0,1.0,respond_to_user,1.0,1
llm:local/qwen3-8b,38/t0/turn7,38,get_reservation_details,5,1.0,1.0,get_reservation_details,1.0,1
llm:local/qwen3-8b,38/t0/turn8,38,respond_to_user,5,1.0,1.0,respond_to_user,1.0,1
llm:local/qwen3-8b,38/t0/turn9,38,get_reservation_details,5,0.0,0.0,respond_to_user,1.0,1
llm:local/qwen3-8b,38/t1/turn0,38,respond_to_user,5,0.0,0.0,get_flight_status,1.0,1
llm:local/qwen3-8b,38/t1/turn1,38,get_user_details,5,1.0,1.0,get_user_details,1.0,1
llm:local/qwen3-8b,38/t1/turn10,38,respond_to_user,5,1.0,1.0,respond_to_user,1.0,1
llm:local/qwen3-8b,38/t1/turn11,38,transfer_to_human_agents,5,1.0,1.0,transfer_to_human_agents,1.0,1
llm:local/qwen3-8b,38/t1/turn12,38,respond_to_user,5,1.0,1.0,respond_to_user,1.0,1
llm:local/qwen3-8b,38/t1/turn2,38,get_reservation_details,5,1.0,1.0,get_reservation_details,1.0,1
llm:local/qwen3-8b,38/t1/turn3,38,get_reservation_details,5,0.0,0.0,respond_to_user,0.8,2
llm:local/qwen3-8b,38/t1/turn4,38,respond_to_user,5,1.0,1.0,respond_to_user,1.0,1
llm:local/qwen3-8b,38/t1/turn5,38,get_flight_status,5,1.0,1.0,get_flight_status,1.0,1
llm:local/qwen3-8b,38/t1/turn6,38,get_flight_status,5,0.0,0.0,respond_to_user,1.0,1
llm:local/qwen3-8b,38/t1/turn7,38,get_flight_status,5,0.0,0.0,respond_to_user,1.0,1
llm:local/qwen3-8b,38/t1/turn8,38,get_flight_status,5,0.0,0.0,respond_to_user,1.0,1
llm:local/qwen3-8b,38/t1/turn9,38,respond_to_user,5,1.0,1.0,respond_to_user,1.0,1
llm:local/qwen3-8b,38/t2/turn0,38,respond_to_user,5,0.0,0.4,get_flight_status,0.6,2
llm:local/qwen3-8b,38/t2/turn1,38,get_user_details,5,0.0,0.0,transfer_to_human_agents,0.8,2
llm:local/qwen3-8b,38/t2/turn2,38,get_reservation_details,5,0.0,0.0,respond_to_user,1.0,1
llm:local/qwen3-8b,38/t2/turn3,38,get_reservation_details,5,0.0,0.0,respond_to_user,1.0,1
llm:local/qwen3-8b,38/t2/turn4,38,get_flight_status,5,0.0,0.0,respond_to_user,1.0,1
llm:local/qwen3-8b,38/t2/turn5,38,get_flight_status,5,0.0,0.0,respond_to_user,1.0,1
llm:local/qwen3-8b,38/t2/turn6,38,respond_to_user,5,1.0,1.0,respond_to_user,1.0,1
llm:local/qwen3-8b,38/t2/turn7,38,respond_to_user,5,1.0,1.0,respond_to_user,1.0,1
llm:local/qwen3-8b,4/t0/turn0,4,respond_to_user,5,0.0,0.0,transfer_to_human_agents,1.0,1
llm:local/qwen3-8b,4/t0/turn1,4,get_user_details,5,1.0,1.0,get_user_details,1.0,1
llm:local/qwen3-8b,4/t0/turn10,4,transfer_to_human_agents,5,1.0,1.0,transfer_to_human_agents,1.0,1
llm:local/qwen3-8b,4/t0/turn11,4,respond_to_user,5,1.0,1.0,respond_to_user,1.0,1
llm:local/qwen3-8b,4/t0/turn2,4,get_reservation_details,5,0.0,0.0,transfer_to_human_agents,1.0,1
llm:local/qwen3-8b,4/t0/turn3,4,get_reservation_details,5,0.0,0.0,respond_to_user,1.0,1
llm:local/qwen3-8b,4/t0/turn4,4,get_reservation_details,5,0.0,0.0,respond_to_user,1.0,1
llm:local/qwen3-8b,4/t0/turn5,4,get_reservation_details,5,0.0,0.0,respond_to_user,1.0,1
llm:local/qwen3-8b,4/t0/turn6,4,get_reservation_details,5,0.0,0.0,respond_to_user,1.0,1
llm:local/qwen3-8b,4/t0/turn7,4,get_flight_status,5,0.0,0.0,respond_to_user,1.0,1
llm:local/qwen3-8b,4/t0/turn8,4,get_flight_status,5,0.0,0.0,respond_to_user,1.0,1
llm:local/qwen3-8b,4/t0/turn9,4,respond_to_user,5,1.0,1.0,respond_to_user,1.0,1
llm:local/qwen3-8b,4/t1/turn0,4,respond_to_user,5,0.0,0.0,transfer_to_human_agents,1.0,1
llm:local/qwen3-8b,4/t1/turn1,4,get_user_details,5,1.0,1.0,get_user_details,1.0,1
llm:local/qwen3-8b,4/t1/turn10,4,transfer_to_human_agents,5,1.0,1.0,transfer_to_human_agents,1.0,1
llm:local/qwen3-8b,4/t1/turn11,4,respond_to_user,5,1.0,1.0,respond_to_user,1.0,1
llm:local/qwen3-8b,4/t1/turn2,4,get_reservation_details,5,0.2,0.2,transfer_to_human_agents,0.8,2
llm:local/qwen3-8b,4/t1/turn3,4,get_reservation_details,5,0.0,0.0,respond_to_user,1.0,1
llm:local/qwen3-8b,4/t1/turn4,4,get_reservation_details,5,0.0,0.0,respond_to_user,1.0,1
llm:local/qwen3-8b,4/t1/turn5,4,get_reservation_details,5,0.0,0.0,respond_to_user,1.0,1
llm:local/qwen3-8b,4/t1/turn6,4,get_reservation_details,5,0.0,0.0,respond_to_user,1.0,1
llm:local/qwen3-8b,4/t1/turn7,4,get_flight_status,5,0.0,0.0,respond_to_user,1.0,1
llm:local/qwen3-8b,4/t1/turn8,4,get_flight_status,5,0.0,0.0,respond_to_user,1.0,1
llm:local/qwen3-8b,4/t1/turn9,4,respond_to_user,5,1.0,1.0,respond_to_user,1.0,1
llm:local/qwen3-8b,4/t2/turn0,4,respond_to_user,5,0.0,0.0,transfer_to_human_agents,1.0,1
llm:local/qwen3-8b,4/t2/turn1,4,get_user_details,5,0.0,0.0,transfer_to_human_agents,1.0,1
llm:local/qwen3-8b,4/t2/turn10,4,transfer_to_human_agents,5,1.0,1.0,transfer_to_human_agents,1.0,1
llm:local/qwen3-8b,4/t2/turn11,4,respond_to_user,5,1.0,1.0,respond_to_user,1.0,1
llm:local/qwen3-8b,4/t2/turn2,4,get_reservation_details,5,0.0,0.0,transfer_to_human_agents,1.0,1
llm:local/qwen3-8b,4/t2/turn3,4,get_reservation_details,5,0.0,0.0,respond_to_user,1.0,1
llm:local/qwen3-8b,4/t2/turn4,4,get_reservation_details,5,0.0,0.0,respond_to_user,1.0,1
llm:local/qwen3-8b,4/t2/turn5,4,get_reservation_details,5,0.0,0.0,respond_to_user,1.0,1
llm:local/qwen3-8b,4/t2/turn6,4,get_reservation_details,5,0.0,0.0,respond_to_user,1.0,1
llm:local/qwen3-8b,4/t2/turn7,4,get_flight_status,5,0.0,0.0,respond_to_user,1.0,1
llm:local/qwen3-8b,4/t2/turn8,4,get_flight_status,5,0.0,0.0,respond_to_user,1.0,1
llm:local/qwen3-8b,4/t2/turn9,4,respond_to_user,5,1.0,1.0,respond_to_user,1.0,1
llm:local/qwen3-8b,40/t0/turn0,40,respond_to_user,5,0.0,0.0,get_user_details,1.0,1
llm:local/qwen3-8b,40/t0/turn1,40,get_user_details,5,0.0,0.0,update_reservation_passengers,1.0,1
llm:local/qwen3-8b,40/t0/turn2,40,respond_to_user,5,0.4,0.4,update_reservation_passengers,0.6,2
llm:local/qwen3-8b,40/t0/turn3,40,update_reservation_passengers,5,1.0,1.0,update_reservation_passengers,1.0,1
llm:local/qwen3-8b,40/t0/turn4,40,respond_to_user,5,1.0,1.0,respond_to_user,1.0,1
llm:local/qwen3-8b,40/t1/turn0,40,respond_to_user,5,0.0,0.0,get_user_details,1.0,1
llm:local/qwen3-8b,40/t1/turn1,40,get_reservation_details,5,0.0,0.0,update_reservation_passengers,1.0,1
llm:local/qwen3-8b,40/t1/turn2,40,respond_to_user,5,0.0,0.0,update_reservation_passengers,1.0,1
llm:local/qwen3-8b,40/t1/turn3,40,update_reservation_passengers,5,1.0,1.0,update_reservation_passengers,1.0,1
llm:local/qwen3-8b,40/t1/turn4,40,respond_to_user,5,1.0,1.0,respond_to_user,1.0,1
llm:local/qwen3-8b,40/t2/turn0,40,respond_to_user,5,0.0,0.0,update_reservation_passengers,1.0,1
llm:local/qwen3-8b,40/t2/turn1,40,get_user_details,5,0.0,0.0,update_reservation_passengers,1.0,1
llm:local/qwen3-8b,40/t2/turn2,40,respond_to_user,5,0.0,0.0,update_reservation_passengers,1.0,1
llm:local/qwen3-8b,40/t2/turn3,40,update_reservation_passengers,5,1.0,1.0,update_reservation_passengers,1.0,1
llm:local/qwen3-8b,40/t2/turn4,40,respond_to_user,5,1.0,1.0,respond_to_user,1.0,1
llm:local/qwen3-8b,41/t0/turn0,41,respond_to_user,5,0.0,1.0,get_user_details,1.0,1
llm:local/qwen3-8b,41/t0/turn1,41,get_user_details,5,0.6,1.0,get_user_details,0.6,2
llm:local/qwen3-8b,41/t0/turn10,41,respond_to_user,5,0.0,0.0,cancel_reservation,1.0,1
llm:local/qwen3-8b,41/t0/turn11,41,transfer_to_human_agents,5,1.0,1.0,transfer_to_human_agents,1.0,1
llm:local/qwen3-8b,41/t0/turn12,41,respond_to_user,5,1.0,1.0,respond_to_user,1.0,1
llm:local/qwen3-8b,41/t0/turn2,41,get_reservation_details,5,1.0,1.0,get_reservation_details,1.0,1
llm:local/qwen3-8b,41/t0/turn3,41,get_reservation_details,5,0.2,0.2,cancel_reservation,0.6,3
llm:local/qwen3-8b,41/t0/turn4,41,get_reservation_details,5,0.0,0.0,cancel_reservation,1.0,1
llm:local/qwen3-8b,41/t0/turn5,41,get_reservation_details,5,0.0,0.0,cancel_reservation,1.0,1
llm:local/qwen3-8b,41/t0/turn6,41,get_reservation_details,5,0.0,0.0,cancel_reservation,1.0,1
llm:local/qwen3-8b,41/t0/turn7,41,get_reservation_details,5,0.0,0.0,cancel_reservation,0.8,2
llm:local/qwen3-8b,41/t0/turn8,41,get_reservation_details,5,0.0,0.0,cancel_reservation,1.0,1
llm:local/qwen3-8b,41/t0/turn9,41,respond_to_user,5,0.6,0.6,respond_to_user,0.6,2
llm:local/qwen3-8b,41/t1/turn0,41,respond_to_user,5,0.0,1.0,get_user_details,1.0,1
llm:local/qwen3-8b,41/t1/turn1,41,get_user_details,5,0.0,1.0,get_reservation_details,1.0,1
llm:local/qwen3-8b,41/t1/turn10,41,respond_to_user,5,0.0,0.0,cancel_reservation,1.0,1
llm:local/qwen3-8b,41/t1/turn11,41,respond_to_user,5,0.0,0.0,cancel_reservation,1.0,1
llm:local/qwen3-8b,41/t1/turn12,41,transfer_to_human_agents,5,1.0,1.0,transfer_to_human_agents,1.0,1
llm:local/qwen3-8b,41/t1/turn13,41,respond_to_user,5,1.0,1.0,respond_to_user,1.0,1
llm:local/qwen3-8b,41/t1/turn2,41,get_reservation_details,5,1.0,1.0,get_reservation_details,1.0,1
llm:local/qwen3-8b,41/t1/turn3,41,get_reservation_details,5,0.0,0.0,cancel_reservation,1.0,1
llm:local/qwen3-8b,41/t1/turn4,41,get_reservation_details,5,0.0,0.0,cancel_reservation,1.0,1
llm:local/qwen3-8b,41/t1/turn5,41,get_reservation_details,5,0.0,0.0,cancel_reservation,1.0,1
llm:local/qwen3-8b,41/t1/turn6,41,get_reservation_details,5,0.0,0.0,cancel_reservation,1.0,1
llm:local/qwen3-8b,41/t1/turn7,41,get_reservation_details,5,0.0,0.0,cancel_reservation,1.0,1
llm:local/qwen3-8b,41/t1/turn8,41,get_reservation_details,5,0.0,0.0,cancel_reservation,1.0,1
llm:local/qwen3-8b,41/t1/turn9,41,get_flight_status,5,0.0,0.0,cancel_reservation,1.0,1
llm:local/qwen3-8b,41/t2/turn0,41,respond_to_user,5,0.0,1.0,get_user_details,1.0,1
llm:local/qwen3-8b,41/t2/turn1,41,get_user_details,5,0.4,1.0,get_reservation_details,0.6,2
llm:local/qwen3-8b,41/t2/turn10,41,respond_to_user,5,0.0,0.0,cancel_reservation,1.0,1
llm:local/qwen3-8b,41/t2/turn11,41,transfer_to_human_agents,5,1.0,1.0,transfer_to_human_agents,1.0,1
llm:local/qwen3-8b,41/t2/turn12,41,respond_to_user,5,1.0,1.0,respond_to_user,1.0,1
llm:local/qwen3-8b,41/t2/turn2,41,get_reservation_details,5,1.0,1.0,get_reservation_details,1.0,1
llm:local/qwen3-8b,41/t2/turn3,41,get_reservation_details,5,0.4,0.4,respond_to_user,0.4,3
llm:local/qwen3-8b,41/t2/turn4,41,get_reservation_details,5,0.0,0.0,cancel_reservation,1.0,1
llm:local/qwen3-8b,41/t2/turn5,41,get_reservation_details,5,0.0,0.0,cancel_reservation,1.0,1
llm:local/qwen3-8b,41/t2/turn6,41,get_reservation_details,5,0.0,0.0,cancel_reservation,1.0,1
llm:local/qwen3-8b,41/t2/turn7,41,get_reservation_details,5,0.0,0.0,cancel_reservation,0.6,2
llm:local/qwen3-8b,41/t2/turn8,41,get_reservation_details,5,0.0,0.0,cancel_reservation,1.0,1
llm:local/qwen3-8b,41/t2/turn9,41,respond_to_user,5,0.2,0.2,cancel_reservation,0.8,2
llm:local/qwen3-8b,42/t0/turn0,42,respond_to_user,5,0.0,1.0,get_user_details,1.0,1
llm:local/qwen3-8b,42/t0/turn1,42,get_user_details,5,1.0,1.0,get_user_details,1.0,1
llm:local/qwen3-8b,42/t0/turn10,42,respond_to_user,5,0.0,0.0,cancel_reservation,1.0,1
llm:local/qwen3-8b,42/t0/turn11,42,cancel_reservation,5,1.0,1.0,cancel_reservation,1.0,1
llm:local/qwen3-8b,42/t0/turn12,42,cancel_reservation,5,1.0,1.0,cancel_reservation,1.0,1
llm:local/qwen3-8b,42/t0/turn13,42,respond_to_user,5,1.0,1.0,respond_to_user,1.0,1
llm:local/qwen3-8b,42/t0/turn2,42,get_reservation_details,5,0.0,0.0,respond_to_user,1.0,1
llm:local/qwen3-8b,42/t0/turn3,42,get_reservation_details,5,0.0,0.0,respond_to_user,1.0,1
llm:local/qwen3-8b,42/t0/turn4,42,get_reservation_details,5,0.0,0.0,respond_to_user,1.0,1
llm:local/qwen3-8b,42/t0/turn5,42,get_reservation_details,5,0.0,0.0,respond_to_user,1.0,1
llm:local/qwen3-8b,42/t0/turn6,42,get_reservation_details,5,0.0,0.0,respond_to_user,1.0,1
llm:local/qwen3-8b,42/t0/turn7,42,get_reservation_details,5,0.0,0.0,respond_to_user,1.0,1
llm:local/qwen3-8b,42/t0/turn8,42,get_reservation_details,5,0.0,0.0,respond_to_user,1.0,1
llm:local/qwen3-8b,42/t0/turn9,42,respond_to_user,5,1.0,1.0,respond_to_user,1.0,1
llm:local/qwen3-8b,42/t1/turn0,42,respond_to_user,5,0.0,1.0,get_user_details,1.0,1
llm:local/qwen3-8b,42/t1/turn1,42,get_user_details,5,1.0,1.0,get_user_details,1.0,1
llm:local/qwen3-8b,42/t1/turn10,42,respond_to_user,5,0.0,0.0,cancel_reservation,1.0,1
llm:local/qwen3-8b,42/t1/turn11,42,cancel_reservation,5,1.0,1.0,cancel_reservation,1.0,1
llm:local/qwen3-8b,42/t1/turn12,42,cancel_reservation,5,1.0,1.0,cancel_reservation,1.0,1
llm:local/qwen3-8b,42/t1/turn13,42,respond_to_user,5,1.0,1.0,respond_to_user,1.0,1
llm:local/qwen3-8b,42/t1/turn2,42,get_reservation_details,5,0.0,0.0,respond_to_user,1.0,1
llm:local/qwen3-8b,42/t1/turn3,42,get_reservation_details,5,0.0,0.0,respond_to_user,1.0,1
llm:local/qwen3-8b,42/t1/turn4,42,get_reservation_details,5,0.0,0.0,respond_to_user,1.0,1
llm:local/qwen3-8b,42/t1/turn5,42,get_reservation_details,5,0.0,0.0,respond_to_user,1.0,1
llm:local/qwen3-8b,42/t1/turn6,42,get_reservation_details,5,0.0,0.0,respond_to_user,1.0,1
llm:local/qwen3-8b,42/t1/turn7,42,get_reservation_details,5,0.0,0.0,respond_to_user,1.0,1
llm:local/qwen3-8b,42/t1/turn8,42,get_reservation_details,5,0.0,0.0,respond_to_user,1.0,1
llm:local/qwen3-8b,42/t1/turn9,42,respond_to_user,5,1.0,1.0,respond_to_user,1.0,1
llm:local/qwen3-8b,42/t2/turn0,42,respond_to_user,5,0.0,1.0,get_user_details,1.0,1
llm:local/qwen3-8b,42/t2/turn1,42,get_user_details,5,1.0,1.0,get_user_details,1.0,1
llm:local/qwen3-8b,42/t2/turn10,42,cancel_reservation,5,0.6,0.6,cancel_reservation,0.6,2
llm:local/qwen3-8b,42/t2/turn11,42,cancel_reservation,5,1.0,1.0,cancel_reservation,1.0,1
llm:local/qwen3-8b,42/t2/turn12,42,respond_to_user,5,1.0,1.0,respond_to_user,1.0,1
llm:local/qwen3-8b,42/t2/turn2,42,get_reservation_details,5,0.0,0.0,respond_to_user,1.0,1
llm:local/qwen3-8b,42/t2/turn3,42,get_reservation_details,5,0.0,0.0,respond_to_user,1.0,1
llm:local/qwen3-8b,42/t2/turn4,42,get_reservation_details,5,0.0,0.0,respond_to_user,1.0,1
llm:local/qwen3-8b,42/t2/turn5,42,get_reservation_details,5,0.0,0.0,respond_to_user,1.0,1
llm:local/qwen3-8b,42/t2/turn6,42,get_reservation_details,5,0.0,0.0,respond_to_user,1.0,1
llm:local/qwen3-8b,42/t2/turn7,42,get_reservation_details,5,0.0,0.0,respond_to_user,1.0,1
llm:local/qwen3-8b,42/t2/turn8,42,get_reservation_details,5,0.0,0.0,respond_to_user,1.0,1
llm:local/qwen3-8b,42/t2/turn9,42,respond_to_user,5,1.0,1.0,respond_to_user,1.0,1
llm:local/qwen3-8b,43/t0/turn0,43,respond_to_user,5,0.0,1.0,get_user_details,0.6,2
llm:local/qwen3-8b,43/t0/turn1,43,get_user_details,5,0.0,1.0,get_reservation_details,1.0,1
llm:local/qwen3-8b,43/t0/turn10,43,respond_to_user,5,0.0,1.0,get_reservation_details,1.0,1
llm:local/qwen3-8b,43/t0/turn2,43,get_reservation_details,5,1.0,1.0,get_reservation_details,1.0,1
llm:local/qwen3-8b,43/t0/turn3,43,get_reservation_details,5,1.0,1.0,get_reservation_details,1.0,1
llm:local/qwen3-8b,43/t0/turn4,43,get_reservation_details,5,0.0,0.0,cancel_reservation,1.0,1
llm:local/qwen3-8b,43/t0/turn5,43,get_reservation_details,5,0.0,0.0,cancel_reservation,1.0,1
llm:local/qwen3-8b,43/t0/turn6,43,get_reservation_details,5,0.0,0.0,cancel_reservation,1.0,1
llm:local/qwen3-8b,43/t0/turn7,43,get_reservation_details,5,0.0,0.0,cancel_reservation,1.0,1
llm:local/qwen3-8b,43/t0/turn8,43,respond_to_user,5,0.0,0.0,cancel_reservation,1.0,1
llm:local/qwen3-8b,43/t0/turn9,43,respond_to_user,5,0.0,0.0,transfer_to_human_agents,1.0,1
llm:local/qwen3-8b,43/t1/turn0,43,respond_to_user,5,0.0,1.0,get_reservation_details,0.8,2
llm:local/qwen3-8b,43/t1/turn1,43,get_user_details,5,0.0,1.0,get_reservation_details,1.0,1
llm:local/qwen3-8b,43/t1/turn2,43,get_reservation_details,5,1.0,1.0,get_reservation_details,1.0,1
llm:local/qwen3-8b,43/t1/turn3,43,get_reservation_details,5,0.6,0.6,get_reservation_details,0.6,2
llm:local/qwen3-8b,43/t1/turn4,43,get_reservation_details,5,0.0,0.0,cancel_reservation,1.0,1
llm:local/qwen3-8b,43/t1/turn5,43,get_reservation_details,5,0.0,0.0,cancel_reservation,1.0,1
llm:local/qwen3-8b,43/t1/turn6,43,get_reservation_details,5,0.0,0.0,cancel_reservation,1.0,1
llm:local/qwen3-8b,43/t1/turn7,43,get_reservation_details,5,0.0,0.0,cancel_reservation,1.0,1
llm:local/qwen3-8b,43/t1/turn8,43,transfer_to_human_agents,5,0.0,0.0,cancel_reservation,1.0,1
llm:local/qwen3-8b,43/t1/turn9,43,respond_to_user,5,1.0,1.0,respond_to_user,1.0,1
llm:local/qwen3-8b,43/t2/turn0,43,respond_to_user,5,0.0,1.0,get_reservation_details,0.6,2
llm:local/qwen3-8b,43/t2/turn1,43,get_user_details,5,0.0,1.0,get_reservation_details,1.0,1
llm:local/qwen3-8b,43/t2/turn2,43,get_reservation_details,5,1.0,1.0,get_reservation_details,1.0,1
llm:local/qwen3-8b,43/t2/turn3,43,get_reservation_details,5,0.6,0.6,get_reservation_details,0.6,2
llm:local/qwen3-8b,43/t2/turn4,43,get_reservation_details,5,0.0,0.0,cancel_reservation,1.0,1
llm:local/qwen3-8b,43/t2/turn5,43,get_reservation_details,5,0.0,0.0,cancel_reservation,1.0,1
llm:local/qwen3-8b,43/t2/turn6,43,get_flight_status,5,0.0,0.0,cancel_reservation,1.0,1
llm:local/qwen3-8b,43/t2/turn7,43,respond_to_user,5,0.0,0.0,cancel_reservation,1.0,1
llm:local/qwen3-8b,43/t2/turn8,43,transfer_to_human_agents,5,1.0,1.0,transfer_to_human_agents,1.0,1
llm:local/qwen3-8b,43/t2/turn9,43,respond_to_user,5,1.0,1.0,respond_to_user,1.0,1
llm:local/qwen3-8b,45/t0/turn0,45,respond_to_user,5,0.0,0.0,get_user_details,1.0,1
llm:local/qwen3-8b,45/t0/turn1,45,get_reservation_details,5,1.0,1.0,get_reservation_details,1.0,1
llm:local/qwen3-8b,45/t0/turn2,45,get_flight_status,5,0.0,0.0,cancel_reservation,1.0,1
llm:local/qwen3-8b,45/t0/turn3,45,respond_to_user,5,0.0,0.0,cancel_reservation,1.0,1
llm:local/qwen3-8b,45/t0/turn4,45,respond_to_user,5,0.0,0.0,update_reservation_flights,1.0,1
llm:local/qwen3-8b,45/t0/turn5,45,respond_to_user,5,1.0,1.0,respond_to_user,1.0,1
llm:local/qwen3-8b,45/t1/turn0,45,respond_to_user,5,0.0,0.0,get_user_details,1.0,1
llm:local/qwen3-8b,45/t1/turn1,45,get_reservation_details,5,1.0,1.0,get_reservation_details,1.0,1
llm:local/qwen3-8b,45/t1/turn2,45,get_flight_status,5,0.0,0.0,cancel_reservation,1.0,1
llm:local/qwen3-8b,45/t1/turn3,45,get_flight_status,5,0.0,0.0,respond_to_user,0.6,2
llm:local/qwen3-8b,45/t1/turn4,45,respond_to_user,5,1.0,1.0,respond_to_user,1.0,1
llm:local/qwen3-8b,45/t1/turn5,45,respond_to_user,5,0.0,0.0,search_direct_flight,1.0,1
llm:local/qwen3-8b,45/t1/turn6,45,respond_to_user,5,0.8,0.8,respond_to_user,0.8,2
llm:local/qwen3-8b,45/t2/turn0,45,respond_to_user,5,0.0,0.0,get_user_details,1.0,1
llm:local/qwen3-8b,45/t2/turn1,45,get_reservation_details,5,0.6,0.6,get_reservation_details,0.6,2
llm:local/qwen3-8b,45/t2/turn2,45,respond_to_user,5,0.0,0.0,cancel_reservation,1.0,1
llm:local/qwen3-8b,45/t2/turn3,45,respond_to_user,5,0.0,0.0,update_reservation_flights,1.0,1
llm:local/qwen3-8b,45/t2/turn4,45,respond_to_user,5,0.4,0.4,update_reservation_flights,0.6,2
llm:local/qwen3-8b,45/t2/turn5,45,respond_to_user,5,1.0,1.0,respond_to_user,1.0,1
llm:local/qwen3-8b,46/t0/turn0,46,transfer_to_human_agents,5,0.0,0.0,respond_to_user,1.0,1
llm:local/qwen3-8b,46/t0/turn1,46,respond_to_user,5,1.0,1.0,respond_to_user,1.0,1
llm:local/qwen3-8b,46/t1/turn0,46,transfer_to_human_agents,5,0.0,0.0,respond_to_user,1.0,1
llm:local/qwen3-8b,46/t1/turn1,46,respond_to_user,5,1.0,1.0,respond_to_user,1.0,1
llm:local/qwen3-8b,46/t2/turn0,46,transfer_to_human_agents,5,1.0,1.0,transfer_to_human_agents,1.0,1
llm:local/qwen3-8b,46/t2/turn1,46,respond_to_user,5,1.0,1.0,respond_to_user,1.0,1
llm:local/qwen3-8b,47/t0/turn0,47,respond_to_user,5,0.0,0.0,get_user_details,1.0,1
llm:local/qwen3-8b,47/t0/turn1,47,get_reservation_details,5,1.0,1.0,get_reservation_details,1.0,1
llm:local/qwen3-8b,47/t0/turn2,47,respond_to_user,5,0.0,0.0,cancel_reservation,1.0,1
llm:local/qwen3-8b,47/t0/turn3,47,respond_to_user,5,0.0,0.0,transfer_to_human_agents,1.0,1
llm:local/qwen3-8b,47/t0/turn4,47,respond_to_user,5,1.0,1.0,respond_to_user,1.0,1
llm:local/qwen3-8b,47/t0/turn5,47,respond_to_user,5,1.0,1.0,respond_to_user,1.0,1
llm:local/qwen3-8b,47/t0/turn6,47,respond_to_user,5,0.0,0.0,transfer_to_human_agents,1.0,1
llm:local/qwen3-8b,47/t0/turn7,47,respond_to_user,5,1.0,1.0,respond_to_user,1.0,1
llm:local/qwen3-8b,47/t1/turn0,47,respond_to_user,5,0.0,0.0,get_user_details,1.0,1
llm:local/qwen3-8b,47/t1/turn1,47,get_user_details,5,0.0,0.0,cancel_reservation,1.0,1
llm:local/qwen3-8b,47/t1/turn2,47,get_reservation_details,5,1.0,1.0,get_reservation_details,1.0,1
llm:local/qwen3-8b,47/t1/turn3,47,get_flight_status,5,0.0,0.0,respond_to_user,1.0,1
llm:local/qwen3-8b,47/t1/turn4,47,respond_to_user,5,1.0,1.0,respond_to_user,1.0,1
llm:local/qwen3-8b,47/t1/turn5,47,transfer_to_human_agents,5,0.0,0.0,respond_to_user,1.0,1
llm:local/qwen3-8b,47/t1/turn6,47,respond_to_user,5,1.0,1.0,respond_to_user,1.0,1
llm:local/qwen3-8b,47/t2/turn0,47,respond_to_user,5,0.0,0.0,get_user_details,1.0,1
llm:local/qwen3-8b,47/t2/turn1,47,get_user_details,5,0.0,0.0,cancel_reservation,1.0,1
llm:local/qwen3-8b,47/t2/turn2,47,respond_to_user,5,1.0,1.0,respond_to_user,1.0,1
llm:local/qwen3-8b,47/t2/turn3,47,respond_to_user,5,0.8,0.8,respond_to_user,0.8,2
llm:local/qwen3-8b,47/t2/turn4,47,respond_to_user,5,0.0,0.0,transfer_to_human_agents,1.0,1
llm:local/qwen3-8b,47/t2/turn5,47,respond_to_user,5,0.6,0.6,respond_to_user,0.6,2
llm:local/qwen3-8b,47/t2/turn6,47,transfer_to_human_agents,5,0.0,0.0,respond_to_user,1.0,1
llm:local/qwen3-8b,47/t2/turn7,47,respond_to_user,5,1.0,1.0,respond_to_user,1.0,1
llm:local/qwen3-8b,48/t0/turn0,48,respond_to_user,5,0.0,0.0,get_user_details,1.0,1
llm:local/qwen3-8b,48/t0/turn1,48,get_reservation_details,5,0.0,0.0,cancel_reservation,1.0,1
llm:local/qwen3-8b,48/t0/turn2,48,respond_to_user,5,0.0,0.0,cancel_reservation,1.0,1
llm:local/qwen3-8b,48/t0/turn3,48,get_reservation_details,5,1.0,1.0,get_reservation_details,1.0,1
llm:local/qwen3-8b,48/t0/turn4,48,transfer_to_human_agents,5,1.0,1.0,transfer_to_human_agents,1.0,1
llm:local/qwen3-8b,48/t0/turn5,48,respond_to_user,5,1.0,1.0,respond_to_user,1.0,1
llm:local/qwen3-8b,48/t1/turn0,48,respond_to_user,5,0.0,0.0,get_user_details,1.0,1
llm:local/qwen3-8b,48/t1/turn1,48,get_reservation_details,5,0.0,0.0,cancel_reservation,1.0,1
llm:local/qwen3-8b,48/t1/turn2,48,respond_to_user,5,0.0,0.0,cancel_reservation,1.0,1
llm:local/qwen3-8b,48/t1/turn3,48,get_reservation_details,5,0.0,0.0,transfer_to_human_agents,1.0,1
llm:local/qwen3-8b,48/t1/turn4,48,transfer_to_human_agents,5,1.0,1.0,transfer_to_human_agents,1.0,1
llm:local/qwen3-8b,48/t1/turn5,48,respond_to_user,5,1.0,1.0,respond_to_user,1.0,1
llm:local/qwen3-8b,48/t2/turn0,48,respond_to_user,5,0.0,0.0,get_user_details,1.0,1
llm:local/qwen3-8b,48/t2/turn1,48,get_reservation_details,5,0.0,0.0,cancel_reservation,1.0,1
llm:local/qwen3-8b,48/t2/turn2,48,respond_to_user,5,0.0,0.0,cancel_reservation,1.0,1
llm:local/qwen3-8b,48/t2/turn3,48,get_reservation_details,5,0.0,0.0,transfer_to_human_agents,1.0,1
llm:local/qwen3-8b,48/t2/turn4,48,transfer_to_human_agents,5,1.0,1.0,transfer_to_human_agents,1.0,1
llm:local/qwen3-8b,48/t2/turn5,48,respond_to_user,5,1.0,1.0,respond_to_user,1.0,1
llm:local/qwen3-8b,49/t0/turn0,49,respond_to_user,5,0.0,1.0,get_reservation_details,1.0,1
llm:local/qwen3-8b,49/t0/turn1,49,get_reservation_details,5,1.0,1.0,get_reservation_details,1.0,1
llm:local/qwen3-8b,49/t0/turn2,49,transfer_to_human_agents,5,0.0,0.0,cancel_reservation,0.8,2
llm:local/qwen3-8b,49/t0/turn3,49,respond_to_user,5,1.0,1.0,respond_to_user,1.0,1
llm:local/qwen3-8b,49/t1/turn0,49,respond_to_user,5,0.0,0.0,get_user_details,1.0,1
llm:local/qwen3-8b,49/t1/turn1,49,get_reservation_details,5,1.0,1.0,get_reservation_details,1.0,1
llm:local/qwen3-8b,49/t1/turn2,49,respond_to_user,5,1.0,1.0,respond_to_user,1.0,1
llm:local/qwen3-8b,49/t1/turn3,49,get_user_details,5,0.0,0.0,transfer_to_human_agents,1.0,1
llm:local/qwen3-8b,49/t1/turn4,49,transfer_to_human_agents,5,0.0,0.0,respond_to_user,1.0,1
llm:local/qwen3-8b,49/t1/turn5,49,respond_to_user,5,1.0,1.0,respond_to_user,1.0,1
llm:local/qwen3-8b,49/t2/turn0,49,respond_to_user,5,0.0,1.0,get_reservation_details,1.0,1
llm:local/qwen3-8b,49/t2/turn1,49,get_reservation_details,5,1.0,1.0,get_reservation_details,1.0,1
llm:local/qwen3-8b,49/t2/turn2,49,respond_to_user,5,0.2,0.2,cancel_reservation,0.8,2
llm:local/qwen3-8b,49/t2/turn3,49,get_user_details,5,1.0,1.0,get_user_details,1.0,1
llm:local/qwen3-8b,49/t2/turn4,49,transfer_to_human_agents,5,0.0,0.0,respond_to_user,1.0,1
llm:local/qwen3-8b,49/t2/turn5,49,respond_to_user,5,1.0,1.0,respond_to_user,1.0,1
llm:local/qwen3-8b,5/t0/turn0,5,respond_to_user,5,0.0,0.0,get_flight_status,1.0,1
llm:local/qwen3-8b,5/t0/turn1,5,respond_to_user,5,1.0,1.0,respond_to_user,1.0,1
llm:local/qwen3-8b,5/t0/turn2,5,respond_to_user,5,0.0,0.0,transfer_to_human_agents,1.0,1
llm:local/qwen3-8b,5/t1/turn0,5,respond_to_user,5,0.0,0.0,get_flight_status,1.0,1
llm:local/qwen3-8b,5/t1/turn1,5,get_user_details,5,0.2,0.2,get_reservation_details,0.8,2
llm:local/qwen3-8b,5/t1/turn10,5,transfer_to_human_agents,5,0.0,0.0,respond_to_user,1.0,1
llm:local/qwen3-8b,5/t1/turn11,5,respond_to_user,5,1.0,1.0,respond_to_user,1.0,1
llm:local/qwen3-8b,5/t1/turn2,5,get_reservation_details,5,0.0,0.0,get_flight_status,1.0,1
llm:local/qwen3-8b,5/t1/turn3,5,get_reservation_details,5,0.0,0.0,get_flight_status,1.0,1
llm:local/qwen3-8b,5/t1/turn4,5,get_reservation_details,5,0.0,0.0,get_flight_status,1.0,1
llm:local/qwen3-8b,5/t1/turn5,5,get_flight_status,5,1.0,1.0,get_flight_status,1.0,1
llm:local/qwen3-8b,5/t1/turn6,5,respond_to_user,5,1.0,1.0,respond_to_user,1.0,1
llm:local/qwen3-8b,5/t1/turn7,5,respond_to_user,5,1.0,1.0,respond_to_user,1.0,1
llm:local/qwen3-8b,5/t1/turn8,5,get_user_details,5,0.0,0.0,transfer_to_human_agents,1.0,1
llm:local/qwen3-8b,5/t1/turn9,5,respond_to_user,5,1.0,1.0,respond_to_user,1.0,1
llm:local/qwen3-8b,5/t2/turn0,5,respond_to_user,5,0.0,0.0,get_flight_status,1.0,1
llm:local/qwen3-8b,5/t2/turn1,5,respond_to_user,5,1.0,1.0,respond_to_user,1.0,1
llm:local/qwen3-8b,5/t2/turn2,5,respond_to_user,5,1.0,1.0,respond_to_user,1.0,1
llm:local/qwen3-8b,5/t2/turn3,5,respond_to_user,5,1.0,1.0,respond_to_user,1.0,1
llm:local/qwen3-8b,6/t0/turn0,6,respond_to_user,5,0.0,1.0,get_reservation_details,1.0,1
llm:local/qwen3-8b,6/t0/turn1,6,get_reservation_details,5,1.0,1.0,get_reservation_details,1.0,1
llm:local/qwen3-8b,6/t0/turn2,6,respond_to_user,5,1.0,1.0,respond_to_user,1.0,1
llm:local/qwen3-8b,6/t0/turn3,6,respond_to_user,5,1.0,1.0,respond_to_user,1.0,1
llm:local/qwen3-8b,6/t0/turn4,6,transfer_to_human_agents,5,0.4,0.4,respond_to_user,0.6,2
llm:local/qwen3-8b,6/t0/turn5,6,respond_to_user,5,1.0,1.0,respond_to_user,1.0,1
llm:local/qwen3-8b,6/t1/turn0,6,respond_to_user,5,0.0,1.0,get_reservation_details,1.0,1
llm:local/qwen3-8b,6/t1/turn1,6,get_reservation_details,5,1.0,1.0,get_reservation_details,1.0,1
llm:local/qwen3-8b,6/t1/turn2,6,respond_to_user,5,1.0,1.0,respond_to_user,1.0,1
llm:local/qwen3-8b,6/t1/turn3,6,respond_to_user,5,0.0,0.0,transfer_to_human_agents,1.0,1
llm:local/qwen3-8b,6/t1/turn4,6,get_flight_status,5,0.0,0.0,respond_to_user,1.0,1
llm:local/qwen3-8b,6/t1/turn5,6,get_flight_status,5,0.0,0.0,respond_to_user,1.0,1
llm:local/qwen3-8b,6/t1/turn6,6,respond_to_user,5,1.0,1.0,respond_to_user,1.0,1
llm:local/qwen3-8b,6/t1/turn7,6,respond_to_user,5,1.0,1.0,respond_to_user,1.0,1
llm:local/qwen3-8b,6/t1/turn8,6,respond_to_user,5,1.0,1.0,respond_to_user,1.0,1
llm:local/qwen3-8b,6/t2/turn0,6,respond_to_user,5,0.0,1.0,get_reservation_details,1.0,1
llm:local/qwen3-8b,6/t2/turn1,6,get_reservation_details,5,1.0,1.0,get_reservation_details,1.0,1
llm:local/qwen3-8b,6/t2/turn2,6,respond_to_user,5,1.0,1.0,respond_to_user,1.0,1
llm:local/qwen3-8b,6/t2/turn3,6,respond_to_user,5,0.0,0.0,transfer_to_human_agents,1.0,1
llm:local/qwen3-8b,6/t2/turn4,6,respond_to_user,5,1.0,1.0,respond_to_user,1.0,1
llm:local/qwen3-8b,6/t2/turn5,6,get_flight_status,5,0.0,0.0,respond_to_user,1.0,1
llm:local/qwen3-8b,6/t2/turn6,6,get_flight_status,5,0.0,0.0,respond_to_user,1.0,1
llm:local/qwen3-8b,6/t2/turn7,6,respond_to_user,5,1.0,1.0,respond_to_user,1.0,1
llm:local/qwen3-8b,6/t2/turn8,6,respond_to_user,5,1.0,1.0,respond_to_user,1.0,1
llm:local/qwen3-8b,8/t1/turn0,8,respond_to_user,5,0.0,1.0,search_direct_flight,1.0,1
llm:local/qwen3-8b,8/t1/turn1,8,get_user_details,5,0.0,1.0,search_direct_flight,1.0,1
llm:local/qwen3-8b,8/t1/turn10,8,respond_to_user,5,0.0,0.0,book_reservation,1.0,1
llm:local/qwen3-8b,8/t1/turn11,8,book_reservation,5,1.0,1.0,book_reservation,1.0,1
llm:local/qwen3-8b,8/t1/turn12,8,respond_to_user,5,1.0,1.0,respond_to_user,1.0,1
llm:local/qwen3-8b,8/t1/turn2,8,get_reservation_details,5,0.0,1.0,search_direct_flight,1.0,1
llm:local/qwen3-8b,8/t1/turn3,8,get_reservation_details,5,0.0,0.0,respond_to_user,1.0,1
llm:local/qwen3-8b,8/t1/turn4,8,get_reservation_details,5,0.0,0.0,respond_to_user,1.0,1
llm:local/qwen3-8b,8/t1/turn5,8,get_reservation_details,5,0.0,0.0,respond_to_user,1.0,1
llm:local/qwen3-8b,8/t1/turn6,8,get_reservation_details,5,0.0,0.0,respond_to_user,1.0,1
llm:local/qwen3-8b,8/t1/turn7,8,search_direct_flight,5,0.0,0.0,respond_to_user,1.0,1
llm:local/qwen3-8b,8/t1/turn8,8,respond_to_user,5,1.0,1.0,respond_to_user,1.0,1
llm:local/qwen3-8b,8/t1/turn9,8,respond_to_user,5,0.0,0.0,book_reservation,1.0,1
llm:local/qwen3-8b,8/t2/turn0,8,respond_to_user,5,0.0,1.0,get_user_details,1.0,1
llm:local/qwen3-8b,8/t2/turn1,8,get_user_details,5,0.0,1.0,search_direct_flight,1.0,1
llm:local/qwen3-8b,8/t2/turn10,8,book_reservation,5,1.0,1.0,book_reservation,1.0,1
llm:local/qwen3-8b,8/t2/turn11,8,respond_to_user,5,1.0,1.0,respond_to_user,1.0,1
llm:local/qwen3-8b,8/t2/turn2,8,get_reservation_details,5,0.0,1.0,search_direct_flight,1.0,1
llm:local/qwen3-8b,8/t2/turn3,8,get_reservation_details,5,0.0,1.0,search_direct_flight,1.0,1
llm:local/qwen3-8b,8/t2/turn4,8,get_reservation_details,5,0.0,0.8,search_direct_flight,0.8,2
llm:local/qwen3-8b,8/t2/turn5,8,get_reservation_details,5,0.0,1.0,search_direct_flight,1.0,1
llm:local/qwen3-8b,8/t2/turn6,8,get_reservation_details,5,0.0,0.2,respond_to_user,0.8,2
llm:local/qwen3-8b,8/t2/turn7,8,search_direct_flight,5,0.0,0.0,respond_to_user,1.0,1
llm:local/qwen3-8b,8/t2/turn8,8,respond_to_user,5,1.0,1.0,respond_to_user,1.0,1
llm:local/qwen3-8b,8/t2/turn9,8,respond_to_user,5,0.0,0.0,book_reservation,1.0,1
llm:local/qwen3-8b,9/t0/turn0,9,respond_to_user,5,0.0,0.0,get_user_details,1.0,1
llm:local/qwen3-8b,9/t0/turn1,9,get_user_details,5,0.0,0.0,get_reservation_details,1.0,1
llm:local/qwen3-8b,9/t0/turn2,9,get_reservation_details,5,0.0,0.0,cancel_reservation,1.0,1
llm:local/qwen3-8b,9/t0/turn3,9,get_reservation_details,5,0.0,0.0,respond_to_user,0.6,2
llm:local/qwen3-8b,9/t0/turn4,9,get_reservation_details,5,0.0,0.0,respond_to_user,0.6,2
llm:local/qwen3-8b,9/t0/turn5,9,search_direct_flight,5,0.0,0.0,cancel_reservation,1.0,1
llm:local/qwen3-8b,9/t0/turn6,9,get_flight_status,5,0.0,0.0,respond_to_user,1.0,1
llm:local/qwen3-8b,9/t0/turn7,9,transfer_to_human_agents,5,0.0,0.0,respond_to_user,1.0,1
llm:local/qwen3-8b,9/t0/turn8,9,respond_to_user,5,1.0,1.0,respond_to_user,1.0,1
llm:local/qwen3-8b,9/t1/turn0,9,respond_to_user,5,0.0,0.0,get_user_details,1.0,1
llm:local/qwen3-8b,9/t1/turn1,9,get_user_details,5,0.0,0.0,get_reservation_details,1.0,1
llm:local/qwen3-8b,9/t1/turn10,9,respond_to_user,5,1.0,1.0,respond_to_user,1.0,1
llm:local/qwen3-8b,9/t1/turn2,9,get_reservation_details,5,0.0,0.0,cancel_reservation,1.0,1
llm:local/qwen3-8b,9/t1/turn3,9,get_reservation_details,5,0.0,0.0,cancel_reservation,1.0,1
llm:local/qwen3-8b,9/t1/turn4,9,get_reservation_details,5,0.0,0.0,respond_to_user,0.8,2
llm:local/qwen3-8b,9/t1/turn5,9,get_flight_status,5,0.0,0.0,cancel_reservation,0.6,2
llm:local/qwen3-8b,9/t1/turn6,9,get_flight_status,5,0.0,0.0,respond_to_user,1.0,1
llm:local/qwen3-8b,9/t1/turn7,9,get_flight_status,5,0.0,0.0,respond_to_user,1.0,1
llm:local/qwen3-8b,9/t1/turn8,9,search_direct_flight,5,0.0,0.0,cancel_reservation,1.0,1
llm:local/qwen3-8b,9/t1/turn9,9,transfer_to_human_agents,5,0.0,0.0,respond_to_user,1.0,1
llm:local/qwen3-8b,9/t2/turn0,9,respond_to_user,5,0.0,0.0,get_user_details,1.0,1
llm:local/qwen3-8b,9/t2/turn1,9,get_user_details,5,0.0,0.0,get_reservation_details,1.0,1
llm:local/qwen3-8b,9/t2/turn2,9,get_reservation_details,5,0.0,0.0,respond_to_user,0.8,2
llm:local/qwen3-8b,9/t2/turn3,9,get_reservation_details,5,0.0,0.0,respond_to_user,1.0,1
llm:local/qwen3-8b,9/t2/turn4,9,get_reservation_details,5,0.0,0.0,respond_to_user,1.0,1
llm:local/qwen3-8b,9/t2/turn5,9,get_flight_status,5,0.0,0.0,respond_to_user,0.6,2
llm:local/qwen3-8b,9/t2/turn6,9,search_direct_flight,5,0.0,0.0,respond_to_user,1.0,1
llm:local/qwen3-8b,9/t2/turn7,9,transfer_to_human_agents,5,0.0,0.0,respond_to_user,1.0,1
llm:local/qwen3-8b,9/t2/turn8,9,respond_to_user,5,1.0,1.0,respond_to_user,1.0,1
llm:openrouter/openai/gpt-oss-20b,0/t0/turn0,0,respond_to_user,5,1.0,1.0,respond_to_user,1.0,1
llm:openrouter/openai/gpt-oss-20b,0/t0/turn1,0,get_reservation_details,4,0.75,0.75,get_reservation_details,0.75,2
llm:openrouter/openai/gpt-oss-20b,0/t0/turn2,0,respond_to_user,5,0.2,0.2,transfer_to_human_agents,0.8,2
llm:openrouter/openai/gpt-oss-20b,0/t0/turn3,0,transfer_to_human_agents,3,0.0,0.0,respond_to_user,1.0,1
llm:openrouter/openai/gpt-oss-20b,0/t0/turn4,0,respond_to_user,5,1.0,1.0,respond_to_user,1.0,1
llm:openrouter/openai/gpt-oss-20b,0/t1/turn0,0,respond_to_user,5,1.0,1.0,respond_to_user,1.0,1
llm:openrouter/openai/gpt-oss-20b,0/t1/turn1,0,get_user_details,3,0.0,0.0,get_reservation_details,1.0,1
llm:openrouter/openai/gpt-oss-20b,0/t1/turn2,0,respond_to_user,5,0.6,0.6,respond_to_user,0.6,2
llm:openrouter/openai/gpt-oss-20b,0/t1/turn3,0,respond_to_user,4,1.0,1.0,respond_to_user,1.0,1
llm:openrouter/openai/gpt-oss-20b,0/t2/turn0,0,respond_to_user,4,0.75,0.75,respond_to_user,0.75,2
llm:openrouter/openai/gpt-oss-20b,0/t2/turn1,0,get_user_details,4,0.0,0.0,get_reservation_details,1.0,1
llm:openrouter/openai/gpt-oss-20b,0/t2/turn2,0,get_reservation_details,4,1.0,1.0,get_reservation_details,1.0,1
llm:openrouter/openai/gpt-oss-20b,0/t2/turn3,0,get_flight_status,3,0.0,0.0,transfer_to_human_agents,1.0,1
llm:openrouter/openai/gpt-oss-20b,0/t2/turn4,0,respond_to_user,4,0.75,0.75,respond_to_user,0.75,2
llm:openrouter/openai/gpt-oss-20b,0/t2/turn5,0,respond_to_user,3,1.0,1.0,respond_to_user,1.0,1
llm:openrouter/openai/gpt-oss-20b,1/t0/turn0,1,respond_to_user,3,1.0,1.0,respond_to_user,1.0,1
llm:openrouter/openai/gpt-oss-20b,1/t0/turn1,1,get_user_details,4,1.0,1.0,get_user_details,1.0,1
llm:openrouter/openai/gpt-oss-20b,1/t0/turn10,1,respond_to_user,4,0.0,0.0,transfer_to_human_agents,1.0,1
llm:openrouter/openai/gpt-oss-20b,1/t0/turn11,1,transfer_to_human_agents,2,1.0,1.0,transfer_to_human_agents,1.0,1
llm:openrouter/openai/gpt-oss-20b,1/t0/turn12,1,respond_to_user,4,1.0,1.0,respond_to_user,1.0,1
llm:openrouter/openai/gpt-oss-20b,1/t0/turn2,1,get_reservation_details,4,1.0,1.0,get_reservation_details,1.0,1
llm:openrouter/openai/gpt-oss-20b,1/t0/turn3,1,get_reservation_details,5,0.6,0.6,get_reservation_details,0.6,2
llm:openrouter/openai/gpt-oss-20b,1/t0/turn4,1,get_reservation_details,5,1.0,1.0,get_reservation_details,1.0,1
llm:openrouter/openai/gpt-oss-20b,1/t0/turn5,1,get_reservation_details,4,1.0,1.0,get_reservation_details,1.0,1
llm:openrouter/openai/gpt-oss-20b,1/t0/turn6,1,get_reservation_details,4,0.0,0.0,respond_to_user,1.0,1
llm:openrouter/openai/gpt-oss-20b,1/t0/turn7,1,get_flight_status,4,0.0,0.0,transfer_to_human_agents,0.75,2
llm:openrouter/openai/gpt-oss-20b,1/t0/turn8,1,get_flight_status,5,0.0,0.0,transfer_to_human_agents,0.8,2
llm:openrouter/openai/gpt-oss-20b,1/t0/turn9,1,get_flight_status,5,0.0,0.0,transfer_to_human_agents,1.0,1
llm:openrouter/openai/gpt-oss-20b,1/t1/turn0,1,respond_to_user,4,1.0,1.0,respond_to_user,1.0,1
llm:openrouter/openai/gpt-oss-20b,1/t1/turn1,1,get_user_details,5,1.0,1.0,get_user_details,1.0,1
llm:openrouter/openai/gpt-oss-20b,1/t1/turn10,1,get_flight_status,4,0.0,0.0,respond_to_user,0.75,2
llm:openrouter/openai/gpt-oss-20b,1/t1/turn11,1,respond_to_user,3,1.0,1.0,respond_to_user,1.0,1
llm:openrouter/openai/gpt-oss-20b,1/t1/turn2,1,get_reservation_details,5,1.0,1.0,get_reservation_details,1.0,1
llm:openrouter/openai/gpt-oss-20b,1/t1/turn3,1,get_reservation_details,5,1.0,1.0,get_reservation_details,1.0,1
llm:openrouter/openai/gpt-oss-20b,1/t1/turn4,1,get_reservation_details,5,1.0,1.0,get_reservation_details,1.0,1
llm:openrouter/openai/gpt-oss-20b,1/t1/turn5,1,get_reservation_details,2,0.0,0.0,respond_to_user,1.0,1
llm:openrouter/openai/gpt-oss-20b,1/t1/turn6,1,get_reservation_details,3,0.6666666666666666,0.6666666666666666,get_reservation_details,0.6666666666666666,2
llm:openrouter/openai/gpt-oss-20b,1/t1/turn7,1,respond_to_user,3,0.0,0.0,transfer_to_human_agents,1.0,1
llm:openrouter/openai/gpt-oss-20b,1/t1/turn8,1,get_flight_status,4,0.0,0.0,respond_to_user,1.0,1
llm:openrouter/openai/gpt-oss-20b,1/t1/turn9,1,get_flight_status,4,0.0,0.0,respond_to_user,1.0,1
llm:openrouter/openai/gpt-oss-20b,1/t2/turn0,1,respond_to_user,5,1.0,1.0,respond_to_user,1.0,1
llm:openrouter/openai/gpt-oss-20b,1/t2/turn1,1,get_user_details,5,1.0,1.0,get_user_details,1.0,1
llm:openrouter/openai/gpt-oss-20b,1/t2/turn2,1,get_reservation_details,5,0.8,0.8,get_reservation_details,0.8,2
llm:openrouter/openai/gpt-oss-20b,1/t2/turn3,1,get_reservation_details,4,0.25,0.25,respond_to_user,0.75,2
llm:openrouter/openai/gpt-oss-20b,1/t2/turn4,1,get_reservation_details,4,0.25,0.25,respond_to_user,0.75,2
llm:openrouter/openai/gpt-oss-20b,1/t2/turn5,1,get_reservation_details,3,1.0,1.0,get_reservation_details,1.0,1
llm:openrouter/openai/gpt-oss-20b,1/t2/turn6,1,get_reservation_details,5,0.2,0.2,respond_to_user,0.8,2
llm:openrouter/openai/gpt-oss-20b,1/t2/turn7,1,respond_to_user,3,0.3333333333333333,0.3333333333333333,transfer_to_human_agents,0.6666666666666666,2
llm:openrouter/openai/gpt-oss-20b,10/t0/turn0,10,respond_to_user,4,1.0,1.0,respond_to_user,1.0,1
llm:openrouter/openai/gpt-oss-20b,10/t0/turn1,10,get_user_details,4,1.0,1.0,get_user_details,1.0,1
llm:openrouter/openai/gpt-oss-20b,10/t0/turn10,10,respond_to_user,5,1.0,1.0,respond_to_user,1.0,1
llm:openrouter/openai/gpt-oss-20b,10/t0/turn11,10,respond_to_user,5,1.0,1.0,respond_to_user,1.0,1
llm:openrouter/openai/gpt-oss-20b,10/t0/turn2,10,get_reservation_details,2,0.5,0.5,respond_to_user,0.5,2
llm:openrouter/openai/gpt-oss-20b,10/t0/turn3,10,search_onestop_flight,3,0.0,0.0,respond_to_user,1.0,1
llm:openrouter/openai/gpt-oss-20b,10/t0/turn4,10,search_direct_flight,2,0.0,0.0,respond_to_user,1.0,1
llm:openrouter/openai/gpt-oss-20b,10/t0/turn5,10,search_direct_flight,3,0.0,0.0,respond_to_user,1.0,1
llm:openrouter/openai/gpt-oss-20b,10/t0/turn6,10,search_direct_flight,4,0.0,0.0,respond_to_user,1.0,1
llm:openrouter/openai/gpt-oss-20b,10/t0/turn7,10,respond_to_user,2,1.0,1.0,respond_to_user,1.0,1
llm:openrouter/openai/gpt-oss-20b,10/t0/turn8,10,respond_to_user,4,1.0,1.0,respond_to_user,1.0,1
llm:openrouter/openai/gpt-oss-20b,10/t0/turn9,10,respond_to_user,2,1.0,1.0,respond_to_user,1.0,1
llm:openrouter/openai/gpt-oss-20b,10/t1/turn0,10,respond_to_user,4,1.0,1.0,respond_to_user,1.0,1
llm:openrouter/openai/gpt-oss-20b,10/t1/turn1,10,get_user_details,2,1.0,1.0,get_user_details,1.0,1
llm:openrouter/openai/gpt-oss-20b,10/t1/turn10,10,respond_to_user,1,1.0,1.0,respond_to_user,1.0,1
llm:openrouter/openai/gpt-oss-20b,10/t1/turn2,10,get_reservation_details,4,0.5,0.5,get_reservation_details,0.5,2
llm:openrouter/openai/gpt-oss-20b,10/t1/turn3,10,respond_to_user,4,0.75,0.75,respond_to_user,0.75,2
llm:openrouter/openai/gpt-oss-20b,10/t1/turn4,10,search_direct_flight,5,0.2,0.2,respond_to_user,0.6,3
llm:openrouter/openai/gpt-oss-20b,10/t1/turn5,10,search_onestop_flight,4,0.5,0.5,respond_to_user,0.5,2
llm:openrouter/openai/gpt-oss-20b,10/t1/turn6,10,search_direct_flight,4,0.25,0.25,respond_to_user,0.75,2
llm:openrouter/openai/gpt-oss-20b,10/t1/turn7,10,search_direct_flight,5,0.4,0.4,respond_to_user,0.4,3
llm:openrouter/openai/gpt-oss-20b,10/t1/turn8,10,respond_to_user,1,1.0,1.0,respond_to_user,1.0,1
llm:openrouter/openai/gpt-oss-20b,10/t1/turn9,10,respond_to_user,3,0.6666666666666666,0.6666666666666666,respond_to_user,0.6666666666666666,2
llm:openrouter/openai/gpt-oss-20b,10/t2/turn0,10,respond_to_user,4,1.0,1.0,respond_to_user,1.0,1
llm:openrouter/openai/gpt-oss-20b,10/t2/turn1,10,get_user_details,5,1.0,1.0,get_user_details,1.0,1
llm:openrouter/openai/gpt-oss-20b,10/t2/turn2,10,get_reservation_details,1,1.0,1.0,get_reservation_details,1.0,1
llm:openrouter/openai/gpt-oss-20b,10/t2/turn3,10,search_direct_flight,4,0.25,0.25,search_onestop_flight,0.5,3
llm:openrouter/openai/gpt-oss-20b,10/t2/turn4,10,search_onestop_flight,3,1.0,1.0,search_onestop_flight,1.0,1
llm:openrouter/openai/gpt-oss-20b,10/t2/turn5,10,search_direct_flight,3,0.3333333333333333,0.3333333333333333,respond_to_user,0.6666666666666666,2
llm:openrouter/openai/gpt-oss-20b,10/t2/turn6,10,search_direct_flight,2,0.0,0.0,respond_to_user,1.0,1
llm:openrouter/openai/gpt-oss-20b,10/t2/turn7,10,respond_to_user,3,1.0,1.0,respond_to_user,1.0,1
llm:openrouter/openai/gpt-oss-20b,10/t2/turn8,10,respond_to_user,1,1.0,1.0,respond_to_user,1.0,1
llm:openrouter/openai/gpt-oss-20b,10/t2/turn9,10,respond_to_user,2,1.0,1.0,respond_to_user,1.0,1
llm:openrouter/openai/gpt-oss-20b,11/t0/turn0,11,respond_to_user,4,0.5,0.5,respond_to_user,0.5,2
llm:openrouter/openai/gpt-oss-20b,11/t0/turn1,11,get_user_details,5,1.0,1.0,get_user_details,1.0,1
llm:openrouter/openai/gpt-oss-20b,11/t0/turn2,11,get_reservation_details,3,0.0,0.0,respond_to_user,1.0,1
llm:openrouter/openai/gpt-oss-20b,11/t0/turn3,11,get_reservation_details,5,0.2,0.2,search_direct_flight,0.4,3
llm:openrouter/openai/gpt-oss-20b,11/t0/turn4,11,get_reservation_details,4,0.25,0.25,respond_to_user,0.75,2
llm:openrouter/openai/gpt-oss-20b,11/t0/turn5,11,search_direct_flight,4,0.0,0.0,respond_to_user,1.0,1
llm:openrouter/openai/gpt-oss-20b,11/t0/turn6,11,respond_to_user,5,1.0,1.0,respond_to_user,1.0,1
llm:openrouter/openai/gpt-oss-20b,11/t0/turn7,11,update_reservation_flights,5,1.0,1.0,update_reservation_flights,1.0,1
llm:openrouter/openai/gpt-oss-20b,11/t0/turn8,11,respond_to_user,5,1.0,1.0,respond_to_user,1.0,1
llm:openrouter/openai/gpt-oss-20b,11/t1/turn0,11,respond_to_user,2,1.0,1.0,respond_to_user,1.0,1
llm:openrouter/openai/gpt-oss-20b,11/t1/turn1,11,get_user_details,5,1.0,1.0,get_user_details,1.0,1
llm:openrouter/openai/gpt-oss-20b,11/t1/turn2,11,get_reservation_details,4,0.75,0.75,get_reservation_details,0.75,2
llm:openrouter/openai/gpt-oss-20b,11/t1/turn3,11,get_reservation_details,2,0.5,0.5,get_reservation_details,0.5,2
llm:openrouter/openai/gpt-oss-20b,11/t1/turn4,11,get_reservation_details,3,1.0,1.0,get_reservation_details,1.0,1
llm:openrouter/openai/gpt-oss-20b,11/t1/turn5,11,search_direct_flight,4,0.5,0.5,respond_to_user,0.5,2
llm:openrouter/openai/gpt-oss-20b,11/t1/turn6,11,search_direct_flight,4,0.75,0.75,search_direct_flight,0.75,2
llm:openrouter/openai/gpt-oss-20b,11/t1/turn7,11,respond_to_user,3,1.0,1.0,respond_to_user,1.0,1
llm:openrouter/openai/gpt-oss-20b,11/t1/turn8,11,update_reservation_flights,3,1.0,1.0,update_reservation_flights,1.0,1
llm:openrouter/openai/gpt-oss-20b,11/t1/turn9,11,respond_to_user,4,1.0,1.0,respond_to_user,1.0,1
llm:openrouter/openai/gpt-oss-20b,11/t2/turn0,11,respond_to_user,5,0.6,0.6,respond_to_user,0.6,2
llm:openrouter/openai/gpt-oss-20b,11/t2/turn1,11,respond_to_user,5,0.8,0.8,respond_to_user,0.8,2
llm:openrouter/openai/gpt-oss-20b,11/t2/turn10,11,respond_to_user,5,1.0,1.0,respond_to_user,1.0,1
llm:openrouter/openai/gpt-oss-20b,11/t2/turn11,11,update_reservation_flights,5,0.8,0.8,update_reservation_flights,0.8,2
llm:openrouter/openai/gpt-oss-20b,11/t2/turn12,11,respond_to_user,4,1.0,1.0,respond_to_user,1.0,1
llm:openrouter/openai/gpt-oss-20b,11/t2/turn2,11,get_user_details,4,1.0,1.0,get_user_details,1.0,1
llm:openrouter/openai/gpt-oss-20b,11/t2/turn3,11,get_reservation_details,5,0.8,0.8,get_reservation_details,0.8,2
llm:openrouter/openai/gpt-oss-20b,11/t2/turn4,11,get_reservation_details,4,0.75,0.75,get_reservation_details,0.75,2
llm:openrouter/openai/gpt-oss-20b,11/t2/turn5,11,get_reservation_details,4,0.5,0.5,get_reservation_details,0.5,2
llm:openrouter/openai/gpt-oss-20b,11/t2/turn6,11,get_flight_status,5,0.2,0.2,respond_to_user,0.4,3
llm:openrouter/openai/gpt-oss-20b,11/t2/turn7,11,get_flight_status,4,0.25,0.25,respond_to_user,0.5,3
llm:openrouter/openai/gpt-oss-20b,11/t2/turn8,11,search_direct_flight,5,0.6,0.6,search_direct_flight,0.6,2
llm:openrouter/openai/gpt-oss-20b,11/t2/turn9,11,search_direct_flight,5,0.4,0.4,respond_to_user,0.6,2
llm:openrouter/openai/gpt-oss-20b,12/t0/turn0,12,respond_to_user,5,0.8,1.0,respond_to_user,0.8,2
llm:openrouter/openai/gpt-oss-20b,12/t0/turn1,12,get_reservation_details,3,1.0,1.0,get_reservation_details,1.0,1
llm:openrouter/openai/gpt-oss-20b,12/t0/turn2,12,search_direct_flight,3,0.3333333333333333,0.3333333333333333,respond_to_user,0.6666666666666666,2
llm:openrouter/openai/gpt-oss-20b,12/t0/turn3,12,search_direct_flight,4,0.5,0.5,respond_to_user,0.5,2
llm:openrouter/openai/gpt-oss-20b,12/t0/turn4,12,get_user_details,4,0.0,0.0,respond_to_user,1.0,1
llm:openrouter/openai/gpt-oss-20b,12/t0/turn5,12,respond_to_user,5,1.0,1.0,respond_to_user,1.0,1
llm:openrouter/openai/gpt-oss-20b,12/t0/turn6,12,update_reservation_baggages,4,0.0,0.0,respond_to_user,1.0,1
llm:openrouter/openai/gpt-oss-20b,12/t0/turn7,12,respond_to_user,5,1.0,1.0,respond_to_user,1.0,1
llm:openrouter/openai/gpt-oss-20b,12/t1/turn0,12,respond_to_user,3,0.6666666666666666,1.0,respond_to_user,0.6666666666666666,2
llm:openrouter/openai/gpt-oss-20b,12/t1/turn1,12,get_reservation_details,5,0.8,0.8,get_reservation_details,0.8,2
llm:openrouter/openai/gpt-oss-20b,12/t1/turn2,12,search_direct_flight,3,0.0,0.0,respond_to_user,0.6666666666666666,2
llm:openrouter/openai/gpt-oss-20b,12/t1/turn3,12,search_direct_flight,4,0.5,0.5,search_direct_flight,0.5,3
llm:openrouter/openai/gpt-oss-20b,12/t1/turn4,12,get_user_details,3,0.0,0.0,respond_to_user,1.0,1
llm:openrouter/openai/gpt-oss-20b,12/t1/turn5,12,respond_to_user,5,1.0,1.0,respond_to_user,1.0,1
llm:openrouter/openai/gpt-oss-20b,12/t1/turn6,12,respond_to_user,4,1.0,1.0,respond_to_user,1.0,1
llm:openrouter/openai/gpt-oss-20b,12/t1/turn7,12,update_reservation_baggages,2,1.0,1.0,update_reservation_baggages,1.0,1
llm:openrouter/openai/gpt-oss-20b,12/t1/turn8,12,respond_to_user,5,1.0,1.0,respond_to_user,1.0,1
llm:openrouter/openai/gpt-oss-20b,12/t2/turn0,12,respond_to_user,5,1.0,1.0,respond_to_user,1.0,1
llm:openrouter/openai/gpt-oss-20b,12/t2/turn1,12,get_user_details,3,0.0,0.6666666666666666,get_reservation_details,0.6666666666666666,2
llm:openrouter/openai/gpt-oss-20b,12/t2/turn2,12,search_direct_flight,2,0.0,0.0,respond_to_user,1.0,1
llm:openrouter/openai/gpt-oss-20b,12/t2/turn3,12,search_direct_flight,4,0.5,0.5,search_direct_flight,0.5,2
llm:openrouter/openai/gpt-oss-20b,12/t2/turn4,12,respond_to_user,4,1.0,1.0,respond_to_user,1.0,1
llm:openrouter/openai/gpt-oss-20b,12/t2/turn5,12,update_reservation_baggages,3,0.0,0.0,respond_to_user,1.0,1
llm:openrouter/openai/gpt-oss-20b,12/t2/turn6,12,respond_to_user,3,1.0,1.0,respond_to_user,1.0,1
llm:openrouter/openai/gpt-oss-20b,13/t0/turn0,13,respond_to_user,5,0.8,0.8,respond_to_user,0.8,2
llm:openrouter/openai/gpt-oss-20b,13/t0/turn1,13,transfer_to_human_agents,4,1.0,1.0,transfer_to_human_agents,1.0,1
llm:openrouter/openai/gpt-oss-20b,13/t0/turn2,13,respond_to_user,5,0.6,0.6,respond_to_user,0.6,2
llm:openrouter/openai/gpt-oss-20b,13/t1/turn0,13,respond_to_user,3,1.0,1.0,respond_to_user,1.0,1
llm:openrouter/openai/gpt-oss-20b,13/t1/turn1,13,transfer_to_human_agents,4,1.0,1.0,transfer_to_human_agents,1.0,1
llm:openrouter/openai/gpt-oss-20b,13/t1/turn2,13,respond_to_user,3,1.0,1.0,respond_to_user,1.0,1
llm:openrouter/openai/gpt-oss-20b,13/t2/turn0,13,respond_to_user,5,1.0,1.0,respond_to_user,1.0,1
llm:openrouter/openai/gpt-oss-20b,13/t2/turn1,13,get_user_details,4,0.0,0.0,get_reservation_details,1.0,1
llm:openrouter/openai/gpt-oss-20b,13/t2/turn2,13,transfer_to_human_agents,4,0.75,0.75,transfer_to_human_agents,0.75,2
llm:openrouter/openai/gpt-oss-20b,13/t2/turn3,13,respond_to_user,4,1.0,1.0,respond_to_user,1.0,1
llm:openrouter/openai/gpt-oss-20b,14/t1/turn0,14,respond_to_user,3,1.0,1.0,respond_to_user,1.0,1
llm:openrouter/openai/gpt-oss-20b,14/t1/turn1,14,get_user_details,4,1.0,1.0,get_user_details,1.0,1
llm:openrouter/openai/gpt-oss-20b,14/t1/turn10,14,respond_to_user,3,1.0,1.0,respond_to_user,1.0,1
llm:openrouter/openai/gpt-oss-20b,14/t1/turn11,14,cancel_reservation,4,1.0,1.0,cancel_reservation,1.0,1
llm:openrouter/openai/gpt-oss-20b,14/t1/turn12,14,book_reservation,4,0.75,0.75,book_reservation,0.75,2
llm:openrouter/openai/gpt-oss-20b,14/t1/turn13,14,respond_to_user,2,1.0,1.0,respond_to_user,1.0,1
llm:openrouter/openai/gpt-oss-20b,14/t1/turn2,14,respond_to_user,5,1.0,1.0,respond_to_user,1.0,1
llm:openrouter/openai/gpt-oss-20b,14/t1/turn3,14,get_reservation_details,4,1.0,1.0,get_reservation_details,1.0,1
llm:openrouter/openai/gpt-oss-20b,14/t1/turn4,14,search_direct_flight,4,0.5,0.5,search_direct_flight,0.5,3
llm:openrouter/openai/gpt-oss-20b,14/t1/turn5,14,search_onestop_flight,4,0.0,0.0,search_direct_flight,0.75,2
llm:openrouter/openai/gpt-oss-20b,14/t1/turn6,14,search_direct_flight,4,0.25,0.25,transfer_to_human_agents,0.5,3
llm:openrouter/openai/gpt-oss-20b,14/t1/turn7,14,search_onestop_flight,5,0.6,0.6,search_onestop_flight,0.6,3
llm:openrouter/openai/gpt-oss-20b,14/t1/turn8,14,respond_to_user,1,1.0,1.0,respond_to_user,1.0,1
llm:openrouter/openai/gpt-oss-20b,14/t1/turn9,14,respond_to_user,5,0.4,0.4,transfer_to_human_agents,0.6,2
llm:openrouter/openai/gpt-oss-20b,14/t2/turn0,14,respond_to_user,5,1.0,1.0,respond_to_user,1.0,1
llm:openrouter/openai/gpt-oss-20b,14/t2/turn1,14,get_user_details,4,1.0,1.0,get_user_details,1.0,1
llm:openrouter/openai/gpt-oss-20b,14/t2/turn10,14,cancel_reservation,4,0.25,0.25,respond_to_user,0.5,3
llm:openrouter/openai/gpt-oss-20b,14/t2/turn11,14,book_reservation,3,0.3333333333333333,0.3333333333333333,respond_to_user,0.6666666666666666,2
llm:openrouter/openai/gpt-oss-20b,14/t2/turn12,14,respond_to_user,3,1.0,1.0,respond_to_user,1.0,1
llm:openrouter/openai/gpt-oss-20b,14/t2/turn2,14,respond_to_user,4,1.0,1.0,respond_to_user,1.0,1
llm:openrouter/openai/gpt-oss-20b,14/t2/turn3,14,get_reservation_details,5,0.8,0.8,get_reservation_details,0.8,2
llm:openrouter/openai/gpt-oss-20b,14/t2/turn4,14,search_direct_flight,3,0.3333333333333333,0.3333333333333333,search_onestop_flight,0.3333333333333333,3
llm:openrouter/openai/gpt-oss-20b,14/t2/turn5,14,search_onestop_flight,5,0.0,0.0,search_direct_flight,0.8,2
llm:openrouter/openai/gpt-oss-20b,14/t2/turn6,14,search_direct_flight,2,1.0,1.0,search_direct_flight,1.0,1
llm:openrouter/openai/gpt-oss-20b,14/t2/turn7,14,search_onestop_flight,3,1.0,1.0,search_onestop_flight,1.0,1
llm:openrouter/openai/gpt-oss-20b,14/t2/turn8,14,respond_to_user,4,1.0,1.0,respond_to_user,1.0,1
llm:openrouter/openai/gpt-oss-20b,14/t2/turn9,14,respond_to_user,3,0.6666666666666666,0.6666666666666666,respond_to_user,0.6666666666666666,2
llm:openrouter/openai/gpt-oss-20b,15/t0/turn0,15,respond_to_user,5,1.0,1.0,respond_to_user,1.0,1
llm:openrouter/openai/gpt-oss-20b,15/t0/turn1,15,get_user_details,5,0.8,0.8,get_user_details,0.8,2
llm:openrouter/openai/gpt-oss-20b,15/t0/turn2,15,get_reservation_details,3,0.6666666666666666,0.6666666666666666,get_reservation_details,0.6666666666666666,2
llm:openrouter/openai/gpt-oss-20b,15/t0/turn3,15,search_direct_flight,4,0.5,0.5,search_direct_flight,0.5,3
llm:openrouter/openai/gpt-oss-20b,15/t0/turn4,15,search_onestop_flight,5,0.2,0.2,respond_to_user,0.4,3
llm:openrouter/openai/gpt-oss-20b,15/t0/turn5,15,respond_to_user,3,1.0,1.0,respond_to_user,1.0,1
llm:openrouter/openai/gpt-oss-20b,15/t0/turn6,15,update_reservation_flights,5,1.0,1.0,update_reservation_flights,1.0,1
llm:openrouter/openai/gpt-oss-20b,15/t0/turn7,15,respond_to_user,4,1.0,1.0,respond_to_user,1.0,1
llm:openrouter/openai/gpt-oss-20b,15/t1/turn0,15,respond_to_user,4,1.0,1.0,respond_to_user,1.0,1
llm:openrouter/openai/gpt-oss-20b,15/t1/turn1,15,get_user_details,4,1.0,1.0,get_user_details,1.0,1
llm:openrouter/openai/gpt-oss-20b,15/t1/turn10,15,update_reservation_flights,3,1.0,1.0,update_reservation_flights,1.0,1
llm:openrouter/openai/gpt-oss-20b,15/t1/turn11,15,respond_to_user,3,1.0,1.0,respond_to_user,1.0,1
llm:openrouter/openai/gpt-oss-20b,15/t1/turn2,15,get_reservation_details,5,0.6,0.6,get_reservation_details,0.6,2
llm:openrouter/openai/gpt-oss-20b,15/t1/turn3,15,get_reservation_details,4,0.0,0.0,search_direct_flight,0.5,3
llm:openrouter/openai/gpt-oss-20b,15/t1/turn4,15,search_direct_flight,2,1.0,1.0,search_direct_flight,1.0,1
llm:openrouter/openai/gpt-oss-20b,15/t1/turn5,15,search_onestop_flight,4,0.5,0.5,search_onestop_flight,0.5,3
llm:openrouter/openai/gpt-oss-20b,15/t1/turn6,15,search_direct_flight,4,0.0,0.0,respond_to_user,1.0,1
llm:openrouter/openai/gpt-oss-20b,15/t1/turn7,15,search_onestop_flight,2,0.0,0.0,respond_to_user,1.0,1
llm:openrouter/openai/gpt-oss-20b,15/t1/turn8,15,respond_to_user,2,1.0,1.0,respond_to_user,1.0,1
llm:openrouter/openai/gpt-oss-20b,15/t1/turn9,15,respond_to_user,3,0.6666666666666666,0.6666666666666666,respond_to_user,0.6666666666666666,2
llm:openrouter/openai/gpt-oss-20b,15/t2/turn0,15,respond_to_user,5,1.0,1.0,respond_to_user,1.0,1
llm:openrouter/openai/gpt-oss-20b,15/t2/turn1,15,get_user_details,4,1.0,1.0,get_user_details,1.0,1
llm:openrouter/openai/gpt-oss-20b,15/t2/turn2,15,get_reservation_details,5,0.8,0.8,get_reservation_details,0.8,2
llm:openrouter/openai/gpt-oss-20b,15/t2/turn3,15,search_direct_flight,4,0.5,0.5,search_direct_flight,0.5,2
llm:openrouter/openai/gpt-oss-20b,15/t2/turn4,15,search_onestop_flight,2,0.5,0.5,search_direct_flight,0.5,2
llm:openrouter/openai/gpt-oss-20b,15/t2/turn5,15,respond_to_user,3,1.0,1.0,respond_to_user,1.0,1
llm:openrouter/openai/gpt-oss-20b,15/t2/turn6,15,update_reservation_flights,5,1.0,1.0,update_reservation_flights,1.0,1
llm:openrouter/openai/gpt-oss-20b,15/t2/turn7,15,respond_to_user,4,1.0,1.0,respond_to_user,1.0,1
llm:openrouter/openai/gpt-oss-20b,16/t0/turn0,16,respond_to_user,5,1.0,1.0,respond_to_user,1.0,1
llm:openrouter/openai/gpt-oss-20b,16/t0/turn1,16,get_user_details,5,1.0,1.0,get_user_details,1.0,1
llm:openrouter/openai/gpt-oss-20b,16/t0/turn2,16,get_reservation_details,5,0.8,0.8,get_reservation_details,0.8,2
llm:openrouter/openai/gpt-oss-20b,16/t0/turn3,16,search_direct_flight,4,0.5,0.5,search_direct_flight,0.5,3
llm:openrouter/openai/gpt-oss-20b,16/t0/turn4,16,search_onestop_flight,4,0.75,0.75,search_onestop_flight,0.75,2
llm:openrouter/openai/gpt-oss-20b,16/t0/turn5,16,respond_to_user,2,1.0,1.0,respond_to_user,1.0,1
llm:openrouter/openai/gpt-oss-20b,16/t0/turn6,16,respond_to_user,2,1.0,1.0,respond_to_user,1.0,1
llm:openrouter/openai/gpt-oss-20b,16/t0/turn7,16,update_reservation_flights,5,0.8,0.8,update_reservation_flights,0.8,2
llm:openrouter/openai/gpt-oss-20b,16/t0/turn8,16,respond_to_user,5,1.0,1.0,respond_to_user,1.0,1
llm:openrouter/openai/gpt-oss-20b,16/t1/turn0,16,respond_to_user,3,1.0,1.0,respond_to_user,1.0,1
llm:openrouter/openai/gpt-oss-20b,16/t1/turn1,16,get_user_details,4,1.0,1.0,get_user_details,1.0,1
llm:openrouter/openai/gpt-oss-20b,16/t1/turn2,16,get_reservation_details,4,0.25,0.25,respond_to_user,0.75,2
llm:openrouter/openai/gpt-oss-20b,16/t1/turn3,16,search_direct_flight,4,0.5,0.5,search_direct_flight,0.5,2
llm:openrouter/openai/gpt-oss-20b,16/t1/turn4,16,search_onestop_flight,5,0.6,0.6,search_onestop_flight,0.6,2
llm:openrouter/openai/gpt-oss-20b,16/t1/turn5,16,respond_to_user,4,1.0,1.0,respond_to_user,1.0,1
llm:openrouter/openai/gpt-oss-20b,16/t1/turn6,16,respond_to_user,4,1.0,1.0,respond_to_user,1.0,1
llm:openrouter/openai/gpt-oss-20b,16/t1/turn7,16,update_reservation_flights,4,1.0,1.0,update_reservation_flights,1.0,1
llm:openrouter/openai/gpt-oss-20b,16/t1/turn8,16,respond_to_user,4,1.0,1.0,respond_to_user,1.0,1
llm:openrouter/openai/gpt-oss-20b,16/t2/turn0,16,respond_to_user,4,1.0,1.0,respond_to_user,1.0,1
llm:openrouter/openai/gpt-oss-20b,16/t2/turn1,16,get_user_details,4,1.0,1.0,get_user_details,1.0,1
llm:openrouter/openai/gpt-oss-20b,16/t2/turn2,16,get_reservation_details,4,0.5,0.5,get_reservation_details,0.5,2
llm:openrouter/openai/gpt-oss-20b,16/t2/turn3,16,search_direct_flight,4,0.5,0.5,search_direct_flight,0.5,2
llm:openrouter/openai/gpt-oss-20b,16/t2/turn4,16,search_onestop_flight,4,0.75,0.75,search_onestop_flight,0.75,2
llm:openrouter/openai/gpt-oss-20b,16/t2/turn5,16,respond_to_user,3,1.0,1.0,respond_to_user,1.0,1
llm:openrouter/openai/gpt-oss-20b,16/t2/turn6,16,respond_to_user,5,1.0,1.0,respond_to_user,1.0,1
llm:openrouter/openai/gpt-oss-20b,16/t2/turn7,16,update_reservation_flights,5,1.0,1.0,update_reservation_flights,1.0,1
llm:openrouter/openai/gpt-oss-20b,16/t2/turn8,16,respond_to_user,5,1.0,1.0,respond_to_user,1.0,1
llm:openrouter/openai/gpt-oss-20b,17/t0/turn0,17,respond_to_user,4,1.0,1.0,respond_to_user,1.0,1
llm:openrouter/openai/gpt-oss-20b,17/t0/turn1,17,get_user_details,5,1.0,1.0,get_user_details,1.0,1
llm:openrouter/openai/gpt-oss-20b,17/t0/turn10,17,update_reservation_baggages,3,0.6666666666666666,0.6666666666666666,update_reservation_baggages,0.6666666666666666,2
llm:openrouter/openai/gpt-oss-20b,17/t0/turn11,17,respond_to_user,4,1.0,1.0,respond_to_user,1.0,1
llm:openrouter/openai/gpt-oss-20b,17/t0/turn2,17,get_reservation_details,4,0.0,0.0,respond_to_user,1.0,1
llm:openrouter/openai/gpt-oss-20b,17/t0/turn3,17,get_reservation_details,5,0.0,0.0,respond_to_user,1.0,1
llm:openrouter/openai/gpt-oss-20b,17/t0/turn4,17,get_reservation_details,4,0.0,0.0,respond_to_user,1.0,1
llm:openrouter/openai/gpt-oss-20b,17/t0/turn5,17,search_onestop_flight,4,0.0,0.0,respond_to_user,1.0,1
llm:openrouter/openai/gpt-oss-20b,17/t0/turn6,17,respond_to_user,4,1.0,1.0,respond_to_user,1.0,1
llm:openrouter/openai/gpt-oss-20b,17/t0/turn7,17,respond_to_user,5,1.0,1.0,respond_to_user,1.0,1
llm:openrouter/openai/gpt-oss-20b,17/t0/turn8,17,update_reservation_flights,4,0.25,0.25,update_reservation_passengers,0.75,2
llm:openrouter/openai/gpt-oss-20b,17/t0/turn9,17,update_reservation_passengers,5,1.0,1.0,update_reservation_passengers,1.0,1
llm:openrouter/openai/gpt-oss-20b,17/t1/turn0,17,respond_to_user,4,1.0,1.0,respond_to_user,1.0,1
llm:openrouter/openai/gpt-oss-20b,17/t1/turn1,17,get_user_details,5,1.0,1.0,get_user_details,1.0,1
llm:openrouter/openai/gpt-oss-20b,17/t1/turn10,17,update_reservation_passengers,4,1.0,1.0,update_reservation_passengers,1.0,1
llm:openrouter/openai/gpt-oss-20b,17/t1/turn11,17,update_reservation_baggages,5,1.0,1.0,update_reservation_baggages,1.0,1
llm:openrouter/openai/gpt-oss-20b,17/t1/turn12,17,respond_to_user,2,1.0,1.0,respond_to_user,1.0,1
llm:openrouter/openai/gpt-oss-20b,17/t1/turn2,17,get_reservation_details,5,0.4,0.4,respond_to_user,0.6,2
llm:openrouter/openai/gpt-oss-20b,17/t1/turn3,17,get_reservation_details,3,0.0,0.0,respond_to_user,1.0,1
llm:openrouter/openai/gpt-oss-20b,17/t1/turn4,17,get_reservation_details,3,0.0,0.0,respond_to_user,1.0,1
llm:openrouter/openai/gpt-oss-20b,17/t1/turn5,17,get_reservation_details,4,0.0,0.0,respond_to_user,0.75,2
llm:openrouter/openai/gpt-oss-20b,17/t1/turn6,17,search_direct_flight,2,0.5,0.5,search_direct_flight,0.5,2
llm:openrouter/openai/gpt-oss-20b,17/t1/turn7,17,search_direct_flight,2,0.0,0.0,respond_to_user,1.0,1
llm:openrouter/openai/gpt-oss-20b,17/t1/turn8,17,respond_to_user,1,1.0,1.0,respond_to_user,1.0,1
llm:openrouter/openai/gpt-oss-20b,17/t1/turn9,17,update_reservation_flights,3,0.0,0.0,update_reservation_passengers,1.0,1
llm:openrouter/openai/gpt-oss-20b,17/t2/turn0,17,respond_to_user,4,1.0,1.0,respond_to_user,1.0,1
llm:openrouter/openai/gpt-oss-20b,17/t2/turn1,17,get_user_details,5,1.0,1.0,get_user_details,1.0,1
llm:openrouter/openai/gpt-oss-20b,17/t2/turn10,17,update_reservation_passengers,3,0.6666666666666666,0.6666666666666666,update_reservation_passengers,0.6666666666666666,2
llm:openrouter/openai/gpt-oss-20b,17/t2/turn11,17,update_reservation_flights,5,0.6,0.6,update_reservation_flights,0.6,3
llm:openrouter/openai/gpt-oss-20b,17/t2/turn12,17,update_reservation_baggages,5,1.0,1.0,update_reservation_baggages,1.0,1
llm:openrouter/openai/gpt-oss-20b,17/t2/turn13,17,respond_to_user,5,1.0,1.0,respond_to_user,1.0,1
llm:openrouter/openai/gpt-oss-20b,17/t2/turn2,17,get_reservation_details,5,0.0,0.0,respond_to_user,1.0,1
llm:openrouter/openai/gpt-oss-20b,17/t2/turn3,17,get_reservation_details,2,0.0,0.0,respond_to_user,1.0,1
llm:openrouter/openai/gpt-oss-20b,17/t2/turn4,17,get_reservation_details,3,0.0,0.0,respond_to_user,1.0,1
llm:openrouter/openai/gpt-oss-20b,17/t2/turn5,17,get_reservation_details,3,0.0,0.0,respond_to_user,0.6666666666666666,2
llm:openrouter/openai/gpt-oss-20b,17/t2/turn6,17,search_direct_flight,4,0.0,0.0,respond_to_user,1.0,1
llm:openrouter/openai/gpt-oss-20b,17/t2/turn8,17,respond_to_user,2,1.0,1.0,respond_to_user,1.0,1
llm:openrouter/openai/gpt-oss-20b,17/t2/turn9,17,respond_to_user,5,1.0,1.0,respond_to_user,1.0,1
llm:openrouter/openai/gpt-oss-20b,19/t0/turn0,19,respond_to_user,4,1.0,1.0,respond_to_user,1.0,1
llm:openrouter/openai/gpt-oss-20b,19/t0/turn1,19,get_user_details,4,1.0,1.0,get_user_details,1.0,1
llm:openrouter/openai/gpt-oss-20b,19/t0/turn2,19,get_reservation_details,3,0.0,0.0,respond_to_user,1.0,1
llm:openrouter/openai/gpt-oss-20b,19/t0/turn3,19,get_reservation_details,3,0.0,0.0,respond_to_user,0.6666666666666666,2
llm:openrouter/openai/gpt-oss-20b,19/t0/turn4,19,get_reservation_details,4,0.0,0.0,respond_to_user,1.0,1
llm:openrouter/openai/gpt-oss-20b,19/t0/turn5,19,respond_to_user,3,0.3333333333333333,0.3333333333333333,transfer_to_human_agents,0.6666666666666666,2
llm:openrouter/openai/gpt-oss-20b,19/t0/turn6,19,respond_to_user,5,0.6,0.6,respond_to_user,0.6,2
llm:openrouter/openai/gpt-oss-20b,19/t0/turn7,19,cancel_reservation,5,1.0,1.0,cancel_reservation,1.0,1
llm:openrouter/openai/gpt-oss-20b,19/t0/turn8,19,respond_to_user,5,1.0,1.0,respond_to_user,1.0,1
llm:openrouter/openai/gpt-oss-20b,19/t1/turn0,19,respond_to_user,5,1.0,1.0,respond_to_user,1.0,1
llm:openrouter/openai/gpt-oss-20b,19/t1/turn1,19,get_user_details,4,1.0,1.0,get_user_details,1.0,1
llm:openrouter/openai/gpt-oss-20b,19/t1/turn2,19,get_reservation_details,4,0.25,0.25,respond_to_user,0.75,2
llm:openrouter/openai/gpt-oss-20b,19/t1/turn3,19,respond_to_user,5,0.2,0.2,transfer_to_human_agents,0.8,2
llm:openrouter/openai/gpt-oss-20b,19/t1/turn4,19,respond_to_user,3,1.0,1.0,respond_to_user,1.0,1
llm:openrouter/openai/gpt-oss-20b,19/t1/turn5,19,cancel_reservation,4,1.0,1.0,cancel_reservation,1.0,1
llm:openrouter/openai/gpt-oss-20b,19/t1/turn6,19,respond_to_user,4,1.0,1.0,respond_to_user,1.0,1
llm:openrouter/openai/gpt-oss-20b,19/t2/turn0,19,respond_to_user,3,1.0,1.0,respond_to_user,1.0,1
llm:openrouter/openai/gpt-oss-20b,19/t2/turn1,19,get_user_details,4,1.0,1.0,get_user_details,1.0,1
llm:openrouter/openai/gpt-oss-20b,19/t2/turn2,19,get_reservation_details,4,0.5,0.5,get_reservation_details,0.5,2
llm:openrouter/openai/gpt-oss-20b,19/t2/turn3,19,respond_to_user,3,0.0,0.0,transfer_to_human_agents,0.6666666666666666,2
llm:openrouter/openai/gpt-oss-20b,19/t2/turn4,19,respond_to_user,3,1.0,1.0,respond_to_user,1.0,1
llm:openrouter/openai/gpt-oss-20b,19/t2/turn5,19,cancel_reservation,3,1.0,1.0,cancel_reservation,1.0,1
llm:openrouter/openai/gpt-oss-20b,19/t2/turn6,19,respond_to_user,5,1.0,1.0,respond_to_user,1.0,1
llm:openrouter/openai/gpt-oss-20b,2/t0/turn0,2,respond_to_user,5,1.0,1.0,respond_to_user,1.0,1
llm:openrouter/openai/gpt-oss-20b,2/t0/turn1,2,get_user_details,5,0.6,0.6,get_user_details,0.6,2
llm:openrouter/openai/gpt-oss-20b,2/t0/turn10,2,transfer_to_human_agents,3,0.0,0.0,respond_to_user,1.0,1
llm:openrouter/openai/gpt-oss-20b,2/t0/turn11,2,respond_to_user,4,1.0,1.0,respond_to_user,1.0,1
llm:openrouter/openai/gpt-oss-20b,2/t0/turn2,2,get_reservation_details,4,0.0,0.0,respond_to_user,1.0,1
llm:openrouter/openai/gpt-oss-20b,2/t0/turn3,2,get_reservation_details,4,0.0,0.0,get_flight_status,0.5,2
llm:openrouter/openai/gpt-oss-20b,2/t0/turn4,2,respond_to_user,5,0.8,0.8,respond_to_user,0.8,2
llm:openrouter/openai/gpt-oss-20b,2/t0/turn5,2,get_flight_status,5,1.0,1.0,get_flight_status,1.0,1
llm:openrouter/openai/gpt-oss-20b,2/t0/turn6,2,get_flight_status,4,0.75,0.75,get_flight_status,0.75,2
llm:openrouter/openai/gpt-oss-20b,2/t0/turn7,2,get_flight_status,4,1.0,1.0,get_flight_status,1.0,1
llm:openrouter/openai/gpt-oss-20b,2/t0/turn8,2,get_flight_status,5,0.2,0.2,respond_to_user,0.8,2
llm:openrouter/openai/gpt-oss-20b,2/t0/turn9,2,respond_to_user,4,1.0,1.0,respond_to_user,1.0,1
llm:openrouter/openai/gpt-oss-20b,2/t2/turn0,2,respond_to_user,3,1.0,1.0,respond_to_user,1.0,1
llm:openrouter/openai/gpt-oss-20b,2/t2/turn1,2,get_user_details,3,0.6666666666666666,0.6666666666666666,get_user_details,0.6666666666666666,2
llm:openrouter/openai/gpt-oss-20b,2/t2/turn10,2,transfer_to_human_agents,3,0.0,0.0,respond_to_user,1.0,1
llm:openrouter/openai/gpt-oss-20b,2/t2/turn11,2,respond_to_user,4,1.0,1.0,respond_to_user,1.0,1
llm:openrouter/openai/gpt-oss-20b,2/t2/turn2,2,get_reservation_details,2,0.0,0.0,respond_to_user,1.0,1
llm:openrouter/openai/gpt-oss-20b,2/t2/turn3,2,get_reservation_details,5,0.0,0.0,respond_to_user,0.6,2
llm:openrouter/openai/gpt-oss-20b,2/t2/turn4,2,respond_to_user,5,0.8,0.8,respond_to_user,0.8,2
llm:openrouter/openai/gpt-oss-20b,2/t2/turn5,2,get_flight_status,4,0.0,0.0,respond_to_user,1.0,1
llm:openrouter/openai/gpt-oss-20b,2/t2/turn6,2,get_flight_status,3,0.0,0.0,respond_to_user,1.0,1
llm:openrouter/openai/gpt-oss-20b,2/t2/turn7,2,get_flight_status,4,0.0,0.0,respond_to_user,1.0,1
llm:openrouter/openai/gpt-oss-20b,2/t2/turn8,2,get_flight_status,3,0.0,0.0,respond_to_user,1.0,1
llm:openrouter/openai/gpt-oss-20b,2/t2/turn9,2,respond_to_user,3,1.0,1.0,respond_to_user,1.0,1
llm:openrouter/openai/gpt-oss-20b,20/t2/turn0,20,respond_to_user,5,1.0,1.0,respond_to_user,1.0,1
llm:openrouter/openai/gpt-oss-20b,20/t2/turn1,20,get_user_details,4,0.0,0.0,respond_to_user,1.0,1
llm:openrouter/openai/gpt-oss-20b,20/t2/turn10,20,respond_to_user,2,1.0,1.0,respond_to_user,1.0,1
llm:openrouter/openai/gpt-oss-20b,20/t2/turn11,20,book_reservation,4,1.0,1.0,book_reservation,1.0,1
llm:openrouter/openai/gpt-oss-20b,20/t2/turn12,20,respond_to_user,4,1.0,1.0,respond_to_user,1.0,1
llm:openrouter/openai/gpt-oss-20b,20/t2/turn2,20,respond_to_user,4,1.0,1.0,respond_to_user,1.0,1
llm:openrouter/openai/gpt-oss-20b,20/t2/turn3,20,list_all_airports,3,0.0,0.0,respond_to_user,1.0,1
llm:openrouter/openai/gpt-oss-20b,20/t2/turn4,20,search_direct_flight,2,0.0,0.0,respond_to_user,1.0,1
llm:openrouter/openai/gpt-oss-20b,20/t2/turn5,20,respond_to_user,4,1.0,1.0,respond_to_user,1.0,1
llm:openrouter/openai/gpt-oss-20b,20/t2/turn6,20,search_onestop_flight,4,1.0,1.0,search_onestop_flight,1.0,1
llm:openrouter/openai/gpt-oss-20b,20/t2/turn7,20,respond_to_user,4,1.0,1.0,respond_to_user,1.0,1
llm:openrouter/openai/gpt-oss-20b,20/t2/turn9,20,respond_to_user,5,1.0,1.0,respond_to_user,1.0,1
llm:openrouter/openai/gpt-oss-20b,21/t1/turn0,21,respond_to_user,5,1.0,1.0,respond_to_user,1.0,1
llm:openrouter/openai/gpt-oss-20b,21/t1/turn1,21,get_user_details,5,1.0,1.0,get_user_details,1.0,1
llm:openrouter/openai/gpt-oss-20b,21/t1/turn10,21,get_flight_status,1,0.0,0.0,respond_to_user,1.0,1
llm:openrouter/openai/gpt-oss-20b,21/t1/turn11,21,search_direct_flight,3,0.0,0.0,respond_to_user,1.0,1
llm:openrouter/openai/gpt-oss-20b,21/t1/turn12,21,search_direct_flight,2,0.0,0.0,respond_to_user,1.0,1
llm:openrouter/openai/gpt-oss-20b,21/t1/turn13,21,respond_to_user,4,1.0,1.0,respond_to_user,1.0,1
llm:openrouter/openai/gpt-oss-20b,21/t1/turn14,21,update_reservation_flights,4,0.25,0.25,respond_to_user,0.75,2
llm:openrouter/openai/gpt-oss-20b,21/t1/turn15,21,respond_to_user,4,0.5,0.5,update_reservation_flights,0.5,2
llm:openrouter/openai/gpt-oss-20b,21/t1/turn16,21,respond_to_user,4,1.0,1.0,respond_to_user,1.0,1
llm:openrouter/openai/gpt-oss-20b,21/t1/turn17,21,update_reservation_baggages,5,1.0,1.0,update_reservation_baggages,1.0,1
llm:openrouter/openai/gpt-oss-20b,21/t1/turn18,21,respond_to_user,5,1.0,1.0,respond_to_user,1.0,1
llm:openrouter/openai/gpt-oss-20b,21/t1/turn2,21,get_reservation_details,3,0.0,0.0,respond_to_user,1.0,1
llm:openrouter/openai/gpt-oss-20b,21/t1/turn3,21,get_reservation_details,3,1.0,1.0,get_reservation_details,1.0,1
llm:openrouter/openai/gpt-oss-20b,21/t1/turn4,21,get_reservation_details,5,0.2,0.2,respond_to_user,0.8,2
llm:openrouter/openai/gpt-oss-20b,21/t1/turn5,21,get_reservation_details,4,1.0,1.0,get_reservation_details,1.0,1
llm:openrouter/openai/gpt-oss-20b,21/t1/turn6,21,get_reservation_details,4,0.5,0.5,get_reservation_details,0.5,2
llm:openrouter/openai/gpt-oss-20b,21/t1/turn7,21,respond_to_user,4,1.0,1.0,respond_to_user,1.0,1
llm:openrouter/openai/gpt-oss-20b,21/t1/turn8,21,search_direct_flight,3,0.3333333333333333,0.3333333333333333,respond_to_user,0.6666666666666666,2
llm:openrouter/openai/gpt-oss-20b,21/t1/turn9,21,search_onestop_flight,5,1.0,1.0,search_onestop_flight,1.0,1
llm:openrouter/openai/gpt-oss-20b,21/t2/turn0,21,respond_to_user,4,1.0,1.0,respond_to_user,1.0,1
llm:openrouter/openai/gpt-oss-20b,21/t2/turn1,21,get_user_details,5,1.0,1.0,get_user_details,1.0,1
llm:openrouter/openai/gpt-oss-20b,21/t2/turn10,21,respond_to_user,2,1.0,1.0,respond_to_user,1.0,1
llm:openrouter/openai/gpt-oss-20b,21/t2/turn11,21,update_reservation_flights,2,0.5,0.5,update_reservation_flights,0.5,2
llm:openrouter/openai/gpt-oss-20b,21/t2/turn12,21,respond_to_user,4,0.75,0.75,respond_to_user,0.75,2
llm:openrouter/openai/gpt-oss-20b,21/t2/turn13,21,update_reservation_flights,3,1.0,1.0,update_reservation_flights,1.0,1
llm:openrouter/openai/gpt-oss-20b,21/t2/turn14,21,respond_to_user,4,1.0,1.0,respond_to_user,1.0,1
llm:openrouter/openai/gpt-oss-20b,21/t2/turn15,21,respond_to_user,3,1.0,1.0,respond_to_user,1.0,1
llm:openrouter/openai/gpt-oss-20b,21/t2/turn16,21,update_reservation_baggages,5,1.0,1.0,update_reservation_baggages,1.0,1
llm:openrouter/openai/gpt-oss-20b,21/t2/turn17,21,respond_to_user,5,1.0,1.0,respond_to_user,1.0,1
llm:openrouter/openai/gpt-oss-20b,21/t2/turn2,21,get_reservation_details,2,0.0,0.0,respond_to_user,1.0,1
llm:openrouter/openai/gpt-oss-20b,21/t2/turn3,21,get_reservation_details,4,0.5,0.5,get_reservation_details,0.5,2
llm:openrouter/openai/gpt-oss-20b,21/t2/turn4,21,get_reservation_details,5,0.8,0.8,get_reservation_details,0.8,2
llm:openrouter/openai/gpt-oss-20b,21/t2/turn5,21,get_reservation_details,5,0.8,0.8,get_reservation_details,0.8,2
llm:openrouter/openai/gpt-oss-20b,21/t2/turn6,21,get_reservation_details,4,0.25,0.25,respond_to_user,0.75,2
llm:openrouter/openai/gpt-oss-20b,21/t2/turn7,21,respond_to_user,3,1.0,1.0,respond_to_user,1.0,1
llm:openrouter/openai/gpt-oss-20b,21/t2/turn8,21,search_direct_flight,5,0.6,0.6,search_direct_flight,0.6,3
llm:openrouter/openai/gpt-oss-20b,21/t2/turn9,21,search_onestop_flight,5,1.0,1.0,search_onestop_flight,1.0,1
llm:openrouter/openai/gpt-oss-20b,22/t0/turn0,22,respond_to_user,3,1.0,1.0,respond_to_user,1.0,1
llm:openrouter/openai/gpt-oss-20b,22/t0/turn1,22,get_user_details,4,1.0,1.0,get_user_details,1.0,1
llm:openrouter/openai/gpt-oss-20b,22/t0/turn10,22,update_reservation_baggages,4,0.5,0.5,respond_to_user,0.5,2
llm:openrouter/openai/gpt-oss-20b,22/t0/turn11,22,respond_to_user,5,1.0,1.0,respond_to_user,1.0,1
llm:openrouter/openai/gpt-oss-20b,22/t0/turn2,22,get_reservation_details,3,0.3333333333333333,0.3333333333333333,respond_to_user,0.6666666666666666,2
llm:openrouter/openai/gpt-oss-20b,22/t0/turn3,22,get_reservation_details,4,0.0,0.0,respond_to_user,1.0,1
llm:openrouter/openai/gpt-oss-20b,22/t0/turn4,22,get_reservation_details,5,0.2,0.2,respond_to_user,0.6,3
llm:openrouter/openai/gpt-oss-20b,22/t0/turn5,22,search_direct_flight,4,0.0,0.0,respond_to_user,1.0,1
llm:openrouter/openai/gpt-oss-20b,22/t0/turn6,22,search_direct_flight,5,0.2,0.2,respond_to_user,0.8,2
llm:openrouter/openai/gpt-oss-20b,22/t0/turn7,22,respond_to_user,1,1.0,1.0,respond_to_user,1.0,1
llm:openrouter/openai/gpt-oss-20b,22/t0/turn8,22,update_reservation_flights,4,0.25,0.25,update_reservation_passengers,0.5,3
llm:openrouter/openai/gpt-oss-20b,22/t0/turn9,22,update_reservation_passengers,5,1.0,1.0,update_reservation_passengers,1.0,1
llm:openrouter/openai/gpt-oss-20b,22/t1/turn0,22,respond_to_user,5,1.0,1.0,respond_to_user,1.0,1
llm:openrouter/openai/gpt-oss-20b,22/t1/turn1,22,get_user_details,4,0.75,0.75,get_user_details,0.75,2
llm:openrouter/openai/gpt-oss-20b,22/t1/turn10,22,update_reservation_passengers,5,1.0,1.0,update_reservation_passengers,1.0,1
llm:openrouter/openai/gpt-oss-20b,22/t1/turn11,22,update_reservation_flights,1,1.0,1.0,update_reservation_flights,1.0,1
llm:openrouter/openai/gpt-oss-20b,22/t1/turn12,22,update_reservation_baggages,3,0.0,0.0,respond_to_user,1.0,1
llm:openrouter/openai/gpt-oss-20b,22/t1/turn13,22,respond_to_user,3,1.0,1.0,respond_to_user,1.0,1
llm:openrouter/openai/gpt-oss-20b,22/t1/turn2,22,get_reservation_details,3,0.0,0.0,respond_to_user,1.0,1
llm:openrouter/openai/gpt-oss-20b,22/t1/turn3,22,get_reservation_details,4,0.0,0.0,respond_to_user,1.0,1
llm:openrouter/openai/gpt-oss-20b,22/t1/turn4,22,get_reservation_details,4,0.75,0.75,get_reservation_details,0.75,2
llm:openrouter/openai/gpt-oss-20b,22/t1/turn5,22,get_reservation_details,5,0.0,0.0,respond_to_user,0.8,2
llm:openrouter/openai/gpt-oss-20b,22/t1/turn6,22,search_direct_flight,3,0.0,0.0,respond_to_user,1.0,1
llm:openrouter/openai/gpt-oss-20b,22/t1/turn7,22,search_direct_flight,5,0.0,0.0,respond_to_user,1.0,1
llm:openrouter/openai/gpt-oss-20b,22/t1/turn8,22,calculate,2,0.0,0.0,respond_to_user,1.0,1
llm:openrouter/openai/gpt-oss-20b,22/t1/turn9,22,respond_to_user,5,1.0,1.0,respond_to_user,1.0,1
llm:openrouter/openai/gpt-oss-20b,22/t2/turn0,22,respond_to_user,4,1.0,1.0,respond_to_user,1.0,1
llm:openrouter/openai/gpt-oss-20b,22/t2/turn1,22,get_user_details,4,0.75,0.75,get_user_details,0.75,2
llm:openrouter/openai/gpt-oss-20b,22/t2/turn10,22,update_reservation_flights,5,1.0,1.0,update_reservation_flights,1.0,1
llm:openrouter/openai/gpt-oss-20b,22/t2/turn11,22,update_reservation_baggages,4,1.0,1.0,update_reservation_baggages,1.0,1
llm:openrouter/openai/gpt-oss-20b,22/t2/turn12,22,respond_to_user,4,1.0,1.0,respond_to_user,1.0,1
llm:openrouter/openai/gpt-oss-20b,22/t2/turn2,22,get_reservation_details,2,0.0,0.0,respond_to_user,1.0,1
llm:openrouter/openai/gpt-oss-20b,22/t2/turn3,22,get_reservation_details,4,0.25,0.25,respond_to_user,0.75,2
llm:openrouter/openai/gpt-oss-20b,22/t2/turn4,22,get_reservation_details,4,0.75,0.75,get_reservation_details,0.75,2
llm:openrouter/openai/gpt-oss-20b,22/t2/turn5,22,search_direct_flight,3,0.0,0.0,respond_to_user,0.6666666666666666,2
llm:openrouter/openai/gpt-oss-20b,22/t2/turn6,22,search_direct_flight,5,0.2,0.2,respond_to_user,0.6,3
llm:openrouter/openai/gpt-oss-20b,22/t2/turn7,22,respond_to_user,4,1.0,1.0,respond_to_user,1.0,1
llm:openrouter/openai/gpt-oss-20b,22/t2/turn8,22,respond_to_user,4,1.0,1.0,respond_to_user,1.0,1
llm:openrouter/openai/gpt-oss-20b,22/t2/turn9,22,update_reservation_passengers,5,0.6,0.6,update_reservation_passengers,0.6,3
llm:openrouter/openai/gpt-oss-20b,23/t0/turn0,23,respond_to_user,5,1.0,1.0,respond_to_user,1.0,1
llm:openrouter/openai/gpt-oss-20b,23/t0/turn1,23,get_user_details,5,1.0,1.0,get_user_details,1.0,1
llm:openrouter/openai/gpt-oss-20b,23/t0/turn10,23,cancel_reservation,4,1.0,1.0,cancel_reservation,1.0,1
llm:openrouter/openai/gpt-oss-20b,23/t0/turn11,23,book_reservation,2,1.0,1.0,book_reservation,1.0,1
llm:openrouter/openai/gpt-oss-20b,23/t0/turn12,23,book_reservation,3,1.0,1.0,book_reservation,1.0,1
llm:openrouter/openai/gpt-oss-20b,23/t0/turn13,23,book_reservation,4,0.75,0.75,book_reservation,0.75,2
llm:openrouter/openai/gpt-oss-20b,23/t0/turn14,23,respond_to_user,5,1.0,1.0,respond_to_user,1.0,1
llm:openrouter/openai/gpt-oss-20b,23/t0/turn2,23,get_reservation_details,5,1.0,1.0,get_reservation_details,1.0,1
llm:openrouter/openai/gpt-oss-20b,23/t0/turn3,23,search_direct_flight,2,0.5,0.5,search_direct_flight,0.5,2
llm:openrouter/openai/gpt-oss-20b,23/t0/turn4,23,search_direct_flight,4,0.75,0.75,search_direct_flight,0.75,2
llm:openrouter/openai/gpt-oss-20b,23/t0/turn5,23,search_onestop_flight,5,0.4,0.4,search_direct_flight,0.4,3
llm:openrouter/openai/gpt-oss-20b,23/t0/turn6,23,respond_to_user,1,0.0,0.0,transfer_to_human_agents,1.0,1
llm:openrouter/openai/gpt-oss-20b,23/t0/turn7,23,search_onestop_flight,4,0.0,0.0,respond_to_user,0.75,2
llm:openrouter/openai/gpt-oss-20b,23/t0/turn8,23,respond_to_user,2,0.5,0.5,transfer_to_human_agents,0.5,2
llm:openrouter/openai/gpt-oss-20b,23/t0/turn9,23,respond_to_user,4,1.0,1.0,respond_to_user,1.0,1
llm:openrouter/openai/gpt-oss-20b,23/t1/turn0,23,respond_to_user,5,1.0,1.0,respond_to_user,1.0,1
llm:openrouter/openai/gpt-oss-20b,23/t1/turn1,23,get_user_details,5,1.0,1.0,get_user_details,1.0,1
llm:openrouter/openai/gpt-oss-20b,23/t1/turn10,23,cancel_reservation,4,1.0,1.0,cancel_reservation,1.0,1
llm:openrouter/openai/gpt-oss-20b,23/t1/turn11,23,book_reservation,4,0.75,0.75,book_reservation,0.75,2
llm:openrouter/openai/gpt-oss-20b,23/t1/turn12,23,book_reservation,5,1.0,1.0,book_reservation,1.0,1
llm:openrouter/openai/gpt-oss-20b,23/t1/turn13,23,book_reservation,4,0.5,0.5,respond_to_user,0.5,2
llm:openrouter/openai/gpt-oss-20b,23/t1/turn14,23,respond_to_user,5,1.0,1.0,respond_to_user,1.0,1
llm:openrouter/openai/gpt-oss-20b,23/t1/turn2,23,get_reservation_details,5,0.4,0.4,respond_to_user,0.6,2
llm:openrouter/openai/gpt-oss-20b,23/t1/turn3,23,search_direct_flight,2,0.5,0.5,search_direct_flight,0.5,2
llm:openrouter/openai/gpt-oss-20b,23/t1/turn4,23,search_onestop_flight,4,0.0,0.0,respond_to_user,0.75,2
llm:openrouter/openai/gpt-oss-20b,23/t1/turn5,23,search_direct_flight,1,1.0,1.0,search_direct_flight,1.0,1
llm:openrouter/openai/gpt-oss-20b,23/t1/turn6,23,search_onestop_flight,3,0.0,0.0,search_direct_flight,0.6666666666666666,2
llm:openrouter/openai/gpt-oss-20b,23/t1/turn7,23,respond_to_user,4,1.0,1.0,respond_to_user,1.0,1
llm:openrouter/openai/gpt-oss-20b,23/t1/turn8,23,respond_to_user,5,1.0,1.0,respond_to_user,1.0,1
llm:openrouter/openai/gpt-oss-20b,23/t1/turn9,23,respond_to_user,4,1.0,1.0,respond_to_user,1.0,1
llm:openrouter/openai/gpt-oss-20b,23/t2/turn0,23,respond_to_user,3,1.0,1.0,respond_to_user,1.0,1
llm:openrouter/openai/gpt-oss-20b,23/t2/turn1,23,get_user_details,5,1.0,1.0,get_user_details,1.0,1
llm:openrouter/openai/gpt-oss-20b,23/t2/turn10,23,respond_to_user,3,1.0,1.0,respond_to_user,1.0,1
llm:openrouter/openai/gpt-oss-20b,23/t2/turn11,23,cancel_reservation,5,1.0,1.0,cancel_reservation,1.0,1
llm:openrouter/openai/gpt-oss-20b,23/t2/turn12,23,book_reservation,5,1.0,1.0,book_reservation,1.0,1
llm:openrouter/openai/gpt-oss-20b,23/t2/turn13,23,book_reservation,2,1.0,1.0,book_reservation,1.0,1
llm:openrouter/openai/gpt-oss-20b,23/t2/turn14,23,book_reservation,5,0.2,0.2,respond_to_user,0.8,2
llm:openrouter/openai/gpt-oss-20b,23/t2/turn15,23,respond_to_user,2,1.0,1.0,respond_to_user,1.0,1
llm:openrouter/openai/gpt-oss-20b,23/t2/turn2,23,get_reservation_details,4,1.0,1.0,get_reservation_details,1.0,1
llm:openrouter/openai/gpt-oss-20b,23/t2/turn3,23,search_direct_flight,4,0.5,0.5,search_direct_flight,0.5,3
llm:openrouter/openai/gpt-oss-20b,23/t2/turn4,23,search_onestop_flight,5,0.0,0.0,respond_to_user,0.6,2
llm:openrouter/openai/gpt-oss-20b,23/t2/turn5,23,search_direct_flight,3,1.0,1.0,search_direct_flight,1.0,1
llm:openrouter/openai/gpt-oss-20b,23/t2/turn6,23,search_onestop_flight,4,0.75,0.75,search_onestop_flight,0.75,2
llm:openrouter/openai/gpt-oss-20b,23/t2/turn7,23,respond_to_user,4,1.0,1.0,respond_to_user,1.0,1
llm:openrouter/openai/gpt-oss-20b,23/t2/turn8,23,respond_to_user,2,1.0,1.0,respond_to_user,1.0,1
llm:openrouter/openai/gpt-oss-20b,23/t2/turn9,23,respond_to_user,3,1.0,1.0,respond_to_user,1.0,1
llm:openrouter/openai/gpt-oss-20b,24/t2/turn0,24,respond_to_user,3,1.0,1.0,respond_to_user,1.0,1
llm:openrouter/openai/gpt-oss-20b,24/t2/turn1,24,respond_to_user,4,1.0,1.0,respond_to_user,1.0,1
llm:openrouter/openai/gpt-oss-20b,24/t2/turn10,24,search_direct_flight,4,1.0,1.0,search_direct_flight,1.0,1
llm:openrouter/openai/gpt-oss-20b,24/t2/turn11,24,search_direct_flight,2,0.0,0.0,respond_to_user,1.0,1
llm:openrouter/openai/gpt-oss-20b,24/t2/turn13,24,search_direct_flight,4,0.25,0.25,respond_to_user,0.75,2
llm:openrouter/openai/gpt-oss-20b,24/t2/turn14,24,respond_to_user,3,1.0,1.0,respond_to_user,1.0,1
llm:openrouter/openai/gpt-oss-20b,24/t2/turn15,24,get_user_details,5,0.6,0.6,get_user_details,0.6,2
llm:openrouter/openai/gpt-oss-20b,24/t2/turn16,24,respond_to_user,2,1.0,1.0,respond_to_user,1.0,1
llm:openrouter/openai/gpt-oss-20b,24/t2/turn17,24,book_reservation,5,1.0,1.0,book_reservation,1.0,1
llm:openrouter/openai/gpt-oss-20b,24/t2/turn18,24,respond_to_user,2,1.0,1.0,respond_to_user,1.0,1
llm:openrouter/openai/gpt-oss-20b,24/t2/turn2,24,get_reservation_details,3,0.6666666666666666,0.6666666666666666,get_reservation_details,0.6666666666666666,2
llm:openrouter/openai/gpt-oss-20b,24/t2/turn3,24,respond_to_user,5,0.4,0.4,transfer_to_human_agents,0.6,2
llm:openrouter/openai/gpt-oss-20b,24/t2/turn4,24,list_all_airports,2,0.0,0.0,respond_to_user,0.5,2
llm:openrouter/openai/gpt-oss-20b,24/t2/turn5,24,search_direct_flight,4,1.0,1.0,search_direct_flight,1.0,1
llm:openrouter/openai/gpt-oss-20b,24/t2/turn6,24,search_direct_flight,4,0.75,0.75,search_direct_flight,0.75,2
llm:openrouter/openai/gpt-oss-20b,24/t2/turn7,24,search_direct_flight,4,1.0,1.0,search_direct_flight,1.0,1
llm:openrouter/openai/gpt-oss-20b,24/t2/turn8,24,search_direct_flight,5,0.8,0.8,search_direct_flight,0.8,2
llm:openrouter/openai/gpt-oss-20b,24/t2/turn9,24,search_direct_flight,4,0.25,0.25,respond_to_user,0.75,2
llm:openrouter/openai/gpt-oss-20b,25/t0/turn0,25,respond_to_user,4,1.0,1.0,respond_to_user,1.0,1
llm:openrouter/openai/gpt-oss-20b,25/t0/turn1,25,get_user_details,4,1.0,1.0,get_user_details,1.0,1
llm:openrouter/openai/gpt-oss-20b,25/t0/turn2,25,get_reservation_details,5,1.0,1.0,get_reservation_details,1.0,1
llm:openrouter/openai/gpt-oss-20b,25/t0/turn3,25,search_direct_flight,3,0.0,0.0,respond_to_user,1.0,1
llm:openrouter/openai/gpt-oss-20b,25/t0/turn4,25,search_direct_flight,3,0.3333333333333333,0.3333333333333333,respond_to_user,0.6666666666666666,2
llm:openrouter/openai/gpt-oss-20b,25/t0/turn5,25,respond_to_user,2,1.0,1.0,respond_to_user,1.0,1
llm:openrouter/openai/gpt-oss-20b,25/t0/turn6,25,respond_to_user,3,1.0,1.0,respond_to_user,1.0,1
llm:openrouter/openai/gpt-oss-20b,25/t0/turn7,25,book_reservation,5,1.0,1.0,book_reservation,1.0,1
llm:openrouter/openai/gpt-oss-20b,25/t0/turn8,25,respond_to_user,5,1.0,1.0,respond_to_user,1.0,1
llm:openrouter/openai/gpt-oss-20b,25/t1/turn0,25,respond_to_user,4,1.0,1.0,respond_to_user,1.0,1
llm:openrouter/openai/gpt-oss-20b,25/t1/turn1,25,get_user_details,5,1.0,1.0,get_user_details,1.0,1
llm:openrouter/openai/gpt-oss-20b,25/t1/turn2,25,get_reservation_details,4,0.5,0.5,respond_to_user,0.5,2
llm:openrouter/openai/gpt-oss-20b,25/t1/turn3,25,search_onestop_flight,2,0.0,0.0,respond_to_user,1.0,1
llm:openrouter/openai/gpt-oss-20b,25/t1/turn4,25,respond_to_user,3,1.0,1.0,respond_to_user,1.0,1
llm:openrouter/openai/gpt-oss-20b,25/t1/turn5,25,respond_to_user,4,1.0,1.0,respond_to_user,1.0,1
llm:openrouter/openai/gpt-oss-20b,25/t1/turn6,25,respond_to_user,4,1.0,1.0,respond_to_user,1.0,1
llm:openrouter/openai/gpt-oss-20b,25/t1/turn7,25,book_reservation,5,1.0,1.0,book_reservation,1.0,1
llm:openrouter/openai/gpt-oss-20b,25/t1/turn8,25,respond_to_user,3,1.0,1.0,respond_to_user,1.0,1
llm:openrouter/openai/gpt-oss-20b,25/t2/turn0,25,respond_to_user,4,1.0,1.0,respond_to_user,1.0,1
llm:openrouter/openai/gpt-oss-20b,25/t2/turn1,25,get_user_details,5,1.0,1.0,get_user_details,1.0,1
llm:openrouter/openai/gpt-oss-20b,25/t2/turn2,25,get_reservation_details,4,0.75,0.75,get_reservation_details,0.75,2
llm:openrouter/openai/gpt-oss-20b,25/t2/turn3,25,respond_to_user,3,1.0,1.0,respond_to_user,1.0,1
llm:openrouter/openai/gpt-oss-20b,25/t2/turn4,25,search_onestop_flight,3,0.0,0.0,respond_to_user,1.0,1
llm:openrouter/openai/gpt-oss-20b,25/t2/turn5,25,respond_to_user,2,1.0,1.0,respond_to_user,1.0,1
llm:openrouter/openai/gpt-oss-20b,25/t2/turn6,25,respond_to_user,4,1.0,1.0,respond_to_user,1.0,1
llm:openrouter/openai/gpt-oss-20b,25/t2/turn7,25,book_reservation,5,1.0,1.0,book_reservation,1.0,1
llm:openrouter/openai/gpt-oss-20b,25/t2/turn8,25,respond_to_user,4,1.0,1.0,respond_to_user,1.0,1
llm:openrouter/openai/gpt-oss-20b,26/t0/turn0,26,respond_to_user,5,1.0,1.0,respond_to_user,1.0,1
llm:openrouter/openai/gpt-oss-20b,26/t0/turn1,26,get_user_details,3,1.0,1.0,get_user_details,1.0,1
llm:openrouter/openai/gpt-oss-20b,26/t0/turn2,26,get_reservation_details,4,0.75,0.75,get_reservation_details,0.75,2
llm:openrouter/openai/gpt-oss-20b,26/t0/turn3,26,respond_to_user,4,0.75,0.75,respond_to_user,0.75,2
llm:openrouter/openai/gpt-oss-20b,26/t0/turn4,26,respond_to_user,3,1.0,1.0,respond_to_user,1.0,1
llm:openrouter/openai/gpt-oss-20b,26/t0/turn5,26,respond_to_user,2,0.5,0.5,respond_to_user,0.5,2
llm:openrouter/openai/gpt-oss-20b,26/t0/turn6,26,transfer_to_human_agents,5,0.6,0.6,transfer_to_human_agents,0.6,2
llm:openrouter/openai/gpt-oss-20b,26/t0/turn7,26,respond_to_user,4,1.0,1.0,respond_to_user,1.0,1
llm:openrouter/openai/gpt-oss-20b,26/t1/turn0,26,respond_to_user,4,1.0,1.0,respond_to_user,1.0,1
llm:openrouter/openai/gpt-oss-20b,26/t1/turn1,26,get_user_details,4,1.0,1.0,get_user_details,1.0,1
llm:openrouter/openai/gpt-oss-20b,26/t1/turn2,26,get_reservation_details,3,0.6666666666666666,0.6666666666666666,get_reservation_details,0.6666666666666666,2
llm:openrouter/openai/gpt-oss-20b,26/t1/turn3,26,get_flight_status,4,0.0,0.0,transfer_to_human_agents,1.0,1
llm:openrouter/openai/gpt-oss-20b,26/t1/turn4,26,get_flight_status,3,0.0,0.0,transfer_to_human_agents,0.6666666666666666,2
llm:openrouter/openai/gpt-oss-20b,26/t1/turn5,26,transfer_to_human_agents,5,1.0,1.0,transfer_to_human_agents,1.0,1
llm:openrouter/openai/gpt-oss-20b,26/t1/turn6,26,respond_to_user,5,1.0,1.0,respond_to_user,1.0,1
llm:openrouter/openai/gpt-oss-20b,26/t2/turn0,26,respond_to_user,5,1.0,1.0,respond_to_user,1.0,1
llm:openrouter/openai/gpt-oss-20b,26/t2/turn1,26,get_user_details,4,1.0,1.0,get_user_details,1.0,1
llm:openrouter/openai/gpt-oss-20b,26/t2/turn2,26,get_reservation_details,4,1.0,1.0,get_reservation_details,1.0,1
llm:openrouter/openai/gpt-oss-20b,26/t2/turn3,26,respond_to_user,5,0.4,0.4,transfer_to_human_agents,0.6,2
llm:openrouter/openai/gpt-oss-20b,26/t2/turn4,26,respond_to_user,5,0.0,0.0,transfer_to_human_agents,1.0,1
llm:openrouter/openai/gpt-oss-20b,26/t2/turn5,26,transfer_to_human_agents,4,1.0,1.0,transfer_to_human_agents,1.0,1
llm:openrouter/openai/gpt-oss-20b,26/t2/turn6,26,respond_to_user,3,1.0,1.0,respond_to_user,1.0,1
llm:openrouter/openai/gpt-oss-20b,27/t0/turn0,27,respond_to_user,5,0.0,0.0,get_flight_status,1.0,1
llm:openrouter/openai/gpt-oss-20b,27/t0/turn1,27,get_user_details,3,0.6666666666666666,0.6666666666666666,get_user_details,0.6666666666666666,2
llm:openrouter/openai/gpt-oss-20b,27/t0/turn10,27,get_reservation_details,4,0.25,0.25,respond_to_user,0.75,2
llm:openrouter/openai/gpt-oss-20b,27/t0/turn11,27,get_flight_status,2,1.0,1.0,get_flight_status,1.0,1
llm:openrouter/openai/gpt-oss-20b,27/t0/turn12,27,respond_to_user,3,1.0,1.0,respond_to_user,1.0,1
llm:openrouter/openai/gpt-oss-20b,27/t0/turn13,27,transfer_to_human_agents,2,0.5,0.5,respond_to_user,0.5,2
llm:openrouter/openai/gpt-oss-20b,27/t0/turn14,27,respond_to_user,3,1.0,1.0,respond_to_user,1.0,1
llm:openrouter/openai/gpt-oss-20b,27/t0/turn2,27,get_reservation_details,4,0.0,0.0,respond_to_user,1.0,1
llm:openrouter/openai/gpt-oss-20b,27/t0/turn3,27,get_reservation_details,4,0.5,0.5,get_reservation_details,0.5,2
llm:openrouter/openai/gpt-oss-20b,27/t0/turn4,27,get_reservation_details,4,0.5,0.5,get_reservation_details,0.5,3
llm:openrouter/openai/gpt-oss-20b,27/t0/turn5,27,get_reservation_details,5,0.0,0.0,respond_to_user,0.8,2
llm:openrouter/openai/gpt-oss-20b,27/t0/turn6,27,get_reservation_details,5,0.0,0.0,respond_to_user,0.6,2
llm:openrouter/openai/gpt-oss-20b,27/t0/turn7,27,get_reservation_details,3,0.3333333333333333,0.3333333333333333,respond_to_user,0.6666666666666666,2
llm:openrouter/openai/gpt-oss-20b,27/t0/turn8,27,get_reservation_details,5,0.2,0.2,respond_to_user,0.6,3
llm:openrouter/openai/gpt-oss-20b,27/t0/turn9,27,get_reservation_details,4,0.0,0.0,respond_to_user,0.75,2
llm:openrouter/openai/gpt-oss-20b,27/t1/turn0,27,respond_to_user,5,0.6,0.6,respond_to_user,0.6,2
llm:openrouter/openai/gpt-oss-20b,27/t1/turn1,27,get_user_details,4,0.0,0.0,respond_to_user,1.0,1
llm:openrouter/openai/gpt-oss-20b,27/t1/turn10,27,get_reservation_details,2,0.0,0.0,respond_to_user,1.0,1
llm:openrouter/openai/gpt-oss-20b,27/t1/turn11,27,get_flight_status,5,1.0,1.0,get_flight_status,1.0,1
llm:openrouter/openai/gpt-oss-20b,27/t1/turn12,27,respond_to_user,5,1.0,1.0,respond_to_user,1.0,1
llm:openrouter/openai/gpt-oss-20b,27/t1/turn13,27,transfer_to_human_agents,3,0.3333333333333333,0.3333333333333333,respond_to_user,0.6666666666666666,2
llm:openrouter/openai/gpt-oss-20b,27/t1/turn14,27,respond_to_user,4,1.0,1.0,respond_to_user,1.0,1
llm:openrouter/openai/gpt-oss-20b,27/t1/turn2,27,get_reservation_details,5,0.0,0.0,respond_to_user,0.8,2
llm:openrouter/openai/gpt-oss-20b,27/t1/turn3,27,get_reservation_details,3,0.0,0.0,respond_to_user,1.0,1
llm:openrouter/openai/gpt-oss-20b,27/t1/turn4,27,get_reservation_details,5,0.6,0.6,get_reservation_details,0.6,2
llm:openrouter/openai/gpt-oss-20b,27/t1/turn5,27,get_reservation_details,4,0.0,0.0,respond_to_user,1.0,1
llm:openrouter/openai/gpt-oss-20b,27/t1/turn6,27,get_reservation_details,3,0.6666666666666666,0.6666666666666666,get_reservation_details,0.6666666666666666,2
llm:openrouter/openai/gpt-oss-20b,27/t1/turn7,27,get_reservation_details,3,0.0,0.0,respond_to_user,1.0,1
llm:openrouter/openai/gpt-oss-20b,27/t1/turn8,27,get_reservation_details,3,0.0,0.0,respond_to_user,1.0,1
llm:openrouter/openai/gpt-oss-20b,27/t1/turn9,27,get_reservation_details,4,0.0,0.0,respond_to_user,0.75,2
llm:openrouter/openai/gpt-oss-20b,27/t2/turn0,27,respond_to_user,5,0.4,0.4,get_flight_status,0.6,2
llm:openrouter/openai/gpt-oss-20b,28/t0/turn0,28,respond_to_user,5,1.0,1.0,respond_to_user,1.0,1
llm:openrouter/openai/gpt-oss-20b,28/t0/turn1,28,get_reservation_details,5,1.0,1.0,get_reservation_details,1.0,1
llm:openrouter/openai/gpt-oss-20b,28/t0/turn2,28,respond_to_user,3,0.0,0.0,transfer_to_human_agents,1.0,1
llm:openrouter/openai/gpt-oss-20b,28/t0/turn3,28,transfer_to_human_agents,4,1.0,1.0,transfer_to_human_agents,1.0,1
llm:openrouter/openai/gpt-oss-20b,28/t0/turn4,28,respond_to_user,4,1.0,1.0,respond_to_user,1.0,1
llm:openrouter/openai/gpt-oss-20b,28/t1/turn0,28,respond_to_user,4,0.75,0.75,respond_to_user,0.75,2
llm:openrouter/openai/gpt-oss-20b,28/t1/turn1,28,get_reservation_details,5,1.0,1.0,get_reservation_details,1.0,1
llm:openrouter/openai/gpt-oss-20b,28/t1/turn2,28,get_flight_status,5,0.0,0.0,transfer_to_human_agents,0.8,2
llm:openrouter/openai/gpt-oss-20b,28/t1/turn3,28,respond_to_user,5,0.4,0.4,transfer_to_human_agents,0.6,2
llm:openrouter/openai/gpt-oss-20b,28/t1/turn4,28,transfer_to_human_agents,4,0.25,0.25,respond_to_user,0.75,2
llm:openrouter/openai/gpt-oss-20b,28/t1/turn5,28,respond_to_user,4,1.0,1.0,respond_to_user,1.0,1
llm:openrouter/openai/gpt-oss-20b,28/t2/turn0,28,respond_to_user,3,1.0,1.0,respond_to_user,1.0,1
llm:openrouter/openai/gpt-oss-20b,28/t2/turn1,28,get_reservation_details,2,1.0,1.0,get_reservation_details,1.0,1
llm:openrouter/openai/gpt-oss-20b,28/t2/turn2,28,respond_to_user,4,0.5,0.5,respond_to_user,0.5,2
llm:openrouter/openai/gpt-oss-20b,28/t2/turn3,28,transfer_to_human_agents,5,0.6,0.6,transfer_to_human_agents,0.6,2
llm:openrouter/openai/gpt-oss-20b,28/t2/turn4,28,respond_to_user,2,1.0,1.0,respond_to_user,1.0,1
llm:openrouter/openai/gpt-oss-20b,3/t0/turn0,3,respond_to_user,5,1.0,1.0,respond_to_user,1.0,1
llm:openrouter/openai/gpt-oss-20b,3/t0/turn1,3,get_reservation_details,4,1.0,1.0,get_reservation_details,1.0,1
llm:openrouter/openai/gpt-oss-20b,3/t0/turn2,3,get_user_details,2,0.5,0.5,get_user_details,0.5,2
llm:openrouter/openai/gpt-oss-20b,3/t0/turn3,3,respond_to_user,4,1.0,1.0,respond_to_user,1.0,1
llm:openrouter/openai/gpt-oss-20b,3/t0/turn4,3,transfer_to_human_agents,4,0.25,0.25,respond_to_user,0.75,2
llm:openrouter/openai/gpt-oss-20b,3/t0/turn5,3,respond_to_user,4,1.0,1.0,respond_to_user,1.0,1
llm:openrouter/openai/gpt-oss-20b,3/t1/turn0,3,respond_to_user,5,1.0,1.0,respond_to_user,1.0,1
llm:openrouter/openai/gpt-oss-20b,3/t1/turn1,3,get_reservation_details,4,1.0,1.0,get_reservation_details,1.0,1
llm:openrouter/openai/gpt-oss-20b,3/t1/turn2,3,get_user_details,5,1.0,1.0,get_user_details,1.0,1
llm:openrouter/openai/gpt-oss-20b,3/t1/turn3,3,respond_to_user,3,1.0,1.0,respond_to_user,1.0,1
llm:openrouter/openai/gpt-oss-20b,3/t1/turn4,3,transfer_to_human_agents,5,0.2,0.2,respond_to_user,0.8,2
llm:openrouter/openai/gpt-oss-20b,3/t1/turn5,3,respond_to_user,3,1.0,1.0,respond_to_user,1.0,1
llm:openrouter/openai/gpt-oss-20b,3/t2/turn0,3,respond_to_user,3,1.0,1.0,respond_to_user,1.0,1
llm:openrouter/openai/gpt-oss-20b,3/t2/turn1,3,get_user_details,3,0.0,1.0,get_reservation_details,1.0,1
llm:openrouter/openai/gpt-oss-20b,3/t2/turn2,3,respond_to_user,3,1.0,1.0,respond_to_user,1.0,1
llm:openrouter/openai/gpt-oss-20b,3/t2/turn3,3,transfer_to_human_agents,5,0.4,0.4,respond_to_user,0.6,2
llm:openrouter/openai/gpt-oss-20b,3/t2/turn4,3,respond_to_user,5,1.0,1.0,respond_to_user,1.0,1
llm:openrouter/openai/gpt-oss-20b,30/t0/turn0,30,respond_to_user,4,1.0,1.0,respond_to_user,1.0,1
llm:openrouter/openai/gpt-oss-20b,30/t0/turn1,30,get_user_details,4,0.0,0.75,get_reservation_details,0.75,2
llm:openrouter/openai/gpt-oss-20b,30/t0/turn2,30,search_direct_flight,2,1.0,1.0,search_direct_flight,1.0,1
llm:openrouter/openai/gpt-oss-20b,30/t0/turn3,30,respond_to_user,3,1.0,1.0,respond_to_user,1.0,1
llm:openrouter/openai/gpt-oss-20b,30/t0/turn4,30,respond_to_user,4,1.0,1.0,respond_to_user,1.0,1
llm:openrouter/openai/gpt-oss-20b,30/t0/turn5,30,update_reservation_flights,3,1.0,1.0,update_reservation_flights,1.0,1
llm:openrouter/openai/gpt-oss-20b,30/t0/turn6,30,respond_to_user,4,1.0,1.0,respond_to_user,1.0,1
llm:openrouter/openai/gpt-oss-20b,30/t1/turn0,30,respond_to_user,4,1.0,1.0,respond_to_user,1.0,1
llm:openrouter/openai/gpt-oss-20b,30/t1/turn1,30,get_reservation_details,4,1.0,1.0,get_reservation_details,1.0,1
llm:openrouter/openai/gpt-oss-20b,30/t1/turn2,30,search_direct_flight,3,0.3333333333333333,0.3333333333333333,respond_to_user,0.3333333333333333,3
llm:openrouter/openai/gpt-oss-20b,30/t1/turn3,30,respond_to_user,3,1.0,1.0,respond_to_user,1.0,1
llm:openrouter/openai/gpt-oss-20b,30/t1/turn4,30,get_user_details,3,0.0,0.0,respond_to_user,1.0,1
llm:openrouter/openai/gpt-oss-20b,30/t1/turn5,30,respond_to_user,3,1.0,1.0,respond_to_user,1.0,1
llm:openrouter/openai/gpt-oss-20b,30/t1/turn6,30,update_reservation_flights,4,1.0,1.0,update_reservation_flights,1.0,1
llm:openrouter/openai/gpt-oss-20b,30/t1/turn7,30,respond_to_user,4,1.0,1.0,respond_to_user,1.0,1
llm:openrouter/openai/gpt-oss-20b,30/t2/turn0,30,respond_to_user,5,1.0,1.0,respond_to_user,1.0,1
llm:openrouter/openai/gpt-oss-20b,30/t2/turn1,30,get_reservation_details,3,0.6666666666666666,0.6666666666666666,get_reservation_details,0.6666666666666666,2
llm:openrouter/openai/gpt-oss-20b,30/t2/turn2,30,search_direct_flight,4,0.75,0.75,search_direct_flight,0.75,2
llm:openrouter/openai/gpt-oss-20b,30/t2/turn3,30,respond_to_user,4,1.0,1.0,respond_to_user,1.0,1
llm:openrouter/openai/gpt-oss-20b,30/t2/turn4,30,respond_to_user,5,0.8,0.8,respond_to_user,0.8,2
llm:openrouter/openai/gpt-oss-20b,30/t2/turn5,30,update_reservation_flights,4,1.0,1.0,update_reservation_flights,1.0,1
llm:openrouter/openai/gpt-oss-20b,30/t2/turn6,30,respond_to_user,4,1.0,1.0,respond_to_user,1.0,1
llm:openrouter/openai/gpt-oss-20b,31/t0/turn0,31,respond_to_user,4,1.0,1.0,respond_to_user,1.0,1
llm:openrouter/openai/gpt-oss-20b,31/t0/turn1,31,get_user_details,5,1.0,1.0,get_user_details,1.0,1
llm:openrouter/openai/gpt-oss-20b,31/t0/turn2,31,get_reservation_details,2,0.0,0.0,respond_to_user,1.0,1
llm:openrouter/openai/gpt-oss-20b,31/t0/turn3,31,respond_to_user,4,0.75,0.75,respond_to_user,0.75,2
llm:openrouter/openai/gpt-oss-20b,31/t0/turn4,31,transfer_to_human_agents,5,0.2,0.2,respond_to_user,0.8,2
llm:openrouter/openai/gpt-oss-20b,31/t0/turn5,31,respond_to_user,5,1.0,1.0,respond_to_user,1.0,1
llm:openrouter/openai/gpt-oss-20b,31/t1/turn0,31,respond_to_user,4,1.0,1.0,respond_to_user,1.0,1
llm:openrouter/openai/gpt-oss-20b,31/t1/turn1,31,get_user_details,4,1.0,1.0,get_user_details,1.0,1
llm:openrouter/openai/gpt-oss-20b,31/t1/turn2,31,get_reservation_details,5,0.4,0.4,respond_to_user,0.6,2
llm:openrouter/openai/gpt-oss-20b,31/t1/turn3,31,respond_to_user,4,0.5,0.5,transfer_to_human_agents,0.5,2
llm:openrouter/openai/gpt-oss-20b,31/t1/turn4,31,search_direct_flight,4,0.0,0.0,respond_to_user,0.75,2
llm:openrouter/openai/gpt-oss-20b,31/t1/turn5,31,transfer_to_human_agents,4,0.0,0.0,respond_to_user,1.0,1
llm:openrouter/openai/gpt-oss-20b,31/t1/turn6,31,respond_to_user,4,1.0,1.0,respond_to_user,1.0,1
llm:openrouter/openai/gpt-oss-20b,33/t0/turn0,33,respond_to_user,4,0.75,1.0,respond_to_user,0.75,2
llm:openrouter/openai/gpt-oss-20b,33/t0/turn1,33,get_reservation_details,3,1.0,1.0,get_reservation_details,1.0,1
llm:openrouter/openai/gpt-oss-20b,33/t0/turn10,33,respond_to_user,2,1.0,1.0,respond_to_user,1.0,1
llm:openrouter/openai/gpt-oss-20b,33/t0/turn11,33,respond_to_user,3,1.0,1.0,respond_to_user,1.0,1
llm:openrouter/openai/gpt-oss-20b,33/t0/turn12,33,update_reservation_baggages,5,1.0,1.0,update_reservation_baggages,1.0,1
llm:openrouter/openai/gpt-oss-20b,33/t0/turn13,33,respond_to_user,5,1.0,1.0,respond_to_user,1.0,1
llm:openrouter/openai/gpt-oss-20b,33/t0/turn2,33,search_direct_flight,3,0.6666666666666666,0.6666666666666666,search_direct_flight,0.6666666666666666,2
llm:openrouter/openai/gpt-oss-20b,33/t0/turn3,33,search_direct_flight,4,0.75,0.75,search_direct_flight,0.75,2
llm:openrouter/openai/gpt-oss-20b,33/t0/turn4,33,respond_to_user,5,0.8,1.0,respond_to_user,0.8,2
llm:openrouter/openai/gpt-oss-20b,33/t0/turn5,33,respond_to_user,3,1.0,1.0,respond_to_user,1.0,1
llm:openrouter/openai/gpt-oss-20b,33/t0/turn6,33,search_direct_flight,4,1.0,1.0,search_direct_flight,1.0,1
llm:openrouter/openai/gpt-oss-20b,33/t0/turn7,33,respond_to_user,3,1.0,1.0,respond_to_user,1.0,1
llm:openrouter/openai/gpt-oss-20b,33/t0/turn8,33,update_reservation_flights,5,1.0,1.0,update_reservation_flights,1.0,1
llm:openrouter/openai/gpt-oss-20b,33/t0/turn9,33,respond_to_user,4,1.0,1.0,respond_to_user,1.0,1
llm:openrouter/openai/gpt-oss-20b,33/t1/turn0,33,respond_to_user,4,0.75,1.0,respond_to_user,0.75,2
llm:openrouter/openai/gpt-oss-20b,33/t1/turn1,33,get_user_details,5,0.0,1.0,get_reservation_details,1.0,1
llm:openrouter/openai/gpt-oss-20b,33/t1/turn10,33,update_reservation_baggages,5,1.0,1.0,update_reservation_baggages,1.0,1
llm:openrouter/openai/gpt-oss-20b,33/t1/turn11,33,respond_to_user,5,1.0,1.0,respond_to_user,1.0,1
llm:openrouter/openai/gpt-oss-20b,33/t1/turn2,33,search_direct_flight,4,1.0,1.0,search_direct_flight,1.0,1
llm:openrouter/openai/gpt-oss-20b,33/t1/turn3,33,respond_to_user,2,1.0,1.0,respond_to_user,1.0,1
llm:openrouter/openai/gpt-oss-20b,33/t1/turn4,33,update_reservation_flights,4,1.0,1.0,update_reservation_flights,1.0,1
llm:openrouter/openai/gpt-oss-20b,33/t1/turn5,33,respond_to_user,4,1.0,1.0,respond_to_user,1.0,1
llm:openrouter/openai/gpt-oss-20b,33/t1/turn6,33,search_direct_flight,3,0.0,0.0,respond_to_user,1.0,1
llm:openrouter/openai/gpt-oss-20b,33/t1/turn7,33,search_direct_flight,2,0.0,0.0,respond_to_user,1.0,1
llm:openrouter/openai/gpt-oss-20b,33/t1/turn8,33,respond_to_user,2,1.0,1.0,respond_to_user,1.0,1
llm:openrouter/openai/gpt-oss-20b,33/t1/turn9,33,respond_to_user,5,0.0,0.0,update_reservation_baggages,1.0,1
llm:openrouter/openai/gpt-oss-20b,33/t2/turn0,33,respond_to_user,3,1.0,1.0,respond_to_user,1.0,1
llm:openrouter/openai/gpt-oss-20b,33/t2/turn1,33,get_user_details,5,0.0,1.0,get_reservation_details,1.0,1
llm:openrouter/openai/gpt-oss-20b,33/t2/turn10,33,respond_to_user,2,1.0,1.0,respond_to_user,1.0,1
llm:openrouter/openai/gpt-oss-20b,33/t2/turn11,33,respond_to_user,5,0.4,0.4,update_reservation_baggages,0.6,2
llm:openrouter/openai/gpt-oss-20b,33/t2/turn12,33,update_reservation_baggages,4,1.0,1.0,update_reservation_baggages,1.0,1
llm:openrouter/openai/gpt-oss-20b,33/t2/turn13,33,respond_to_user,3,1.0,1.0,respond_to_user,1.0,1
llm:openrouter/openai/gpt-oss-20b,33/t2/turn2,33,search_direct_flight,3,0.6666666666666666,0.6666666666666666,search_direct_flight,0.6666666666666666,2
llm:openrouter/openai/gpt-oss-20b,33/t2/turn3,33,search_direct_flight,2,1.0,1.0,search_direct_flight,1.0,1
llm:openrouter/openai/gpt-oss-20b,33/t2/turn4,33,respond_to_user,4,1.0,1.0,respond_to_user,1.0,1
llm:openrouter/openai/gpt-oss-20b,33/t2/turn5,33,search_direct_flight,4,1.0,1.0,search_direct_flight,1.0,1
llm:openrouter/openai/gpt-oss-20b,33/t2/turn6,33,respond_to_user,5,1.0,1.0,respond_to_user,1.0,1
llm:openrouter/openai/gpt-oss-20b,33/t2/turn7,33,update_reservation_flights,5,1.0,1.0,update_reservation_flights,1.0,1
llm:openrouter/openai/gpt-oss-20b,33/t2/turn8,33,respond_to_user,3,1.0,1.0,respond_to_user,1.0,1
llm:openrouter/openai/gpt-oss-20b,33/t2/turn9,33,respond_to_user,5,1.0,1.0,respond_to_user,1.0,1
llm:openrouter/openai/gpt-oss-20b,34/t2/turn0,34,respond_to_user,5,1.0,1.0,respond_to_user,1.0,1
llm:openrouter/openai/gpt-oss-20b,34/t2/turn1,34,get_reservation_details,5,1.0,1.0,get_reservation_details,1.0,1
llm:openrouter/openai/gpt-oss-20b,34/t2/turn2,34,respond_to_user,5,0.4,0.4,search_direct_flight,0.6,2
llm:openrouter/openai/gpt-oss-20b,34/t2/turn3,34,search_direct_flight,5,0.4,0.4,search_direct_flight,0.4,3
llm:openrouter/openai/gpt-oss-20b,34/t2/turn4,34,search_direct_flight,5,0.4,0.4,get_user_details,0.4,3
llm:openrouter/openai/gpt-oss-20b,34/t2/turn5,34,get_user_details,2,0.0,0.0,respond_to_user,1.0,1
llm:openrouter/openai/gpt-oss-20b,34/t2/turn6,34,respond_to_user,4,1.0,1.0,respond_to_user,1.0,1
llm:openrouter/openai/gpt-oss-20b,34/t2/turn7,34,respond_to_user,5,1.0,1.0,respond_to_user,1.0,1
llm:openrouter/openai/gpt-oss-20b,36/t0/turn0,36,respond_to_user,5,1.0,1.0,respond_to_user,1.0,1
llm:openrouter/openai/gpt-oss-20b,36/t0/turn1,36,get_reservation_details,5,1.0,1.0,get_reservation_details,1.0,1
llm:openrouter/openai/gpt-oss-20b,36/t0/turn2,36,transfer_to_human_agents,3,1.0,1.0,transfer_to_human_agents,1.0,1
llm:openrouter/openai/gpt-oss-20b,36/t0/turn3,36,respond_to_user,5,1.0,1.0,respond_to_user,1.0,1
llm:openrouter/openai/gpt-oss-20b,36/t1/turn0,36,respond_to_user,5,1.0,1.0,respond_to_user,1.0,1
llm:openrouter/openai/gpt-oss-20b,36/t1/turn1,36,get_reservation_details,5,1.0,1.0,get_reservation_details,1.0,1
llm:openrouter/openai/gpt-oss-20b,36/t1/turn2,36,transfer_to_human_agents,4,0.75,0.75,transfer_to_human_agents,0.75,2
llm:openrouter/openai/gpt-oss-20b,36/t1/turn3,36,respond_to_user,5,1.0,1.0,respond_to_user,1.0,1
llm:openrouter/openai/gpt-oss-20b,36/t2/turn0,36,respond_to_user,4,0.75,1.0,respond_to_user,0.75,2
llm:openrouter/openai/gpt-oss-20b,36/t2/turn1,36,get_reservation_details,5,1.0,1.0,get_reservation_details,1.0,1
llm:openrouter/openai/gpt-oss-20b,36/t2/turn2,36,transfer_to_human_agents,4,0.25,0.25,respond_to_user,0.75,2
llm:openrouter/openai/gpt-oss-20b,36/t2/turn3,36,respond_to_user,5,1.0,1.0,respond_to_user,1.0,1
llm:openrouter/openai/gpt-oss-20b,37/t0/turn0,37,respond_to_user,4,1.0,1.0,respond_to_user,1.0,1
llm:openrouter/openai/gpt-oss-20b,37/t0/turn1,37,get_user_details,4,0.0,0.75,get_reservation_details,0.75,2
llm:openrouter/openai/gpt-oss-20b,37/t0/turn10,37,transfer_to_human_agents,3,1.0,1.0,transfer_to_human_agents,1.0,1
llm:openrouter/openai/gpt-oss-20b,37/t0/turn11,37,respond_to_user,4,1.0,1.0,respond_to_user,1.0,1
llm:openrouter/openai/gpt-oss-20b,37/t0/turn2,37,get_reservation_details,5,0.4,0.4,respond_to_user,0.6,2
llm:openrouter/openai/gpt-oss-20b,37/t0/turn3,37,get_reservation_details,5,0.6,0.6,get_reservation_details,0.6,2
llm:openrouter/openai/gpt-oss-20b,37/t0/turn4,37,get_reservation_details,3,0.3333333333333333,0.3333333333333333,get_reservation_details,0.3333333333333333,3
llm:openrouter/openai/gpt-oss-20b,37/t0/turn5,37,get_flight_status,3,0.0,0.0,respond_to_user,0.6666666666666666,2
llm:openrouter/openai/gpt-oss-20b,37/t0/turn6,37,search_direct_flight,4,0.0,0.0,respond_to_user,0.5,2
llm:openrouter/openai/gpt-oss-20b,37/t0/turn7,37,search_direct_flight,3,0.3333333333333333,0.3333333333333333,respond_to_user,0.3333333333333333,3
llm:openrouter/openai/gpt-oss-20b,37/t0/turn8,37,respond_to_user,4,0.75,0.75,respond_to_user,0.75,2
llm:openrouter/openai/gpt-oss-20b,37/t0/turn9,37,update_reservation_flights,3,1.0,1.0,update_reservation_flights,1.0,1
llm:openrouter/openai/gpt-oss-20b,37/t2/turn0,37,respond_to_user,4,1.0,1.0,respond_to_user,1.0,1
llm:openrouter/openai/gpt-oss-20b,37/t2/turn1,37,get_user_details,5,0.0,1.0,get_reservation_details,1.0,1
llm:openrouter/openai/gpt-oss-20b,37/t2/turn10,37,transfer_to_human_agents,2,0.5,0.5,respond_to_user,0.5,2
llm:openrouter/openai/gpt-oss-20b,37/t2/turn11,37,respond_to_user,2,1.0,1.0,respond_to_user,1.0,1
llm:openrouter/openai/gpt-oss-20b,37/t2/turn2,37,get_reservation_details,5,1.0,1.0,get_reservation_details,1.0,1
llm:openrouter/openai/gpt-oss-20b,37/t2/turn3,37,get_reservation_details,4,0.0,0.0,transfer_to_human_agents,1.0,1
llm:openrouter/openai/gpt-oss-20b,37/t2/turn4,37,get_flight_status,3,0.0,1.0,get_reservation_details,1.0,1
llm:openrouter/openai/gpt-oss-20b,37/t2/turn5,37,get_reservation_details,5,0.4,0.4,get_reservation_details,0.4,3
llm:openrouter/openai/gpt-oss-20b,37/t2/turn6,37,search_direct_flight,4,0.0,0.0,transfer_to_human_agents,0.75,2
llm:openrouter/openai/gpt-oss-20b,37/t2/turn7,37,search_direct_flight,4,0.5,0.5,search_direct_flight,0.5,3
llm:openrouter/openai/gpt-oss-20b,37/t2/turn8,37,respond_to_user,5,0.4,0.4,respond_to_user,0.4,3
llm:openrouter/openai/gpt-oss-20b,37/t2/turn9,37,update_reservation_flights,5,0.8,0.8,update_reservation_flights,0.8,2
llm:openrouter/openai/gpt-oss-20b,38/t0/turn0,38,respond_to_user,5,1.0,1.0,respond_to_user,1.0,1
llm:openrouter/openai/gpt-oss-20b,38/t0/turn1,38,get_user_details,5,1.0,1.0,get_user_details,1.0,1
llm:openrouter/openai/gpt-oss-20b,38/t0/turn10,38,respond_to_user,5,1.0,1.0,respond_to_user,1.0,1
llm:openrouter/openai/gpt-oss-20b,38/t0/turn11,38,respond_to_user,3,1.0,1.0,respond_to_user,1.0,1
llm:openrouter/openai/gpt-oss-20b,38/t0/turn2,38,get_reservation_details,3,0.3333333333333333,0.3333333333333333,respond_to_user,0.6666666666666666,2
llm:openrouter/openai/gpt-oss-20b,38/t0/turn3,38,get_flight_status,3,0.6666666666666666,0.6666666666666666,get_flight_status,0.6666666666666666,2
llm:openrouter/openai/gpt-oss-20b,38/t0/turn4,38,get_flight_status,4,0.0,0.0,respond_to_user,1.0,1
llm:openrouter/openai/gpt-oss-20b,38/t0/turn5,38,respond_to_user,4,1.0,1.0,respond_to_user,1.0,1
llm:openrouter/openai/gpt-oss-20b,38/t0/turn6,38,respond_to_user,1,1.0,1.0,respond_to_user,1.0,1
llm:openrouter/openai/gpt-oss-20b,38/t0/turn7,38,get_reservation_details,4,0.0,0.0,respond_to_user,1.0,1
llm:openrouter/openai/gpt-oss-20b,38/t0/turn8,38,respond_to_user,5,0.6,0.8,respond_to_user,0.6,3
llm:openrouter/openai/gpt-oss-20b,38/t0/turn9,38,get_reservation_details,4,0.25,0.25,respond_to_user,0.75,2
llm:openrouter/openai/gpt-oss-20b,38/t1/turn0,38,respond_to_user,2,1.0,1.0,respond_to_user,1.0,1
llm:openrouter/openai/gpt-oss-20b,38/t1/turn1,38,get_user_details,3,1.0,1.0,get_user_details,1.0,1
llm:openrouter/openai/gpt-oss-20b,38/t1/turn10,38,respond_to_user,5,1.0,1.0,respond_to_user,1.0,1
llm:openrouter/openai/gpt-oss-20b,38/t1/turn11,38,transfer_to_human_agents,4,0.75,0.75,transfer_to_human_agents,0.75,2
llm:openrouter/openai/gpt-oss-20b,38/t1/turn12,38,respond_to_user,4,1.0,1.0,respond_to_user,1.0,1
llm:openrouter/openai/gpt-oss-20b,38/t1/turn2,38,get_reservation_details,4,1.0,1.0,get_reservation_details,1.0,1
llm:openrouter/openai/gpt-oss-20b,38/t1/turn3,38,get_reservation_details,5,0.0,0.0,respond_to_user,0.6,2
llm:openrouter/openai/gpt-oss-20b,38/t1/turn4,38,respond_to_user,2,0.0,0.0,get_flight_status,1.0,1
llm:openrouter/openai/gpt-oss-20b,38/t1/turn5,38,get_flight_status,5,1.0,1.0,get_flight_status,1.0,1
llm:openrouter/openai/gpt-oss-20b,38/t1/turn6,38,get_flight_status,4,1.0,1.0,get_flight_status,1.0,1
llm:openrouter/openai/gpt-oss-20b,38/t1/turn7,38,get_flight_status,3,0.0,0.0,respond_to_user,1.0,1
llm:openrouter/openai/gpt-oss-20b,38/t1/turn8,38,get_flight_status,3,0.0,0.0,respond_to_user,1.0,1
llm:openrouter/openai/gpt-oss-20b,38/t1/turn9,38,respond_to_user,4,1.0,1.0,respond_to_user,1.0,1
llm:openrouter/openai/gpt-oss-20b,38/t2/turn0,38,respond_to_user,5,1.0,1.0,respond_to_user,1.0,1
llm:openrouter/openai/gpt-oss-20b,38/t2/turn1,38,get_user_details,4,0.75,0.75,get_user_details,0.75,2
llm:openrouter/openai/gpt-oss-20b,38/t2/turn2,38,get_reservation_details,4,0.0,0.0,respond_to_user,1.0,1
llm:openrouter/openai/gpt-oss-20b,38/t2/turn3,38,get_reservation_details,3,0.0,0.0,respond_to_user,0.6666666666666666,2
llm:openrouter/openai/gpt-oss-20b,38/t2/turn4,38,get_flight_status,5,0.4,0.4,respond_to_user,0.6,2
llm:openrouter/openai/gpt-oss-20b,38/t2/turn5,38,get_flight_status,4,0.0,0.0,respond_to_user,0.75,2
llm:openrouter/openai/gpt-oss-20b,38/t2/turn6,38,respond_to_user,5,1.0,1.0,respond_to_user,1.0,1
llm:openrouter/openai/gpt-oss-20b,38/t2/turn7,38,respond_to_user,3,1.0,1.0,respond_to_user,1.0,1
llm:openrouter/openai/gpt-oss-20b,4/t0/turn0,4,respond_to_user,5,1.0,1.0,respond_to_user,1.0,1
llm:openrouter/openai/gpt-oss-20b,4/t0/turn1,4,get_user_details,4,1.0,1.0,get_user_details,1.0,1
llm:openrouter/openai/gpt-oss-20b,4/t0/turn10,4,transfer_to_human_agents,5,0.6,0.6,transfer_to_human_agents,0.6,2
llm:openrouter/openai/gpt-oss-20b,4/t0/turn11,4,respond_to_user,4,1.0,1.0,respond_to_user,1.0,1
llm:openrouter/openai/gpt-oss-20b,4/t0/turn2,4,get_reservation_details,4,0.5,0.5,get_reservation_details,0.5,2
llm:openrouter/openai/gpt-oss-20b,4/t0/turn3,4,get_reservation_details,3,0.6666666666666666,0.6666666666666666,get_reservation_details,0.6666666666666666,2
llm:openrouter/openai/gpt-oss-20b,4/t0/turn4,4,get_reservation_details,4,0.25,0.25,respond_to_user,0.75,2
llm:openrouter/openai/gpt-oss-20b,4/t0/turn5,4,get_reservation_details,5,0.2,0.2,respond_to_user,0.8,2
llm:openrouter/openai/gpt-oss-20b,4/t0/turn6,4,get_reservation_details,3,0.0,0.0,respond_to_user,1.0,1
llm:openrouter/openai/gpt-oss-20b,4/t0/turn7,4,get_flight_status,3,0.0,0.0,respond_to_user,1.0,1
llm:openrouter/openai/gpt-oss-20b,4/t0/turn8,4,get_flight_status,3,0.0,0.0,respond_to_user,1.0,1
llm:openrouter/openai/gpt-oss-20b,4/t0/turn9,4,respond_to_user,4,1.0,1.0,respond_to_user,1.0,1
llm:openrouter/openai/gpt-oss-20b,4/t1/turn0,4,respond_to_user,3,1.0,1.0,respond_to_user,1.0,1
llm:openrouter/openai/gpt-oss-20b,4/t1/turn1,4,get_user_details,4,1.0,1.0,get_user_details,1.0,1
llm:openrouter/openai/gpt-oss-20b,4/t1/turn10,4,transfer_to_human_agents,4,0.0,0.0,respond_to_user,1.0,1
llm:openrouter/openai/gpt-oss-20b,4/t1/turn11,4,respond_to_user,5,0.8,0.8,respond_to_user,0.8,2
llm:openrouter/openai/gpt-oss-20b,4/t1/turn2,4,get_reservation_details,4,0.75,0.75,get_reservation_details,0.75,2
llm:openrouter/openai/gpt-oss-20b,4/t1/turn3,4,get_reservation_details,3,0.6666666666666666,0.6666666666666666,get_reservation_details,0.6666666666666666,2
llm:openrouter/openai/gpt-oss-20b,4/t1/turn4,4,get_reservation_details,3,1.0,1.0,get_reservation_details,1.0,1
llm:openrouter/openai/gpt-oss-20b,4/t1/turn5,4,get_reservation_details,5,0.4,0.4,respond_to_user,0.6,2
llm:openrouter/openai/gpt-oss-20b,4/t1/turn6,4,get_reservation_details,4,0.0,0.0,respond_to_user,1.0,1
llm:openrouter/openai/gpt-oss-20b,4/t1/turn7,4,get_flight_status,4,0.0,0.0,respond_to_user,1.0,1
llm:openrouter/openai/gpt-oss-20b,4/t1/turn8,4,get_flight_status,5,0.0,0.0,respond_to_user,1.0,1
llm:openrouter/openai/gpt-oss-20b,4/t1/turn9,4,respond_to_user,4,1.0,1.0,respond_to_user,1.0,1
llm:openrouter/openai/gpt-oss-20b,4/t2/turn0,4,respond_to_user,4,1.0,1.0,respond_to_user,1.0,1
llm:openrouter/openai/gpt-oss-20b,4/t2/turn1,4,get_user_details,4,1.0,1.0,get_user_details,1.0,1
llm:openrouter/openai/gpt-oss-20b,4/t2/turn10,4,transfer_to_human_agents,4,1.0,1.0,transfer_to_human_agents,1.0,1
llm:openrouter/openai/gpt-oss-20b,4/t2/turn11,4,respond_to_user,4,1.0,1.0,respond_to_user,1.0,1
llm:openrouter/openai/gpt-oss-20b,4/t2/turn2,4,get_reservation_details,3,0.0,0.0,respond_to_user,1.0,1
llm:openrouter/openai/gpt-oss-20b,4/t2/turn3,4,get_reservation_details,3,0.0,0.0,respond_to_user,1.0,1
llm:openrouter/openai/gpt-oss-20b,4/t2/turn4,4,get_reservation_details,3,0.0,0.0,respond_to_user,0.6666666666666666,2
llm:openrouter/openai/gpt-oss-20b,4/t2/turn5,4,get_reservation_details,5,0.2,0.2,respond_to_user,0.8,2
llm:openrouter/openai/gpt-oss-20b,4/t2/turn6,4,get_reservation_details,4,0.25,0.25,respond_to_user,0.75,2
llm:openrouter/openai/gpt-oss-20b,4/t2/turn7,4,get_flight_status,5,0.0,0.0,respond_to_user,1.0,1
llm:openrouter/openai/gpt-oss-20b,4/t2/turn8,4,get_flight_status,3,0.0,0.0,respond_to_user,1.0,1
llm:openrouter/openai/gpt-oss-20b,4/t2/turn9,4,respond_to_user,5,1.0,1.0,respond_to_user,1.0,1
llm:openrouter/openai/gpt-oss-20b,40/t0/turn0,40,respond_to_user,4,1.0,1.0,respond_to_user,1.0,1
llm:openrouter/openai/gpt-oss-20b,40/t0/turn1,40,get_user_details,4,0.0,0.0,respond_to_user,1.0,1
llm:openrouter/openai/gpt-oss-20b,40/t0/turn2,40,respond_to_user,4,1.0,1.0,respond_to_user,1.0,1
llm:openrouter/openai/gpt-oss-20b,40/t0/turn3,40,update_reservation_passengers,3,1.0,1.0,update_reservation_passengers,1.0,1
llm:openrouter/openai/gpt-oss-20b,40/t0/turn4,40,respond_to_user,3,1.0,1.0,respond_to_user,1.0,1
llm:openrouter/openai/gpt-oss-20b,40/t1/turn0,40,respond_to_user,4,1.0,1.0,respond_to_user,1.0,1
llm:openrouter/openai/gpt-oss-20b,40/t1/turn1,40,get_reservation_details,4,0.0,0.0,respond_to_user,1.0,1
llm:openrouter/openai/gpt-oss-20b,40/t1/turn2,40,respond_to_user,5,1.0,1.0,respond_to_user,1.0,1
llm:openrouter/openai/gpt-oss-20b,40/t1/turn3,40,update_reservation_passengers,4,1.0,1.0,update_reservation_passengers,1.0,1
llm:openrouter/openai/gpt-oss-20b,40/t1/turn4,40,respond_to_user,5,1.0,1.0,respond_to_user,1.0,1
llm:openrouter/openai/gpt-oss-20b,40/t2/turn0,40,respond_to_user,4,1.0,1.0,respond_to_user,1.0,1
llm:openrouter/openai/gpt-oss-20b,40/t2/turn1,40,get_user_details,5,0.0,0.2,respond_to_user,0.8,2
llm:openrouter/openai/gpt-oss-20b,40/t2/turn2,40,respond_to_user,2,1.0,1.0,respond_to_user,1.0,1
llm:openrouter/openai/gpt-oss-20b,40/t2/turn3,40,update_reservation_passengers,5,1.0,1.0,update_reservation_passengers,1.0,1
llm:openrouter/openai/gpt-oss-20b,40/t2/turn4,40,respond_to_user,5,1.0,1.0,respond_to_user,1.0,1
llm:openrouter/openai/gpt-oss-20b,41/t0/turn0,41,respond_to_user,5,1.0,1.0,respond_to_user,1.0,1
llm:openrouter/openai/gpt-oss-20b,41/t0/turn1,41,get_user_details,4,1.0,1.0,get_user_details,1.0,1
llm:openrouter/openai/gpt-oss-20b,41/t0/turn10,41,respond_to_user,2,1.0,1.0,respond_to_user,1.0,1
llm:openrouter/openai/gpt-oss-20b,41/t0/turn11,41,transfer_to_human_agents,5,1.0,1.0,transfer_to_human_agents,1.0,1
llm:openrouter/openai/gpt-oss-20b,41/t0/turn12,41,respond_to_user,4,1.0,1.0,respond_to_user,1.0,1
llm:openrouter/openai/gpt-oss-20b,41/t0/turn2,41,get_reservation_details,5,1.0,1.0,get_reservation_details,1.0,1
llm:openrouter/openai/gpt-oss-20b,41/t0/turn3,41,get_reservation_details,5,1.0,1.0,get_reservation_details,1.0,1
llm:openrouter/openai/gpt-oss-20b,41/t0/turn4,41,get_reservation_details,5,0.8,0.8,get_reservation_details,0.8,2
llm:openrouter/openai/gpt-oss-20b,41/t0/turn5,41,get_reservation_details,5,0.2,0.2,transfer_to_human_agents,0.6,3
llm:openrouter/openai/gpt-oss-20b,41/t0/turn6,41,get_reservation_details,4,0.0,0.0,respond_to_user,0.75,2
llm:openrouter/openai/gpt-oss-20b,41/t0/turn7,41,get_reservation_details,4,0.0,0.0,respond_to_user,0.5,2
llm:openrouter/openai/gpt-oss-20b,41/t0/turn8,41,get_reservation_details,4,0.25,0.25,transfer_to_human_agents,0.75,2
llm:openrouter/openai/gpt-oss-20b,41/t0/turn9,41,respond_to_user,3,0.6666666666666666,0.6666666666666666,respond_to_user,0.6666666666666666,2
llm:openrouter/openai/gpt-oss-20b,41/t1/turn0,41,respond_to_user,4,1.0,1.0,respond_to_user,1.0,1
llm:openrouter/openai/gpt-oss-20b,41/t1/turn1,41,get_user_details,5,1.0,1.0,get_user_details,1.0,1
llm:openrouter/openai/gpt-oss-20b,41/t1/turn10,41,respond_to_user,3,0.6666666666666666,0.6666666666666666,respond_to_user,0.6666666666666666,2
llm:openrouter/openai/gpt-oss-20b,41/t1/turn11,41,respond_to_user,4,0.5,0.5,transfer_to_human_agents,0.5,2
llm:openrouter/openai/gpt-oss-20b,41/t1/turn12,41,transfer_to_human_agents,5,0.6,0.6,transfer_to_human_agents,0.6,2
llm:openrouter/openai/gpt-oss-20b,41/t1/turn13,41,respond_to_user,4,1.0,1.0,respond_to_user,1.0,1
llm:openrouter/openai/gpt-oss-20b,41/t1/turn2,41,get_reservation_details,5,0.8,0.8,get_reservation_details,0.8,2
llm:openrouter/openai/gpt-oss-20b,41/t1/turn3,41,get_reservation_details,4,0.5,0.5,get_reservation_details,0.5,2
llm:openrouter/openai/gpt-oss-20b,41/t1/turn4,41,get_reservation_details,2,0.5,0.5,get_reservation_details,0.5,2
llm:openrouter/openai/gpt-oss-20b,41/t1/turn5,41,get_reservation_details,4,0.0,0.0,transfer_to_human_agents,0.5,2
llm:openrouter/openai/gpt-oss-20b,41/t1/turn6,41,get_reservation_details,4,0.5,0.5,get_reservation_details,0.5,3
llm:openrouter/openai/gpt-oss-20b,41/t1/turn7,41,get_reservation_details,4,0.25,0.25,transfer_to_human_agents,0.5,3
llm:openrouter/openai/gpt-oss-20b,41/t1/turn8,41,get_reservation_details,4,0.0,0.0,transfer_to_human_agents,0.5,2
llm:openrouter/openai/gpt-oss-20b,41/t1/turn9,41,get_flight_status,4,0.0,0.0,transfer_to_human_agents,0.5,2
llm:openrouter/openai/gpt-oss-20b,41/t2/turn0,41,respond_to_user,4,0.75,1.0,respond_to_user,0.75,2
llm:openrouter/openai/gpt-oss-20b,41/t2/turn1,41,get_user_details,3,1.0,1.0,get_user_details,1.0,1
llm:openrouter/openai/gpt-oss-20b,41/t2/turn10,41,respond_to_user,3,1.0,1.0,respond_to_user,1.0,1
llm:openrouter/openai/gpt-oss-20b,41/t2/turn11,41,transfer_to_human_agents,5,0.2,0.2,respond_to_user,0.8,2
llm:openrouter/openai/gpt-oss-20b,41/t2/turn12,41,respond_to_user,3,1.0,1.0,respond_to_user,1.0,1
llm:openrouter/openai/gpt-oss-20b,41/t2/turn2,41,get_reservation_details,5,1.0,1.0,get_reservation_details,1.0,1
llm:openrouter/openai/gpt-oss-20b,41/t2/turn3,41,get_reservation_details,2,1.0,1.0,get_reservation_details,1.0,1
llm:openrouter/openai/gpt-oss-20b,41/t2/turn4,41,get_reservation_details,4,0.5,0.5,get_reservation_details,0.5,2
llm:openrouter/openai/gpt-oss-20b,41/t2/turn5,41,get_reservation_details,5,0.2,0.2,transfer_to_human_agents,0.6,3
llm:openrouter/openai/gpt-oss-20b,41/t2/turn6,41,get_reservation_details,4,0.5,0.5,get_reservation_details,0.5,3
llm:openrouter/openai/gpt-oss-20b,41/t2/turn7,41,get_reservation_details,3,0.0,0.0,transfer_to_human_agents,0.6666666666666666,2
llm:openrouter/openai/gpt-oss-20b,41/t2/turn8,41,get_reservation_details,4,0.0,0.0,transfer_to_human_agents,1.0,1
llm:openrouter/openai/gpt-oss-20b,41/t2/turn9,41,respond_to_user,2,0.5,0.5,transfer_to_human_agents,0.5,2
llm:openrouter/openai/gpt-oss-20b,42/t0/turn0,42,respond_to_user,4,1.0,1.0,respond_to_user,1.0,1
llm:openrouter/openai/gpt-oss-20b,42/t0/turn1,42,get_user_details,4,1.0,1.0,get_user_details,1.0,1
llm:openrouter/openai/gpt-oss-20b,42/t0/turn10,42,respond_to_user,4,0.75,0.75,respond_to_user,0.75,2
llm:openrouter/openai/gpt-oss-20b,42/t0/turn11,42,cancel_reservation,4,1.0,1.0,cancel_reservation,1.0,1
llm:openrouter/openai/gpt-oss-20b,42/t0/turn12,42,cancel_reservation,4,1.0,1.0,cancel_reservation,1.0,1
llm:openrouter/openai/gpt-oss-20b,42/t0/turn13,42,respond_to_user,5,1.0,1.0,respond_to_user,1.0,1
llm:openrouter/openai/gpt-oss-20b,42/t0/turn2,42,get_reservation_details,3,0.3333333333333333,0.3333333333333333,respond_to_user,0.6666666666666666,2
llm:openrouter/openai/gpt-oss-20b,42/t0/turn3,42,get_reservation_details,5,1.0,1.0,get_reservation_details,1.0,1
llm:openrouter/openai/gpt-oss-20b,42/t0/turn4,42,get_reservation_details,5,0.6,0.6,get_reservation_details,0.6,2
llm:openrouter/openai/gpt-oss-20b,42/t0/turn5,42,get_reservation_details,5,0.2,0.2,respond_to_user,0.8,2
llm:openrouter/openai/gpt-oss-20b,42/t0/turn6,42,get_reservation_details,5,0.4,0.4,respond_to_user,0.6,2
llm:openrouter/openai/gpt-oss-20b,42/t0/turn7,42,get_reservation_details,2,0.5,0.5,get_reservation_details,0.5,2
llm:openrouter/openai/gpt-oss-20b,42/t0/turn8,42,get_reservation_details,2,0.0,0.0,respond_to_user,1.0,1
llm:openrouter/openai/gpt-oss-20b,42/t0/turn9,42,respond_to_user,1,1.0,1.0,respond_to_user,1.0,1
llm:openrouter/openai/gpt-oss-20b,42/t1/turn0,42,respond_to_user,5,1.0,1.0,respond_to_user,1.0,1
llm:openrouter/openai/gpt-oss-20b,42/t1/turn1,42,get_user_details,5,1.0,1.0,get_user_details,1.0,1
llm:openrouter/openai/gpt-oss-20b,42/t1/turn10,42,respond_to_user,3,0.6666666666666666,0.6666666666666666,respond_to_user,0.6666666666666666,2
llm:openrouter/openai/gpt-oss-20b,42/t1/turn11,42,cancel_reservation,4,1.0,1.0,cancel_reservation,1.0,1
llm:openrouter/openai/gpt-oss-20b,42/t1/turn12,42,cancel_reservation,4,1.0,1.0,cancel_reservation,1.0,1
llm:openrouter/openai/gpt-oss-20b,42/t1/turn13,42,respond_to_user,4,1.0,1.0,respond_to_user,1.0,1
llm:openrouter/openai/gpt-oss-20b,42/t1/turn2,42,get_reservation_details,4,0.75,0.75,get_reservation_details,0.75,2
llm:openrouter/openai/gpt-oss-20b,42/t1/turn3,42,get_reservation_details,5,1.0,1.0,get_reservation_details,1.0,1
llm:openrouter/openai/gpt-oss-20b,42/t1/turn4,42,get_reservation_details,4,1.0,1.0,get_reservation_details,1.0,1
llm:openrouter/openai/gpt-oss-20b,42/t1/turn5,42,get_reservation_details,4,0.5,0.5,get_reservation_details,0.5,2
llm:openrouter/openai/gpt-oss-20b,42/t1/turn6,42,get_reservation_details,3,0.3333333333333333,0.3333333333333333,respond_to_user,0.6666666666666666,2
llm:openrouter/openai/gpt-oss-20b,42/t1/turn7,42,get_reservation_details,3,0.6666666666666666,0.6666666666666666,get_reservation_details,0.6666666666666666,2
llm:openrouter/openai/gpt-oss-20b,42/t1/turn8,42,get_reservation_details,4,0.0,0.0,respond_to_user,1.0,1
llm:openrouter/openai/gpt-oss-20b,42/t1/turn9,42,respond_to_user,4,1.0,1.0,respond_to_user,1.0,1
llm:openrouter/openai/gpt-oss-20b,42/t2/turn0,42,respond_to_user,5,1.0,1.0,respond_to_user,1.0,1
llm:openrouter/openai/gpt-oss-20b,42/t2/turn1,42,get_user_details,4,1.0,1.0,get_user_details,1.0,1
llm:openrouter/openai/gpt-oss-20b,42/t2/turn10,42,cancel_reservation,4,0.0,0.0,respond_to_user,1.0,1
llm:openrouter/openai/gpt-oss-20b,42/t2/turn11,42,cancel_reservation,5,0.8,0.8,cancel_reservation,0.8,2
llm:openrouter/openai/gpt-oss-20b,42/t2/turn12,42,respond_to_user,4,1.0,1.0,respond_to_user,1.0,1
llm:openrouter/openai/gpt-oss-20b,42/t2/turn2,42,get_reservation_details,5,1.0,1.0,get_reservation_details,1.0,1
llm:openrouter/openai/gpt-oss-20b,42/t2/turn3,42,get_reservation_details,3,0.6666666666666666,0.6666666666666666,get_reservation_details,0.6666666666666666,2
llm:openrouter/openai/gpt-oss-20b,42/t2/turn4,42,get_reservation_details,4,0.75,0.75,get_reservation_details,0.75,2
llm:openrouter/openai/gpt-oss-20b,42/t2/turn5,42,get_reservation_details,4,0.5,0.5,respond_to_user,0.5,2
llm:openrouter/openai/gpt-oss-20b,42/t2/turn6,42,get_reservation_details,5,0.4,0.4,respond_to_user,0.6,2
llm:openrouter/openai/gpt-oss-20b,42/t2/turn7,42,get_reservation_details,5,0.0,0.0,respond_to_user,1.0,1
llm:openrouter/openai/gpt-oss-20b,42/t2/turn8,42,get_reservation_details,4,0.0,0.0,respond_to_user,1.0,1
llm:openrouter/openai/gpt-oss-20b,42/t2/turn9,42,respond_to_user,4,1.0,1.0,respond_to_user,1.0,1
llm:openrouter/openai/gpt-oss-20b,43/t0/turn0,43,respond_to_user,5,1.0,1.0,respond_to_user,1.0,1
llm:openrouter/openai/gpt-oss-20b,43/t0/turn1,43,get_user_details,5,0.8,0.8,get_user_details,0.8,2
llm:openrouter/openai/gpt-oss-20b,43/t0/turn10,43,respond_to_user,2,1.0,1.0,respond_to_user,1.0,1
llm:openrouter/openai/gpt-oss-20b,43/t0/turn2,43,get_reservation_details,5,1.0,1.0,get_reservation_details,1.0,1
llm:openrouter/openai/gpt-oss-20b,43/t0/turn3,43,get_reservation_details,5,0.8,0.8,get_reservation_details,0.8,2
llm:openrouter/openai/gpt-oss-20b,43/t0/turn4,43,get_reservation_details,4,0.75,0.75,get_reservation_details,0.75,2
llm:openrouter/openai/gpt-oss-20b,43/t0/turn5,43,get_reservation_details,4,0.75,0.75,get_reservation_details,0.75,2
llm:openrouter/openai/gpt-oss-20b,43/t0/turn6,43,get_reservation_details,4,0.0,0.0,transfer_to_human_agents,1.0,1
llm:openrouter/openai/gpt-oss-20b,43/t0/turn7,43,get_reservation_details,3,0.0,0.0,transfer_to_human_agents,1.0,1
llm:openrouter/openai/gpt-oss-20b,43/t0/turn8,43,respond_to_user,5,0.2,0.2,transfer_to_human_agents,0.8,2
llm:openrouter/openai/gpt-oss-20b,43/t0/turn9,43,respond_to_user,3,1.0,1.0,respond_to_user,1.0,1
llm:openrouter/openai/gpt-oss-20b,43/t1/turn0,43,respond_to_user,5,1.0,1.0,respond_to_user,1.0,1
llm:openrouter/openai/gpt-oss-20b,43/t1/turn1,43,get_user_details,2,1.0,1.0,get_user_details,1.0,1
llm:openrouter/openai/gpt-oss-20b,43/t1/turn2,43,get_reservation_details,4,1.0,1.0,get_reservation_details,1.0,1
llm:openrouter/openai/gpt-oss-20b,43/t1/turn3,43,get_reservation_details,4,1.0,1.0,get_reservation_details,1.0,1
llm:openrouter/openai/gpt-oss-20b,43/t1/turn4,43,get_reservation_details,5,1.0,1.0,get_reservation_details,1.0,1
llm:openrouter/openai/gpt-oss-20b,43/t1/turn5,43,get_reservation_details,5,0.8,0.8,get_reservation_details,0.8,2
llm:openrouter/openai/gpt-oss-20b,43/t1/turn6,43,get_reservation_details,4,0.0,0.0,transfer_to_human_agents,0.75,2
llm:openrouter/openai/gpt-oss-20b,43/t1/turn7,43,get_reservation_details,4,0.0,0.0,transfer_to_human_agents,0.75,2
llm:openrouter/openai/gpt-oss-20b,43/t1/turn8,43,transfer_to_human_agents,4,1.0,1.0,transfer_to_human_agents,1.0,1
llm:openrouter/openai/gpt-oss-20b,43/t1/turn9,43,respond_to_user,5,1.0,1.0,respond_to_user,1.0,1
llm:openrouter/openai/gpt-oss-20b,43/t2/turn0,43,respond_to_user,5,1.0,1.0,respond_to_user,1.0,1
llm:openrouter/openai/gpt-oss-20b,43/t2/turn1,43,get_user_details,5,1.0,1.0,get_user_details,1.0,1
llm:openrouter/openai/gpt-oss-20b,43/t2/turn2,43,get_reservation_details,5,0.8,0.8,get_reservation_details,0.8,2
llm:openrouter/openai/gpt-oss-20b,43/t2/turn3,43,get_reservation_details,5,0.8,0.8,get_reservation_details,0.8,2
llm:openrouter/openai/gpt-oss-20b,43/t2/turn4,43,get_reservation_details,3,1.0,1.0,get_reservation_details,1.0,1
llm:openrouter/openai/gpt-oss-20b,43/t2/turn5,43,get_reservation_details,4,1.0,1.0,get_reservation_details,1.0,1
llm:openrouter/openai/gpt-oss-20b,43/t2/turn6,43,get_flight_status,5,0.0,0.0,transfer_to_human_agents,1.0,1
llm:openrouter/openai/gpt-oss-20b,43/t2/turn7,43,respond_to_user,5,0.2,0.2,transfer_to_human_agents,0.8,2
llm:openrouter/openai/gpt-oss-20b,43/t2/turn8,43,transfer_to_human_agents,2,0.5,0.5,respond_to_user,0.5,2
llm:openrouter/openai/gpt-oss-20b,43/t2/turn9,43,respond_to_user,5,0.8,0.8,respond_to_user,0.8,2
llm:openrouter/openai/gpt-oss-20b,45/t0/turn0,45,respond_to_user,4,1.0,1.0,respond_to_user,1.0,1
llm:openrouter/openai/gpt-oss-20b,45/t0/turn1,45,get_reservation_details,4,1.0,1.0,get_reservation_details,1.0,1
llm:openrouter/openai/gpt-oss-20b,45/t0/turn2,45,get_flight_status,3,0.0,0.0,transfer_to_human_agents,0.6666666666666666,2
llm:openrouter/openai/gpt-oss-20b,45/t0/turn3,45,respond_to_user,5,0.4,0.4,transfer_to_human_agents,0.6,2
llm:openrouter/openai/gpt-oss-20b,45/t0/turn4,45,respond_to_user,5,0.8,0.8,respond_to_user,0.8,2
llm:openrouter/openai/gpt-oss-20b,45/t0/turn5,45,respond_to_user,4,1.0,1.0,respond_to_user,1.0,1
llm:openrouter/openai/gpt-oss-20b,45/t1/turn0,45,respond_to_user,4,1.0,1.0,respond_to_user,1.0,1
llm:openrouter/openai/gpt-oss-20b,45/t1/turn1,45,get_reservation_details,5,1.0,1.0,get_reservation_details,1.0,1
llm:openrouter/openai/gpt-oss-20b,45/t1/turn2,45,get_flight_status,5,0.0,0.0,transfer_to_human_agents,0.6,2
llm:openrouter/openai/gpt-oss-20b,45/t1/turn3,45,get_flight_status,3,0.0,0.0,respond_to_user,0.6666666666666666,2
llm:openrouter/openai/gpt-oss-20b,45/t1/turn4,45,respond_to_user,3,0.0,0.0,transfer_to_human_agents,1.0,1
llm:openrouter/openai/gpt-oss-20b,45/t1/turn5,45,respond_to_user,3,1.0,1.0,respond_to_user,1.0,1
llm:openrouter/openai/gpt-oss-20b,45/t1/turn6,45,respond_to_user,4,1.0,1.0,respond_to_user,1.0,1
llm:openrouter/openai/gpt-oss-20b,45/t2/turn0,45,respond_to_user,5,1.0,1.0,respond_to_user,1.0,1
llm:openrouter/openai/gpt-oss-20b,45/t2/turn1,45,get_reservation_details,4,0.75,0.75,get_reservation_details,0.75,2
llm:openrouter/openai/gpt-oss-20b,45/t2/turn2,45,respond_to_user,4,0.75,0.75,respond_to_user,0.75,2
llm:openrouter/openai/gpt-oss-20b,45/t2/turn3,45,respond_to_user,3,0.3333333333333333,0.3333333333333333,transfer_to_human_agents,0.6666666666666666,2
llm:openrouter/openai/gpt-oss-20b,45/t2/turn4,45,respond_to_user,3,1.0,1.0,respond_to_user,1.0,1
llm:openrouter/openai/gpt-oss-20b,45/t2/turn5,45,respond_to_user,4,1.0,1.0,respond_to_user,1.0,1
llm:openrouter/openai/gpt-oss-20b,46/t0/turn0,46,transfer_to_human_agents,4,0.0,0.0,respond_to_user,1.0,1
llm:openrouter/openai/gpt-oss-20b,46/t0/turn1,46,respond_to_user,4,0.75,0.75,respond_to_user,0.75,2
llm:openrouter/openai/gpt-oss-20b,46/t1/turn0,46,transfer_to_human_agents,1,0.0,0.0,respond_to_user,1.0,1
llm:openrouter/openai/gpt-oss-20b,46/t1/turn1,46,respond_to_user,2,0.0,0.0,transfer_to_human_agents,1.0,1
llm:openrouter/openai/gpt-oss-20b,46/t2/turn0,46,transfer_to_human_agents,5,0.2,0.2,respond_to_user,0.8,2
llm:openrouter/openai/gpt-oss-20b,46/t2/turn1,46,respond_to_user,4,0.25,0.25,transfer_to_human_agents,0.75,2
llm:openrouter/openai/gpt-oss-20b,47/t0/turn0,47,respond_to_user,4,1.0,1.0,respond_to_user,1.0,1
llm:openrouter/openai/gpt-oss-20b,47/t0/turn1,47,get_reservation_details,5,1.0,1.0,get_reservation_details,1.0,1
llm:openrouter/openai/gpt-oss-20b,47/t0/turn2,47,respond_to_user,3,0.6666666666666666,0.6666666666666666,respond_to_user,0.6666666666666666,2
llm:openrouter/openai/gpt-oss-20b,47/t0/turn3,47,respond_to_user,2,1.0,1.0,respond_to_user,1.0,1
llm:openrouter/openai/gpt-oss-20b,47/t0/turn4,47,respond_to_user,4,1.0,1.0,respond_to_user,1.0,1
llm:openrouter/openai/gpt-oss-20b,47/t0/turn5,47,respond_to_user,3,1.0,1.0,respond_to_user,1.0,1
llm:openrouter/openai/gpt-oss-20b,47/t0/turn6,47,respond_to_user,4,0.5,0.5,respond_to_user,0.5,2
llm:openrouter/openai/gpt-oss-20b,47/t0/turn7,47,respond_to_user,4,0.5,0.5,respond_to_user,0.5,2
llm:openrouter/openai/gpt-oss-20b,47/t1/turn0,47,respond_to_user,4,1.0,1.0,respond_to_user,1.0,1
llm:openrouter/openai/gpt-oss-20b,47/t1/turn1,47,get_user_details,5,0.0,0.6,get_reservation_details,0.6,2
llm:openrouter/openai/gpt-oss-20b,47/t1/turn2,47,get_reservation_details,5,0.8,0.8,get_reservation_details,0.8,2
llm:openrouter/openai/gpt-oss-20b,47/t1/turn3,47,get_flight_status,5,0.0,0.0,respond_to_user,0.6,2
llm:openrouter/openai/gpt-oss-20b,47/t1/turn4,47,respond_to_user,5,0.6,0.6,respond_to_user,0.6,2
llm:openrouter/openai/gpt-oss-20b,47/t1/turn5,47,transfer_to_human_agents,4,0.0,0.0,respond_to_user,1.0,1
llm:openrouter/openai/gpt-oss-20b,47/t1/turn6,47,respond_to_user,3,1.0,1.0,respond_to_user,1.0,1
llm:openrouter/openai/gpt-oss-20b,47/t2/turn0,47,respond_to_user,5,1.0,1.0,respond_to_user,1.0,1
llm:openrouter/openai/gpt-oss-20b,47/t2/turn1,47,get_user_details,4,0.0,1.0,get_reservation_details,1.0,1
llm:openrouter/openai/gpt-oss-20b,47/t2/turn2,47,respond_to_user,3,0.3333333333333333,0.3333333333333333,transfer_to_human_agents,0.6666666666666666,2
llm:openrouter/openai/gpt-oss-20b,47/t2/turn3,47,respond_to_user,2,1.0,1.0,respond_to_user,1.0,1
llm:openrouter/openai/gpt-oss-20b,47/t2/turn4,47,respond_to_user,4,1.0,1.0,respond_to_user,1.0,1
llm:openrouter/openai/gpt-oss-20b,47/t2/turn5,47,respond_to_user,3,1.0,1.0,respond_to_user,1.0,1
llm:openrouter/openai/gpt-oss-20b,47/t2/turn6,47,transfer_to_human_agents,4,0.0,0.0,respond_to_user,1.0,1
llm:openrouter/openai/gpt-oss-20b,47/t2/turn7,47,respond_to_user,4,1.0,1.0,respond_to_user,1.0,1
llm:openrouter/openai/gpt-oss-20b,48/t0/turn0,48,respond_to_user,5,1.0,1.0,respond_to_user,1.0,1
llm:openrouter/openai/gpt-oss-20b,48/t0/turn1,48,get_reservation_details,4,0.75,0.75,get_reservation_details,0.75,2
llm:openrouter/openai/gpt-oss-20b,48/t0/turn2,48,respond_to_user,3,0.3333333333333333,0.3333333333333333,transfer_to_human_agents,0.3333333333333333,3
llm:openrouter/openai/gpt-oss-20b,48/t0/turn3,48,get_reservation_details,4,0.0,0.0,respond_to_user,1.0,1
llm:openrouter/openai/gpt-oss-20b,48/t0/turn4,48,transfer_to_human_agents,4,0.0,0.0,respond_to_user,1.0,1
llm:openrouter/openai/gpt-oss-20b,48/t0/turn5,48,respond_to_user,5,1.0,1.0,respond_to_user,1.0,1
llm:openrouter/openai/gpt-oss-20b,48/t1/turn0,48,respond_to_user,3,1.0,1.0,respond_to_user,1.0,1
llm:openrouter/openai/gpt-oss-20b,48/t1/turn1,48,get_reservation_details,4,0.5,0.5,get_reservation_details,0.5,2
llm:openrouter/openai/gpt-oss-20b,48/t1/turn2,48,respond_to_user,4,1.0,1.0,respond_to_user,1.0,1
llm:openrouter/openai/gpt-oss-20b,48/t1/turn3,48,get_reservation_details,3,0.0,0.0,respond_to_user,1.0,1
llm:openrouter/openai/gpt-oss-20b,48/t1/turn4,48,transfer_to_human_agents,4,0.0,0.0,respond_to_user,1.0,1
llm:openrouter/openai/gpt-oss-20b,48/t1/turn5,48,respond_to_user,4,1.0,1.0,respond_to_user,1.0,1
llm:openrouter/openai/gpt-oss-20b,48/t2/turn0,48,respond_to_user,4,1.0,1.0,respond_to_user,1.0,1
llm:openrouter/openai/gpt-oss-20b,48/t2/turn1,48,get_reservation_details,4,0.0,0.0,respond_to_user,0.75,2
llm:openrouter/openai/gpt-oss-20b,48/t2/turn2,48,respond_to_user,5,0.2,0.2,transfer_to_human_agents,0.8,2
llm:openrouter/openai/gpt-oss-20b,48/t2/turn3,48,get_reservation_details,4,0.0,0.0,respond_to_user,1.0,1
llm:openrouter/openai/gpt-oss-20b,48/t2/turn4,48,transfer_to_human_agents,3,0.3333333333333333,0.3333333333333333,respond_to_user,0.6666666666666666,2
llm:openrouter/openai/gpt-oss-20b,48/t2/turn5,48,respond_to_user,5,1.0,1.0,respond_to_user,1.0,1
llm:openrouter/openai/gpt-oss-20b,49/t0/turn0,49,respond_to_user,2,1.0,1.0,respond_to_user,1.0,1
llm:openrouter/openai/gpt-oss-20b,49/t0/turn1,49,get_reservation_details,4,0.5,0.5,get_reservation_details,0.5,2
llm:openrouter/openai/gpt-oss-20b,49/t0/turn2,49,transfer_to_human_agents,1,0.0,0.0,respond_to_user,1.0,1
llm:openrouter/openai/gpt-oss-20b,49/t0/turn3,49,respond_to_user,4,1.0,1.0,respond_to_user,1.0,1
llm:openrouter/openai/gpt-oss-20b,49/t1/turn0,49,respond_to_user,5,1.0,1.0,respond_to_user,1.0,1
llm:openrouter/openai/gpt-oss-20b,49/t1/turn1,49,get_reservation_details,4,0.75,0.75,get_reservation_details,0.75,2
llm:openrouter/openai/gpt-oss-20b,49/t1/turn2,49,respond_to_user,3,0.6666666666666666,0.6666666666666666,respond_to_user,0.6666666666666666,2
llm:openrouter/openai/gpt-oss-20b,49/t1/turn3,49,get_user_details,3,0.0,0.0,respond_to_user,1.0,1
llm:openrouter/openai/gpt-oss-20b,49/t1/turn4,49,transfer_to_human_agents,5,0.0,0.0,respond_to_user,1.0,1
llm:openrouter/openai/gpt-oss-20b,49/t1/turn5,49,respond_to_user,3,1.0,1.0,respond_to_user,1.0,1
llm:openrouter/openai/gpt-oss-20b,49/t2/turn0,49,respond_to_user,4,1.0,1.0,respond_to_user,1.0,1
llm:openrouter/openai/gpt-oss-20b,49/t2/turn1,49,get_reservation_details,3,0.6666666666666666,0.6666666666666666,get_reservation_details,0.6666666666666666,2
llm:openrouter/openai/gpt-oss-20b,49/t2/turn2,49,respond_to_user,4,0.75,0.75,respond_to_user,0.75,2
llm:openrouter/openai/gpt-oss-20b,49/t2/turn3,49,get_user_details,4,0.25,0.25,respond_to_user,0.75,2
llm:openrouter/openai/gpt-oss-20b,49/t2/turn4,49,transfer_to_human_agents,4,0.0,0.0,respond_to_user,1.0,1
llm:openrouter/openai/gpt-oss-20b,49/t2/turn5,49,respond_to_user,4,1.0,1.0,respond_to_user,1.0,1
llm:openrouter/openai/gpt-oss-20b,5/t0/turn0,5,respond_to_user,5,1.0,1.0,respond_to_user,1.0,1
llm:openrouter/openai/gpt-oss-20b,5/t0/turn1,5,respond_to_user,3,1.0,1.0,respond_to_user,1.0,1
llm:openrouter/openai/gpt-oss-20b,5/t0/turn2,5,respond_to_user,4,1.0,1.0,respond_to_user,1.0,1
llm:openrouter/openai/gpt-oss-20b,5/t1/turn0,5,respond_to_user,3,0.3333333333333333,0.3333333333333333,get_flight_status,0.6666666666666666,2
llm:openrouter/openai/gpt-oss-20b,5/t1/turn1,5,get_user_details,5,0.8,0.8,get_user_details,0.8,2
llm:openrouter/openai/gpt-oss-20b,5/t1/turn10,5,transfer_to_human_agents,3,0.0,0.0,respond_to_user,1.0,1
llm:openrouter/openai/gpt-oss-20b,5/t1/turn11,5,respond_to_user,4,1.0,1.0,respond_to_user,1.0,1
llm:openrouter/openai/gpt-oss-20b,5/t1/turn2,5,get_reservation_details,4,0.25,0.25,respond_to_user,0.5,3
llm:openrouter/openai/gpt-oss-20b,5/t1/turn3,5,get_reservation_details,3,0.3333333333333333,0.3333333333333333,respond_to_user,0.6666666666666666,2
llm:openrouter/openai/gpt-oss-20b,5/t1/turn4,5,get_reservation_details,4,0.25,0.25,respond_to_user,0.75,2
llm:openrouter/openai/gpt-oss-20b,5/t1/turn5,5,get_flight_status,4,0.5,0.5,get_flight_status,0.5,2
llm:openrouter/openai/gpt-oss-20b,5/t1/turn6,5,respond_to_user,5,1.0,1.0,respond_to_user,1.0,1
llm:openrouter/openai/gpt-oss-20b,5/t1/turn7,5,respond_to_user,5,1.0,1.0,respond_to_user,1.0,1
llm:openrouter/openai/gpt-oss-20b,5/t1/turn8,5,get_user_details,4,0.0,0.0,respond_to_user,1.0,1
llm:openrouter/openai/gpt-oss-20b,5/t1/turn9,5,respond_to_user,5,1.0,1.0,respond_to_user,1.0,1
llm:openrouter/openai/gpt-oss-20b,5/t2/turn0,5,respond_to_user,4,1.0,1.0,respond_to_user,1.0,1
llm:openrouter/openai/gpt-oss-20b,5/t2/turn1,5,respond_to_user,4,1.0,1.0,respond_to_user,1.0,1
llm:openrouter/openai/gpt-oss-20b,5/t2/turn2,5,respond_to_user,5,1.0,1.0,respond_to_user,1.0,1
llm:openrouter/openai/gpt-oss-20b,5/t2/turn3,5,respond_to_user,4,1.0,1.0,respond_to_user,1.0,1
llm:openrouter/openai/gpt-oss-20b,6/t0/turn0,6,respond_to_user,4,1.0,1.0,respond_to_user,1.0,1
llm:openrouter/openai/gpt-oss-20b,6/t0/turn1,6,get_reservation_details,3,1.0,1.0,get_reservation_details,1.0,1
llm:openrouter/openai/gpt-oss-20b,6/t0/turn2,6,respond_to_user,4,1.0,1.0,respond_to_user,1.0,1
llm:openrouter/openai/gpt-oss-20b,6/t0/turn3,6,respond_to_user,3,0.6666666666666666,0.6666666666666666,respond_to_user,0.6666666666666666,2
llm:openrouter/openai/gpt-oss-20b,6/t0/turn4,6,transfer_to_human_agents,2,0.5,0.5,transfer_to_human_agents,0.5,2
llm:openrouter/openai/gpt-oss-20b,6/t0/turn5,6,respond_to_user,5,1.0,1.0,respond_to_user,1.0,1
llm:openrouter/openai/gpt-oss-20b,6/t1/turn0,6,respond_to_user,5,1.0,1.0,respond_to_user,1.0,1
llm:openrouter/openai/gpt-oss-20b,6/t1/turn1,6,get_reservation_details,4,1.0,1.0,get_reservation_details,1.0,1
llm:openrouter/openai/gpt-oss-20b,6/t1/turn2,6,respond_to_user,5,1.0,1.0,respond_to_user,1.0,1
llm:openrouter/openai/gpt-oss-20b,6/t1/turn3,6,respond_to_user,4,0.75,0.75,respond_to_user,0.75,2
llm:openrouter/openai/gpt-oss-20b,6/t1/turn4,6,get_flight_status,5,0.0,0.0,respond_to_user,0.4,3
llm:openrouter/openai/gpt-oss-20b,6/t1/turn5,6,get_flight_status,5,0.2,0.2,respond_to_user,0.6,3
llm:openrouter/openai/gpt-oss-20b,6/t1/turn6,6,respond_to_user,2,0.0,0.0,search_direct_flight,1.0,1
llm:openrouter/openai/gpt-oss-20b,6/t1/turn7,6,respond_to_user,4,1.0,1.0,respond_to_user,1.0,1
llm:openrouter/openai/gpt-oss-20b,6/t1/turn8,6,respond_to_user,2,1.0,1.0,respond_to_user,1.0,1
llm:openrouter/openai/gpt-oss-20b,6/t2/turn0,6,respond_to_user,5,1.0,1.0,respond_to_user,1.0,1
llm:openrouter/openai/gpt-oss-20b,6/t2/turn1,6,get_reservation_details,4,1.0,1.0,get_reservation_details,1.0,1
llm:openrouter/openai/gpt-oss-20b,6/t2/turn2,6,respond_to_user,2,1.0,1.0,respond_to_user,1.0,1
llm:openrouter/openai/gpt-oss-20b,6/t2/turn3,6,respond_to_user,3,1.0,1.0,respond_to_user,1.0,1
llm:openrouter/openai/gpt-oss-20b,6/t2/turn4,6,respond_to_user,4,0.0,0.0,transfer_to_human_agents,1.0,1
llm:openrouter/openai/gpt-oss-20b,6/t2/turn5,6,get_flight_status,3,0.0,0.0,transfer_to_human_agents,0.6666666666666666,2
llm:openrouter/openai/gpt-oss-20b,6/t2/turn6,6,get_flight_status,4,0.0,0.0,respond_to_user,0.5,2
llm:openrouter/openai/gpt-oss-20b,6/t2/turn7,6,respond_to_user,5,0.4,0.4,transfer_to_human_agents,0.6,2
llm:openrouter/openai/gpt-oss-20b,6/t2/turn8,6,respond_to_user,3,1.0,1.0,respond_to_user,1.0,1
llm:openrouter/openai/gpt-oss-20b,8/t1/turn0,8,respond_to_user,5,1.0,1.0,respond_to_user,1.0,1
llm:openrouter/openai/gpt-oss-20b,8/t1/turn1,8,get_user_details,4,0.75,1.0,get_user_details,0.75,2
llm:openrouter/openai/gpt-oss-20b,8/t1/turn10,8,respond_to_user,3,0.6666666666666666,0.6666666666666666,respond_to_user,0.6666666666666666,2
llm:openrouter/openai/gpt-oss-20b,8/t1/turn11,8,book_reservation,5,1.0,1.0,book_reservation,1.0,1
llm:openrouter/openai/gpt-oss-20b,8/t1/turn12,8,respond_to_user,4,1.0,1.0,respond_to_user,1.0,1
llm:openrouter/openai/gpt-oss-20b,8/t1/turn2,8,get_reservation_details,5,0.4,0.8,search_direct_flight,0.4,3
llm:openrouter/openai/gpt-oss-20b,8/t1/turn3,8,get_reservation_details,3,0.3333333333333333,0.6666666666666666,search_direct_flight,0.3333333333333333,3
llm:openrouter/openai/gpt-oss-20b,8/t1/turn4,8,get_reservation_details,2,0.0,1.0,search_direct_flight,1.0,1
llm:openrouter/openai/gpt-oss-20b,8/t1/turn5,8,get_reservation_details,4,0.0,0.5,search_direct_flight,0.5,2
llm:openrouter/openai/gpt-oss-20b,8/t1/turn6,8,get_reservation_details,4,0.0,1.0,search_direct_flight,1.0,1
llm:openrouter/openai/gpt-oss-20b,8/t1/turn7,8,search_direct_flight,4,0.5,0.5,respond_to_user,0.5,2
llm:openrouter/openai/gpt-oss-20b,8/t1/turn8,8,respond_to_user,4,1.0,1.0,respond_to_user,1.0,1
llm:openrouter/openai/gpt-oss-20b,8/t1/turn9,8,respond_to_user,5,1.0,1.0,respond_to_user,1.0,1
llm:openrouter/openai/gpt-oss-20b,8/t2/turn0,8,respond_to_user,5,1.0,1.0,respond_to_user,1.0,1
llm:openrouter/openai/gpt-oss-20b,8/t2/turn1,8,get_user_details,4,0.25,0.5,respond_to_user,0.5,3
llm:openrouter/openai/gpt-oss-20b,8/t2/turn10,8,book_reservation,3,1.0,1.0,book_reservation,1.0,1
llm:openrouter/openai/gpt-oss-20b,8/t2/turn11,8,respond_to_user,4,1.0,1.0,respond_to_user,1.0,1
llm:openrouter/openai/gpt-oss-20b,8/t2/turn2,8,get_reservation_details,3,0.0,0.6666666666666666,search_direct_flight,0.6666666666666666,2
llm:openrouter/openai/gpt-oss-20b,8/t2/turn3,8,get_reservation_details,2,0.0,0.0,respond_to_user,1.0,1
llm:openrouter/openai/gpt-oss-20b,8/t2/turn4,8,get_reservation_details,2,0.0,0.5,search_direct_flight,0.5,2
llm:openrouter/openai/gpt-oss-20b,8/t2/turn5,8,get_reservation_details,4,0.0,0.75,search_direct_flight,0.75,2
llm:openrouter/openai/gpt-oss-20b,8/t2/turn6,8,get_reservation_details,3,0.0,1.0,search_direct_flight,1.0,1
llm:openrouter/openai/gpt-oss-20b,8/t2/turn7,8,search_direct_flight,4,0.25,0.25,respond_to_user,0.75,2
llm:openrouter/openai/gpt-oss-20b,8/t2/turn8,8,respond_to_user,3,1.0,1.0,respond_to_user,1.0,1
llm:openrouter/openai/gpt-oss-20b,8/t2/turn9,8,respond_to_user,2,1.0,1.0,respond_to_user,1.0,1
llm:openrouter/openai/gpt-oss-20b,9/t0/turn0,9,respond_to_user,3,1.0,1.0,respond_to_user,1.0,1
llm:openrouter/openai/gpt-oss-20b,9/t0/turn1,9,get_user_details,4,0.25,0.25,get_reservation_details,0.5,3
llm:openrouter/openai/gpt-oss-20b,9/t0/turn2,9,get_reservation_details,3,1.0,1.0,get_reservation_details,1.0,1
llm:openrouter/openai/gpt-oss-20b,9/t0/turn3,9,get_reservation_details,4,1.0,1.0,get_reservation_details,1.0,1
llm:openrouter/openai/gpt-oss-20b,9/t0/turn4,9,get_reservation_details,5,0.0,0.0,transfer_to_human_agents,0.8,2
llm:openrouter/openai/gpt-oss-20b,9/t0/turn5,9,search_direct_flight,4,0.25,0.25,respond_to_user,0.5,3
llm:openrouter/openai/gpt-oss-20b,9/t0/turn6,9,get_flight_status,3,0.0,0.0,transfer_to_human_agents,0.6666666666666666,2
llm:openrouter/openai/gpt-oss-20b,9/t0/turn7,9,transfer_to_human_agents,2,1.0,1.0,transfer_to_human_agents,1.0,1
llm:openrouter/openai/gpt-oss-20b,9/t0/turn8,9,respond_to_user,4,1.0,1.0,respond_to_user,1.0,1
llm:openrouter/openai/gpt-oss-20b,9/t1/turn0,9,respond_to_user,4,1.0,1.0,respond_to_user,1.0,1
llm:openrouter/openai/gpt-oss-20b,9/t1/turn1,9,get_user_details,2,0.0,0.0,respond_to_user,0.5,2
llm:openrouter/openai/gpt-oss-20b,9/t1/turn10,9,respond_to_user,4,1.0,1.0,respond_to_user,1.0,1
llm:openrouter/openai/gpt-oss-20b,9/t1/turn2,9,get_reservation_details,4,1.0,1.0,get_reservation_details,1.0,1
llm:openrouter/openai/gpt-oss-20b,9/t1/turn3,9,get_reservation_details,5,0.6,0.6,get_reservation_details,0.6,2
llm:openrouter/openai/gpt-oss-20b,9/t1/turn4,9,get_reservation_details,5,0.6,0.6,get_reservation_details,0.6,3
llm:openrouter/openai/gpt-oss-20b,9/t1/turn5,9,get_flight_status,4,0.0,0.0,transfer_to_human_agents,0.5,2
llm:openrouter/openai/gpt-oss-20b,9/t1/turn6,9,get_flight_status,2,0.0,0.0,respond_to_user,0.5,2
llm:openrouter/openai/gpt-oss-20b,9/t1/turn7,9,get_flight_status,4,0.25,0.5,respond_to_user,0.5,3
llm:openrouter/openai/gpt-oss-20b,9/t1/turn8,9,search_direct_flight,5,0.2,0.2,transfer_to_human_agents,0.8,2
llm:openrouter/openai/gpt-oss-20b,9/t1/turn9,9,transfer_to_human_agents,4,0.5,0.75,transfer_to_human_agents,0.5,3
llm:openrouter/openai/gpt-oss-20b,9/t2/turn0,9,respond_to_user,4,1.0,1.0,respond_to_user,1.0,1
llm:openrouter/openai/gpt-oss-20b,9/t2/turn1,9,get_user_details,3,0.0,0.0,get_reservation_details,0.6666666666666666,2
llm:openrouter/openai/gpt-oss-20b,9/t2/turn2,9,get_reservation_details,4,1.0,1.0,get_reservation_details,1.0,1
llm:openrouter/openai/gpt-oss-20b,9/t2/turn3,9,get_reservation_details,3,0.3333333333333333,0.3333333333333333,transfer_to_human_agents,0.6666666666666666,2
llm:openrouter/openai/gpt-oss-20b,9/t2/turn4,9,get_reservation_details,4,0.5,0.5,get_reservation_details,0.5,3
llm:openrouter/openai/gpt-oss-20b,9/t2/turn5,9,get_flight_status,4,0.0,0.0,respond_to_user,1.0,1
llm:openrouter/openai/gpt-oss-20b,9/t2/turn6,9,search_direct_flight,4,0.25,0.25,transfer_to_human_agents,0.5,3
llm:openrouter/openai/gpt-oss-20b,9/t2/turn7,9,transfer_to_human_agents,4,0.75,0.75,transfer_to_human_agents,0.75,2
llm:openrouter/openai/gpt-oss-20b,9/t2/turn8,9,respond_to_user,4,1.0,1.0,respond_to_user,1.0,1
